finalist,pca_refitted,conditional_on_fixed_projection,pair_type,pairs,mean_resamples_per_pair,coassignment_mean,coassignment_median,coassignment_p10,coassignment_p90
current_30d_42,True,False,within_reference,3162,12.727387729285262,0.7599090562588751,0.8333333333333334,0.38461538461538464,1.0
current_30d_42,True,False,between_reference,3162,12.723276407337128,0.145625846574246,0.15384615384615385,0.07142857142857142,0.23076923076923078
typical_30d_49,True,False,within_reference,3726,12.816425120772946,0.7610386495994325,0.8,0.4166666666666667,1.0
typical_30d_49,True,False,between_reference,3726,12.817498658078367,0.14921075410688814,0.15384615384615385,0.07142857142857142,0.23076923076923078
robust_20d_49,True,False,within_reference,3278,12.872788285539963,0.835969878774924,0.9090909090909091,0.5454545454545454,1.0
robust_20d_49,True,False,between_reference,3278,12.810250152532031,0.34092016570704586,0.35294117647058826,0.23076923076923078,0.45454545454545453
robust_20d_29,True,False,within_reference,2522,12.872720063441713,0.7902062774384793,0.875,0.4166666666666667,1.0
robust_20d_29,True,False,between_reference,2522,12.720856463124504,0.1487173945850441,0.15384615384615385,0.07142857142857142,0.23076923076923078
direct_2d_70,True,False,within_reference,4928,12.818181818181818,0.6335212726802627,0.6666666666666666,0.1875,1.0
direct_2d_70,True,False,between_reference,4928,12.783482142857142,0.10708056425157449,0.09090909090909091,0.0,0.16666666666666666
direct_2d_historical_params,True,False,within_reference,4240,12.872641509433961,0.6603498435028278,0.6923076923076923,0.26666666666666666,1.0
direct_2d_historical_params,True,False,between_reference,4240,12.866981132075471,0.19531854249194996,0.2,0.08333333333333333,0.3
historical_display_2d_104,False,True,within_reference,6208,12.762403350515465,0.944453747406176,1.0,0.8461538461538461,1.0
historical_display_2d_104,False,True,between_reference,5000,12.8156,0.0004924375624375624,0.0,0.0,0.0
