finalist,cluster,size,paper_consistency_mean,paper_consistency_median,paper_consistency_p10,paper_consistency_below_half_pct
current_30d_42,0,218,0.995371887287025,1.0,1.0,0.45871559633027525
current_30d_42,1,273,0.9555194952474917,1.0,0.8977777777777779,4.029304029304029
current_30d_42,2,406,0.8497239905527358,0.8823529411764706,0.7058823529411765,3.9408866995073892
current_30d_42,3,1843,0.7659502108750289,0.8235294117647058,0.5,8.627238198589257
current_30d_42,4,346,0.7382231807878071,0.8125,0.5,9.826589595375722
current_30d_42,5,2823,0.5425801110191769,0.5,0.35294117647058826,40.913921360255046
current_30d_42,6,285,0.6106468046434642,0.6875,0.28907563025210087,24.210526315789473
current_30d_42,7,2790,0.735506087602945,0.7647058823529411,0.5882352941176471,6.594982078853047
current_30d_42,8,549,0.7582811218831114,0.8125,0.5333333333333333,8.19672131147541
current_30d_42,9,380,0.6948146968836026,0.7222222222222222,0.5833333333333334,7.105263157894736
current_30d_42,10,1166,0.7013783325673953,0.8,0.35294117647058826,19.554030874785592
current_30d_42,11,210,0.46991972957751377,0.513157894736842,0.21390977443609022,36.19047619047619
current_30d_42,12,323,0.3120895347340055,0.3333333333333333,0.16862745098039217,99.38080495356037
current_30d_42,13,626,0.7715634837430676,0.8235294117647058,0.5333333333333333,7.827476038338658
current_30d_42,14,645,0.7544286120969107,0.8125,0.5294117647058824,8.217054263565892
current_30d_42,15,207,0.5320930803515942,0.5333333333333333,0.4238095238095238,18.357487922705314
current_30d_42,16,414,0.75905813419807,0.8,0.6111111111111112,2.1739130434782608
current_30d_42,17,1224,0.694960775431375,0.75,0.4375,12.826797385620914
current_30d_42,18,1060,0.6868493626354044,0.7333333333333333,0.5,9.90566037735849
current_30d_42,19,262,0.6884694655301501,0.7272727272727273,0.5298039215686274,9.16030534351145
current_30d_42,20,217,0.32016054798330695,0.3333333333333333,0.14945054945054947,96.31336405529954
current_30d_42,21,477,0.6830521552329193,0.7857142857142857,0.35294117647058826,20.545073375262053
current_30d_42,22,558,0.47459343642721924,0.5,0.17647058823529413,46.95340501792115
current_30d_42,23,1244,0.5363147234071945,0.6,0.25,33.842443729903536
current_30d_42,24,1860,0.6980400360645417,0.8,0.3333333333333333,17.419354838709676
current_30d_42,25,226,0.7474156094429938,0.7857142857142857,0.5941176470588235,5.3097345132743365
current_30d_42,26,9877,0.43112362124256015,0.4117647058823529,0.2222222222222222,59.20826161790017
current_30d_42,27,4187,0.6164016899649675,0.6666666666666666,0.2857142857142857,29.13780749940291
current_30d_42,28,665,0.711515522221777,0.7857142857142857,0.46358974358974364,12.180451127819548
current_30d_42,29,547,0.6430369479856267,0.6666666666666666,0.3517647058823529,16.819012797074954
current_30d_42,30,246,0.5621310748222135,0.6132478632478633,0.27222222222222225,21.138211382113823
current_30d_42,31,252,0.5868395785739697,0.6666666666666666,0.2785714285714286,21.825396825396826
current_30d_42,32,327,0.7769338584765914,0.8235294117647058,0.5625,7.339449541284404
current_30d_42,33,1273,0.7707465948995185,0.8235294117647058,0.5294117647058824,8.64100549882168
current_30d_42,34,474,0.5568644568046928,0.6568627450980392,0.1461538461538462,35.654008438818565
current_30d_42,35,336,0.4465661543596501,0.5,0.18198529411764708,47.023809523809526
current_30d_42,36,2992,0.6881159552182952,0.7647058823529411,0.375,17.212566844919785
current_30d_42,37,300,0.6502984596386299,0.75,0.1875,21.0
current_30d_42,38,1766,0.7916824123256073,0.8235294117647058,0.631578947368421,4.586636466591167
current_30d_42,39,2306,0.6305225906739256,0.7222222222222222,0.25,24.414570685169124
current_30d_42,40,1490,0.7386951033189112,0.7692307692307693,0.5882352941176471,5.503355704697987
current_30d_42,41,449,0.6157771897233342,0.6470588235294118,0.42857142857142855,13.808463251670378
typical_30d_49,0,217,0.9993828176431864,1.0,1.0,0.0
typical_30d_49,1,274,0.9557629358568887,1.0,0.9022222222222223,4.014598540145985
typical_30d_49,2,401,0.8606163751737318,0.8823529411764706,0.7333333333333333,1.99501246882793
typical_30d_49,3,348,0.7371771231414794,0.8125,0.4900000000000001,10.057471264367816
typical_30d_49,4,2864,0.536506757342041,0.5,0.3333333333333333,41.79469273743017
typical_30d_49,5,1816,0.775621950087123,0.8235294117647058,0.5333333333333333,7.213656387665199
typical_30d_49,6,268,0.632279492609855,0.6923076923076923,0.3558823529411765,19.402985074626866
typical_30d_49,7,1288,0.6727474791417316,0.7222222222222222,0.3730263157894738,16.53726708074534
typical_30d_49,8,417,0.7555364966158004,0.8,0.6,3.357314148681055
typical_30d_49,9,2741,0.7421549142097845,0.7647058823529411,0.6111111111111112,5.253557095950383
typical_30d_49,10,397,0.684767845591184,0.7222222222222222,0.5,9.571788413098236
typical_30d_49,11,634,0.7419162554832438,0.8,0.5333333333333333,6.782334384858044
typical_30d_49,12,214,0.4666037330145718,0.5,0.2247863247863248,37.38317757009346
typical_30d_49,13,680,0.7248403492602523,0.8181818181818182,0.35672268907563026,14.558823529411766
typical_30d_49,14,1050,0.6343348910618924,0.6428571428571429,0.375,26.285714285714285
typical_30d_49,15,1132,0.7144344276312955,0.8,0.375,17.579505300353357
typical_30d_49,16,269,0.28869214493847634,0.3125,0.1111111111111111,97.02602230483272
typical_30d_49,17,205,0.5301575438204224,0.5333333333333333,0.42142857142857143,18.536585365853657
typical_30d_49,18,531,0.6514263424386127,0.75,0.29411764705882354,23.540489642184557
typical_30d_49,19,263,0.6865569543158448,0.7272727272727273,0.5294117647058824,9.125475285171103
typical_30d_49,20,1017,0.7051253330525822,0.7333333333333333,0.5454545454545454,6.784660766961652
typical_30d_49,21,576,0.6258293072256405,0.6470588235294118,0.3125,20.13888888888889
typical_30d_49,22,4035,0.7830458320846987,0.8333333333333334,0.47058823529411764,10.830235439900868
typical_30d_49,23,680,0.700956005708157,0.7777777777777778,0.4161764705882353,14.117647058823529
typical_30d_49,24,514,0.4971828081886538,0.5,0.23212669683257922,44.16342412451362
typical_30d_49,25,1568,0.7514305802202623,0.8125,0.5333333333333333,7.525510204081633
typical_30d_49,26,1313,0.5069515214248814,0.5789473684210527,0.17647058823529413,38.99466869763899
typical_30d_49,27,201,0.44114011374766426,0.4444444444444444,0.35294117647058826,69.65174129353234
typical_30d_49,28,210,0.08552246877158419,0.10526315789473684,0.0,100.0
typical_30d_49,29,229,0.5810699982896705,0.625,0.35294117647058826,17.03056768558952
typical_30d_49,30,221,0.7486785712835683,0.7857142857142857,0.6111111111111112,4.97737556561086
typical_30d_49,31,227,0.6247984991879988,0.6666666666666666,0.43392857142857144,14.537444933920703
typical_30d_49,32,484,0.5507660195358491,0.6470588235294118,0.14285714285714285,36.36363636363637
typical_30d_49,33,1196,0.7931388431289416,0.8235294117647058,0.631578947368421,5.351170568561873
typical_30d_49,34,295,0.8096882588938001,0.8235294117647058,0.7333333333333333,2.711864406779661
typical_30d_49,35,821,0.5157201508901561,0.5,0.3157894736842105,47.62484774665043
typical_30d_49,36,281,0.48795776505457217,0.5333333333333333,0.25,39.14590747330961
typical_30d_49,37,2717,0.7118810946670109,0.7777777777777778,0.4375,13.139492086860507
typical_30d_49,38,316,0.6443453533578498,0.75,0.2649122807017544,24.050632911392405
typical_30d_49,39,800,0.6365168995467467,0.6923076923076923,0.35672268907563026,14.875
typical_30d_49,40,751,0.4828623159282383,0.5263157894736842,0.25,40.3462050599201
typical_30d_49,41,211,0.4318959058579838,0.4444444444444444,0.3333333333333333,75.35545023696683
typical_30d_49,42,1840,0.7154343493296835,0.75,0.5333333333333333,7.119565217391305
typical_30d_49,43,2185,0.7280776209021138,0.8125,0.4117647058823529,14.508009153318078
typical_30d_49,44,2337,0.6135244467077172,0.6666666666666666,0.3263157894736846,23.534445870774498
typical_30d_49,45,408,0.3758450759324348,0.4330357142857143,0.14285714285714285,64.2156862745098
typical_30d_49,46,1779,0.7682687985581913,0.7777777777777778,0.6666666666666666,1.6301292861157952
typical_30d_49,47,490,0.5960864129113799,0.6470588235294118,0.35294117647058826,18.571428571428573
typical_30d_49,48,1802,0.7360963564312826,0.8125,0.4666666666666667,11.154273029966703
robust_20d_49,0,218,0.998053349780279,1.0,1.0,0.0
robust_20d_49,1,272,0.9577060848849345,1.0,0.93375,3.6764705882352944
robust_20d_49,2,400,0.6615882547105458,0.6875,0.5,9.25
robust_20d_49,3,1168,0.4562662621926824,0.5,0.2,42.12328767123288
robust_20d_49,4,314,0.5966815554148678,0.625,0.46153846153846156,14.64968152866242
robust_20d_49,5,1779,0.5970424951857584,0.625,0.4375,13.490725126475548
robust_20d_49,6,1593,0.45716985514792385,0.4375,0.25,54.300062774639045
robust_20d_49,7,813,0.2927854109972568,0.3125,0.13333333333333333,99.3849938499385
robust_20d_49,8,173,0.45951135853693165,0.5,0.3192982456140351,47.97687861271676
robust_20d_49,9,173,0.42385034506426267,0.4444444444444444,0.29411764705882354,78.03468208092485
robust_20d_49,10,2908,0.4924430720590881,0.5384615384615384,0.26666666666666666,45.11691884456671
robust_20d_49,11,185,0.49619049130659026,0.5263157894736842,0.3333333333333333,32.432432432432435
robust_20d_49,12,909,0.6035363247253631,0.6153846153846154,0.5,7.700770077007702
robust_20d_49,13,599,0.5666695468380551,0.6111111111111112,0.3125,23.03839732888147
robust_20d_49,14,334,0.4357909376613841,0.5,0.12750000000000003,49.700598802395206
robust_20d_49,15,415,0.6086674904540174,0.6153846153846154,0.5105263157894738,6.746987951807229
robust_20d_49,16,1127,0.5568366891574893,0.6111111111111112,0.2825396825396826,21.650399290150844
robust_20d_49,17,1255,0.5224734149750493,0.5333333333333333,0.3333333333333333,33.067729083665334
robust_20d_49,18,193,0.5936266889552554,0.625,0.4166666666666667,16.06217616580311
robust_20d_49,19,474,0.5140155324341358,0.5882352941176471,0.23529411764705882,34.38818565400844
robust_20d_49,20,10140,0.6523867024126359,0.6428571428571429,0.5294117647058824,4.940828402366864
robust_20d_49,21,337,0.5643430112186716,0.6,0.375,19.584569732937684
robust_20d_49,22,3960,0.5277851344639974,0.5833333333333334,0.2857142857142857,32.398989898989896
robust_20d_49,23,534,0.6068720816561896,0.631578947368421,0.47058823529411764,11.04868913857678
robust_20d_49,24,205,0.5672147390604311,0.5882352941176471,0.44431818181818183,12.682926829268293
robust_20d_49,25,170,0.00034602076124567473,0.0,0.0,100.0
robust_20d_49,26,198,0.40952701077419623,0.424812030075188,0.2915966386554622,80.3030303030303
robust_20d_49,27,202,0.5074812697860471,0.5333333333333333,0.37596153846153846,36.13861386138614
robust_20d_49,28,511,0.5654051058814983,0.6111111111111112,0.35294117647058826,24.070450097847356
robust_20d_49,29,400,0.5701245090371445,0.6111111111111112,0.35294117647058826,18.25
robust_20d_49,30,215,0.542470759095066,0.5714285714285714,0.39333333333333337,20.46511627906977
robust_20d_49,31,171,0.30877750007753807,0.3333333333333333,0.16666666666666666,97.07602339181285
robust_20d_49,32,314,0.5965972540006034,0.631578947368421,0.41948529411764707,13.05732484076433
robust_20d_49,33,262,0.5557169322994837,0.5882352941176471,0.42857142857142855,16.030534351145036
robust_20d_49,34,215,0.5368635662303313,0.6111111111111112,0.232579185520362,27.906976744186046
robust_20d_49,35,1165,0.6114381861629367,0.6428571428571429,0.4666666666666667,10.72961373390558
robust_20d_49,36,204,0.4962826840131748,0.5333333333333333,0.2981900452488688,40.68627450980392
robust_20d_49,37,209,0.5484177259291322,0.6,0.2343891402714932,27.27272727272727
robust_20d_49,38,506,0.33071628084752325,0.3333333333333333,0.06666666666666667,75.49407114624506
robust_20d_49,39,250,0.38968275022191434,0.4375,0.16666666666666666,68.0
robust_20d_49,40,2641,0.592376117633886,0.625,0.4375,13.63120030291556
robust_20d_49,41,164,0.29679735757333353,0.3125,0.16666666666666666,100.0
robust_20d_49,42,455,0.4901175772065099,0.5333333333333333,0.25,37.582417582417584
robust_20d_49,43,1757,0.5232957220346451,0.5555555555555556,0.3333333333333333,31.587933978372224
robust_20d_49,44,1834,0.5783182995641343,0.625,0.4,15.485278080697928
robust_20d_49,45,1404,0.6019874359350028,0.625,0.4666666666666667,11.03988603988604
robust_20d_49,46,689,0.4522432523246397,0.47058823529411764,0.3125,57.9100145137881
robust_20d_49,47,269,0.19578744398495915,0.2,0.07692307692307693,100.0
robust_20d_49,48,1145,0.5418713769184925,0.5625,0.4,22.358078602620086
robust_20d_29,0,400,0.9512599643433621,1.0,0.7483333333333334,1.5
robust_20d_29,1,1168,0.5251088295325222,0.5714285714285714,0.29411764705882354,22.26027397260274
robust_20d_29,2,314,0.6247703466042436,0.6428571428571429,0.5625,4.777070063694268
robust_20d_29,3,1779,0.8160084336464213,0.875,0.5625,7.307476110174255
robust_20d_29,4,1593,0.7660064091010288,0.8125,0.5714285714285714,6.151914626490897
robust_20d_29,5,813,0.5394848808662742,0.6,0.26666666666666666,28.53628536285363
robust_20d_29,6,2908,0.6818200491169476,0.75,0.4375,13.376891334250343
robust_20d_29,7,909,0.8248371852867403,0.8333333333333334,0.7647058823529411,1.87018701870187
robust_20d_29,8,599,0.6029644780990547,0.6666666666666666,0.292436974789916,21.869782971619365
robust_20d_29,9,334,0.31638106175899783,0.3333333333333333,0.15384615384615385,96.7065868263473
robust_20d_29,10,415,0.8137101316027235,0.8333333333333334,0.7058823529411765,1.2048192771084338
robust_20d_29,11,1127,0.7202796753638601,0.8125,0.35714285714285715,15.084294587400176
robust_20d_29,12,1255,0.7600148414403468,0.8125,0.5,8.685258964143426
robust_20d_29,13,474,0.6773740619632574,0.7947368421052632,0.3383333333333334,21.09704641350211
robust_20d_29,14,10140,0.6342117706358047,0.5882352941176471,0.4666666666666667,12.47534516765286
robust_20d_29,15,337,0.6655161130558692,0.7142857142857143,0.430921052631579,13.94658753709199
robust_20d_29,16,3960,0.7051628832688266,0.8,0.38461538461538464,18.333333333333332
robust_20d_29,17,6019,0.5988050478656207,0.5882352941176471,0.42857142857142855,18.524671872404053
robust_20d_29,18,534,0.7993611964108885,0.8333333333333334,0.6470588235294118,4.49438202247191
robust_20d_29,19,464,0.6058375243759272,0.6428571428571429,0.3888888888888889,15.948275862068966
robust_20d_29,20,511,0.7827763131409538,0.8125,0.625,2.5440313111545985
robust_20d_29,21,400,0.4059777158363652,0.4330357142857143,0.2777777777777778,82.25
robust_20d_29,22,4129,0.6439443530775737,0.75,0.2,23.443933155727777
robust_20d_29,23,1603,0.7803497807729425,0.8235294117647058,0.5714285714285714,6.986899563318777
robust_20d_29,24,314,0.4766518085818879,0.5,0.375,46.496815286624205
robust_20d_29,25,455,0.5085950392821927,0.5555555555555556,0.2777777777777778,34.505494505494504
robust_20d_29,26,1757,0.523608567465735,0.5625,0.3333333333333333,27.490039840637447
robust_20d_29,27,1834,0.7877538706216822,0.8235294117647058,0.6,7.470010905125409
robust_20d_29,28,1871,0.7322107400099169,0.7647058823529411,0.5555555555555556,6.948156066274719
direct_2d_70,0,267,0.9664632091141814,1.0,0.9358333333333333,2.6217228464419478
direct_2d_70,1,232,0.981005002575743,1.0,1.0,0.8620689655172413
direct_2d_70,2,225,0.14171450393431817,0.14285714285714285,0.0,100.0
direct_2d_70,3,488,0.4927368545570723,0.4409722222222222,0.0,52.254098360655746
direct_2d_70,4,436,0.775186497682468,0.875,0.2777777777777778,16.055045871559635
direct_2d_70,5,206,0.38264749874600634,0.4117647058823529,0.2222222222222222,83.98058252427184
direct_2d_70,6,772,0.33868036019382886,0.256578947368421,0.06666666666666667,70.46632124352331
direct_2d_70,7,258,0.7128928946257408,0.7777777777777778,0.46941176470588236,10.465116279069768
direct_2d_70,8,737,0.5242781852924217,0.5555555555555556,0.05555555555555555,39.348710990502035
direct_2d_70,9,1872,0.7039771759484911,0.8125,0.23076923076923078,19.17735042735043
direct_2d_70,10,541,0.8205466576795473,0.8823529411764706,0.5263157894736842,9.057301293900185
direct_2d_70,11,247,0.07281760475283997,0.0625,0.0,100.0
direct_2d_70,12,202,0.43880723111691294,0.4666666666666667,0.29547511312217195,63.366336633663366
direct_2d_70,13,290,0.3136366872336233,0.3333333333333333,0.21428571428571427,99.6551724137931
direct_2d_70,14,607,0.8062622485366555,0.875,0.5625,5.766062602965404
direct_2d_70,15,954,0.7767813757176211,0.8461538461538461,0.5484848484848486,6.079664570230608
direct_2d_70,16,288,0.3710769470992639,0.4117647058823529,0.11568627450980394,78.81944444444444
direct_2d_70,17,610,0.5980257548594858,0.6666666666666666,0.21428571428571427,18.852459016393443
direct_2d_70,18,328,0.4260294574166762,0.5,0.125,47.86585365853659
direct_2d_70,19,235,0.38555298155357437,0.4117647058823529,0.1875,80.85106382978722
direct_2d_70,20,526,0.4247101539099532,0.4375,0.15037593984962405,56.84410646387833
direct_2d_70,21,369,0.6920692822307513,0.7647058823529411,0.2841269841269842,17.88617886178862
direct_2d_70,22,261,0.11139942014999842,0.11764705882352941,0.0,100.0
direct_2d_70,23,267,0.5928367345476088,0.6470588235294118,0.2907563025210084,19.475655430711612
direct_2d_70,24,340,0.726877962887797,0.8666666666666667,0.1419047619047619,19.11764705882353
direct_2d_70,25,947,0.426739606773754,0.4117647058823529,0.2,61.98521647307286
direct_2d_70,26,642,0.15615003852956313,0.16666666666666666,0.058823529411764705,100.0
direct_2d_70,27,870,0.46938626999372174,0.5,0.3125,47.01149425287356
direct_2d_70,28,855,0.6894592399374867,0.7058823529411765,0.5625,5.029239766081871
direct_2d_70,29,485,0.4567588229225266,0.5,0.06666666666666667,48.865979381443296
direct_2d_70,30,1398,0.7430461290981294,0.8666666666666667,0.3125,16.88125894134478
direct_2d_70,31,316,0.5563390667329953,0.6055555555555556,0.11764705882352941,35.44303797468354
direct_2d_70,32,233,0.6158435366998463,0.7058823529411765,0.2777777777777778,21.030042918454935
direct_2d_70,33,452,0.7377929341443753,0.8333333333333334,0.35448916408668735,14.380530973451327
direct_2d_70,34,349,0.0187880373387173,0.0,0.0,100.0
direct_2d_70,35,212,0.20625976099809998,0.23529411764705882,0.005000000000000071,100.0
direct_2d_70,36,247,0.163638781802881,0.14285714285714285,0.0,99.59514170040485
direct_2d_70,37,2098,0.7994369147013971,0.8333333333333334,0.6470588235294118,4.146806482364156
direct_2d_70,38,280,0.3269657345056781,0.3888888888888889,0.0,73.92857142857143
direct_2d_70,39,414,0.5165861688419682,0.6111111111111112,0.11985294117647062,38.405797101449274
direct_2d_70,40,424,0.16555328398300753,0.1875,0.0,100.0
direct_2d_70,41,262,0.23339185854060127,0.2631578947368421,0.06666666666666667,100.0
direct_2d_70,42,3075,0.5667959811268352,0.625,0.125,38.3089430894309
direct_2d_70,43,1141,0.3087223915339631,0.2857142857142857,0.058823529411764705,77.38825591586328
direct_2d_70,44,375,0.6168749181445776,0.7058823529411765,0.28095238095238095,26.666666666666668
direct_2d_70,45,246,0.34854228342533494,0.375,0.2,93.90243902439023
direct_2d_70,46,373,0.26019112226936825,0.2857142857142857,0.056209150326797394,97.58713136729223
direct_2d_70,47,238,0.35758537014797265,0.38675213675213677,0.13083333333333336,81.9327731092437
direct_2d_70,48,819,0.46508038092400583,0.5,0.0,48.10744810744811
direct_2d_70,49,3362,0.844960642365012,0.9375,0.5294117647058824,7.703747769185008
direct_2d_70,50,742,0.7623798117925884,0.8333333333333334,0.4666666666666667,10.91644204851752
direct_2d_70,51,583,0.5090776213533225,0.5333333333333333,0.06333333333333334,44.59691252144082
direct_2d_70,52,252,0.37293657368753197,0.4117647058823529,0.16666666666666666,72.22222222222221
direct_2d_70,53,675,0.5019106019921293,0.5294117647058824,0.13333333333333333,45.925925925925924
direct_2d_70,54,271,0.20798062665415548,0.21428571428571427,0.058823529411764705,100.0
direct_2d_70,55,204,0.060982590204840245,0.058823529411764705,0.0,100.0
direct_2d_70,56,1027,0.6613520438730104,0.7058823529411765,0.4444444444444444,13.729308666017525
direct_2d_70,57,1054,0.6152819029699306,0.6666666666666666,0.23970588235294135,35.673624288425046
direct_2d_70,58,778,0.4615467561955043,0.5,0.2073684210526316,44.8586118251928
direct_2d_70,59,215,0.09220079576026727,0.08333333333333333,0.0,100.0
direct_2d_70,60,225,0.32611847793684745,0.35294117647058826,0.12833333333333335,88.0
direct_2d_70,61,332,0.568991387123824,0.625,0.25,28.614457831325304
direct_2d_70,62,3306,0.7482750913197527,0.8125,0.47058823529411764,10.3145795523291
direct_2d_70,63,286,0.10835723840605957,0.11764705882352941,0.0,100.0
direct_2d_70,64,379,0.2514113422876095,0.23529411764705882,0.0,82.32189973614776
direct_2d_70,65,2569,0.6755876484123011,0.75,0.3333333333333333,22.73258077072791
direct_2d_70,66,208,0.17420397450631583,0.1875,0.058823529411764705,100.0
direct_2d_70,67,1303,0.7909518036057707,0.8461538461538461,0.5625,5.986185725249425
direct_2d_70,68,429,0.1620366729564807,0.16666666666666666,0.0625,100.0
direct_2d_70,69,1233,0.46432820875630076,0.5,0.29411764705882354,47.688564476885645
direct_2d_historical_params,0,235,0.9751009198005443,1.0,1.0,1.276595744680851
direct_2d_historical_params,1,293,0.6826080151100755,0.8125,0.1111111111111111,21.843003412969285
direct_2d_historical_params,2,265,0.9700457492089595,1.0,0.9389705882352941,2.2641509433962264
direct_2d_historical_params,3,208,0.1805789678447231,0.20526315789473684,0.0,100.0
direct_2d_historical_params,4,411,0.803486246523692,0.8823529411764706,0.4666666666666667,11.19221411192214
direct_2d_historical_params,5,311,0.6917046464663261,0.7647058823529411,0.42857142857142855,11.89710610932476
direct_2d_historical_params,6,554,0.718170563875527,0.7777777777777778,0.45664335664335665,11.010830324909747
direct_2d_historical_params,7,161,0.380908971446777,0.4,0.2857142857142857,93.16770186335404
direct_2d_historical_params,8,161,0.3862350056492702,0.4117647058823529,0.23076923076923078,83.85093167701864
direct_2d_historical_params,9,235,0.8729425704428999,0.8823529411764706,0.8505494505494505,2.127659574468085
direct_2d_historical_params,10,197,0.4113119288177436,0.4444444444444444,0.18308823529411766,59.89847715736041
direct_2d_historical_params,11,194,0.5268687652624489,0.5833333333333334,0.2981900452488688,32.47422680412371
direct_2d_historical_params,12,799,0.4566960015138273,0.47368421052631576,0.07142857142857142,50.06257822277848
direct_2d_historical_params,13,562,0.6690825510227415,0.7058823529411765,0.5,9.786476868327403
direct_2d_historical_params,14,968,0.6433487665313603,0.7182539682539683,0.3333333333333333,19.731404958677686
direct_2d_historical_params,15,245,0.45506981324524126,0.47368421052631576,0.2857142857142857,50.204081632653065
direct_2d_historical_params,16,1251,0.5349029524254669,0.5,0.2631578947368421,46.12310151878497
direct_2d_historical_params,17,1092,0.5632510145820075,0.6470588235294118,0.21052631578947367,35.53113553113553
direct_2d_historical_params,18,416,0.5139218788801465,0.5882352941176471,0.17647058823529413,41.105769230769226
direct_2d_historical_params,19,1688,0.7107066285375796,0.7647058823529411,0.4666666666666667,10.959715639810426
direct_2d_historical_params,20,2858,0.6385927886100937,0.6666666666666666,0.42105263157894735,16.23512946116165
direct_2d_historical_params,21,186,0.14194348970639792,0.1213235294117647,0.0,100.0
direct_2d_historical_params,22,213,0.557222747810547,0.6111111111111112,0.2770053475935829,18.779342723004692
direct_2d_historical_params,23,225,0.40273981822175836,0.5294117647058824,0.058823529411764705,46.22222222222222
direct_2d_historical_params,24,272,0.2847543385615629,0.07417582417582418,0.0,64.33823529411765
direct_2d_historical_params,25,456,0.1850488750623181,0.17647058823529413,0.0,99.3421052631579
direct_2d_historical_params,26,2031,0.7151971149357063,0.7333333333333333,0.625,4.677498769079271
direct_2d_historical_params,27,222,0.6077161127857723,0.6875,0.2694117647058824,19.81981981981982
direct_2d_historical_params,28,233,0.09630901734819539,0.07142857142857142,0.0,100.0
direct_2d_historical_params,29,325,0.729123928821833,0.7647058823529411,0.5882352941176471,4.615384615384616
direct_2d_historical_params,30,593,0.43272585683099996,0.47058823529411764,0.0,50.92748735244519
direct_2d_historical_params,31,1289,0.5196933308746292,0.5714285714285714,0.25,29.325058184639257
direct_2d_historical_params,32,271,0.5354298873358828,0.6,0.23529411764705882,27.30627306273063
direct_2d_historical_params,33,714,0.4293358807339477,0.4117647058823529,0.1111111111111111,58.82352941176471
direct_2d_historical_params,34,368,0.1765264268899726,0.15587044534412955,0.0,99.45652173913044
direct_2d_historical_params,35,242,0.5124994381192728,0.5625,0.25,26.446280991735538
direct_2d_historical_params,36,250,0.552383239464354,0.637218045112782,0.1854166666666667,33.2
direct_2d_historical_params,37,1216,0.7140980004584282,0.7692307692307693,0.47058823529411764,10.279605263157894
direct_2d_historical_params,38,315,0.4726457705589357,0.5,0.1111111111111111,49.523809523809526
direct_2d_historical_params,39,3296,0.48846015785329366,0.5,0.17647058823529413,48.93810679611651
direct_2d_historical_params,40,253,0.5931743963847881,0.6470588235294118,0.29411764705882354,20.55335968379447
direct_2d_historical_params,41,328,0.654541912883466,0.7222222222222222,0.35294117647058826,15.548780487804878
direct_2d_historical_params,42,301,0.22954450446029087,0.23076923076923078,0.05555555555555555,97.67441860465115
direct_2d_historical_params,43,3881,0.8366068386642741,0.9166666666666666,0.5454545454545454,7.575367173408916
direct_2d_historical_params,44,197,0.4691631047974654,0.5625,0.13,39.08629441624365
direct_2d_historical_params,45,475,0.4923680311052806,0.5882352941176471,0.07142857142857142,44.42105263157895
direct_2d_historical_params,46,3170,0.6233011287324534,0.6923076923076923,0.25,21.92429022082019
direct_2d_historical_params,47,466,0.19077236047266208,0.14285714285714285,0.0,93.77682403433477
direct_2d_historical_params,48,493,0.3304588471906937,0.3333333333333333,0.11764705882352941,80.93306288032454
direct_2d_historical_params,49,412,0.24555666284997643,0.2649122807017544,0.0625,99.02912621359224
direct_2d_historical_params,50,297,0.2599527995230375,0.2777777777777778,0.1111111111111111,99.32659932659934
direct_2d_historical_params,51,250,0.21982366262908057,0.20526315789473684,0.05526315789473685,97.2
direct_2d_historical_params,52,761,0.32017274683713864,0.35714285714285715,0.07142857142857142,90.67017082785807
direct_2d_historical_params,53,217,0.2458131357465794,0.26666666666666666,0.06102941176470589,98.15668202764977
direct_2d_historical_params,54,272,0.6028067367207551,0.6568627450980392,0.3333333333333333,23.897058823529413
direct_2d_historical_params,55,1104,0.6604135821344144,0.7182539682539683,0.403529411764706,15.126811594202898
direct_2d_historical_params,56,396,0.14984943963272135,0.14285714285714285,0.0,100.0
direct_2d_historical_params,57,1287,0.7195417355940785,0.7647058823529411,0.5,8.857808857808857
direct_2d_historical_params,58,300,0.16249814537314536,0.16666666666666666,0.05555555555555555,100.0
direct_2d_historical_params,59,712,0.5594404876268527,0.6470588235294118,0.1875,31.60112359550562
direct_2d_historical_params,60,659,0.4377915475418729,0.4666666666666667,0.0625,52.65553869499241
direct_2d_historical_params,61,2051,0.6703298315754219,0.7058823529411765,0.5,8.434909800097513
direct_2d_historical_params,62,261,0.17495416406620634,0.1875,0.05555555555555555,100.0
historical_display_2d_104,0,220,1.0,1.0,1.0,0.0
historical_display_2d_104,1,274,1.0,1.0,1.0,0.0
historical_display_2d_104,2,218,1.0,1.0,1.0,0.0
historical_display_2d_104,3,161,0.9872786015186453,1.0,1.0,0.0
historical_display_2d_104,4,180,1.0,1.0,1.0,0.0
historical_display_2d_104,5,200,1.0,1.0,1.0,0.0
historical_display_2d_104,6,258,0.9454536411327757,1.0,0.6141025641025641,5.813953488372093
historical_display_2d_104,7,407,1.0,1.0,1.0,0.0
historical_display_2d_104,8,328,0.9237804878048781,1.0,1.0,7.621951219512195
historical_display_2d_104,9,151,0.2610663589640174,0.26666666666666666,0.21052631578947367,100.0
historical_display_2d_104,10,280,0.9533638593764091,1.0,0.6875,0.0
historical_display_2d_104,11,231,0.9564292596358054,1.0,1.0,4.761904761904762
historical_display_2d_104,12,564,1.0,1.0,1.0,0.0
historical_display_2d_104,13,257,1.0,1.0,1.0,0.0
historical_display_2d_104,14,230,0.9431392442267055,1.0,1.0,7.391304347826087
historical_display_2d_104,15,383,1.0,1.0,1.0,0.0
historical_display_2d_104,16,243,0.8742843914527209,1.0,0.3333333333333333,17.28395061728395
historical_display_2d_104,17,341,0.9931225770135188,1.0,1.0,0.5865102639296188
historical_display_2d_104,18,181,0.9411181783947464,1.0,1.0,5.524861878453039
historical_display_2d_104,19,272,1.0,1.0,1.0,0.0
historical_display_2d_104,20,160,0.9078606625948442,0.8947368421052632,0.8666666666666667,0.0
historical_display_2d_104,21,260,1.0,1.0,1.0,0.0
historical_display_2d_104,22,242,1.0,1.0,1.0,0.0
historical_display_2d_104,23,400,1.0,1.0,1.0,0.0
historical_display_2d_104,24,222,1.0,1.0,1.0,0.0
historical_display_2d_104,25,224,1.0,1.0,1.0,0.0
historical_display_2d_104,26,289,0.8713345545830788,1.0,0.0,12.802768166089965
historical_display_2d_104,27,283,0.8686793668078334,1.0,0.2,13.074204946996467
historical_display_2d_104,28,422,0.9711296868684474,1.0,1.0,3.080568720379147
historical_display_2d_104,29,201,1.0,1.0,1.0,0.0
historical_display_2d_104,30,305,1.0,1.0,1.0,0.0
historical_display_2d_104,31,2226,1.0,1.0,1.0,0.0
historical_display_2d_104,32,368,0.9403400769449363,1.0,0.7777777777777778,0.0
historical_display_2d_104,33,725,1.0,1.0,1.0,0.0
historical_display_2d_104,34,264,1.0,1.0,1.0,0.0
historical_display_2d_104,35,448,0.9984654017857143,1.0,1.0,0.2232142857142857
historical_display_2d_104,36,527,1.0,1.0,1.0,0.0
historical_display_2d_104,37,206,1.0,1.0,1.0,0.0
historical_display_2d_104,38,306,1.0,1.0,1.0,0.0
historical_display_2d_104,39,216,0.8939024916089976,0.8888888888888888,0.8666666666666667,0.9259259259259258
historical_display_2d_104,40,617,0.999803365430451,1.0,1.0,0.0
historical_display_2d_104,41,271,0.7522834524351094,0.75,0.6875,0.0
historical_display_2d_104,42,544,1.0,1.0,1.0,0.0
historical_display_2d_104,43,527,1.0,1.0,1.0,0.0
historical_display_2d_104,44,277,1.0,1.0,1.0,0.0
historical_display_2d_104,45,219,0.9959709911361805,1.0,1.0,0.45662100456621
historical_display_2d_104,46,205,0.9235838400400811,1.0,1.0,8.292682926829269
historical_display_2d_104,47,614,1.0,1.0,1.0,0.0
historical_display_2d_104,48,169,1.0,1.0,1.0,0.0
historical_display_2d_104,49,291,0.8466118573607961,1.0,0.0,15.120274914089347
historical_display_2d_104,50,168,0.9968253968253968,1.0,1.0,0.5952380952380952
historical_display_2d_104,51,343,1.0,1.0,1.0,0.0
historical_display_2d_104,52,374,1.0,1.0,1.0,0.0
historical_display_2d_104,53,314,0.8866955228732014,0.8888888888888888,0.8571428571428571,1.2738853503184715
historical_display_2d_104,54,822,0.9564154532249886,1.0,0.8823529411764706,2.798053527980535
historical_display_2d_104,55,178,0.8910112359550562,1.0,0.0,10.674157303370785
historical_display_2d_104,56,261,0.9935128840808354,1.0,1.0,0.7662835249042145
historical_display_2d_104,57,249,1.0,1.0,1.0,0.0
historical_display_2d_104,58,1617,0.8961721409153013,1.0,0.6066666666666719,10.018552875695732
historical_display_2d_104,59,537,1.0,1.0,1.0,0.0
historical_display_2d_104,60,336,1.0,1.0,1.0,0.0
historical_display_2d_104,61,881,0.9853366196245893,1.0,1.0,0.7945516458569807
historical_display_2d_104,62,185,0.8941423087320921,0.8888888888888888,0.8571428571428571,1.0810810810810811
historical_display_2d_104,63,3379,0.9939157136908661,1.0,1.0,0.20716188221367265
historical_display_2d_104,64,256,1.0,1.0,1.0,0.0
historical_display_2d_104,65,333,1.0,1.0,1.0,0.0
historical_display_2d_104,66,1854,0.9996265870052278,1.0,1.0,0.05393743257820927
historical_display_2d_104,67,309,1.0,1.0,1.0,0.0
historical_display_2d_104,68,2646,0.9986441086406072,1.0,1.0,0.07558578987150416
historical_display_2d_104,69,263,1.0,1.0,1.0,0.0
historical_display_2d_104,70,383,0.9032915567364356,0.9375,0.8125,2.3498694516971277
historical_display_2d_104,71,154,0.9548252569952039,0.9411764705882353,0.9333333333333333,0.0
historical_display_2d_104,72,256,1.0,1.0,1.0,0.0
historical_display_2d_104,73,261,0.9983579638752051,1.0,1.0,0.0
historical_display_2d_104,74,213,0.9972613458528953,1.0,1.0,0.0
historical_display_2d_104,75,1169,0.9981834050985663,1.0,1.0,0.1710863986313088
historical_display_2d_104,76,162,0.7999599402262514,0.8,0.7333333333333333,0.0
historical_display_2d_104,77,609,0.8985498168669713,1.0,0.6470588235294118,7.55336617405583
historical_display_2d_104,78,446,0.9678854284855861,1.0,0.9333333333333333,0.672645739910314
historical_display_2d_104,79,1368,0.998715788234622,1.0,1.0,0.07309941520467836
historical_display_2d_104,80,795,0.9984934434989929,1.0,1.0,0.12578616352201258
historical_display_2d_104,81,189,0.9051428658632945,1.0,0.46564102564102566,11.64021164021164
historical_display_2d_104,82,212,0.9970888126548504,1.0,1.0,0.0
historical_display_2d_104,83,2059,0.9946737919081079,1.0,1.0,0.48567265662943176
historical_display_2d_104,84,302,0.9870878704682755,1.0,1.0,1.3245033112582782
historical_display_2d_104,85,2336,0.9460198664540154,0.9444444444444444,0.9285714285714286,1.9691780821917808
historical_display_2d_104,86,226,0.979685320798091,1.0,1.0,2.2123893805309733
historical_display_2d_104,87,685,0.9969809276883129,1.0,1.0,0.145985401459854
historical_display_2d_104,88,1608,0.9943884346521413,1.0,1.0,0.3731343283582089
historical_display_2d_104,89,378,0.9680083660644744,1.0,1.0,2.380952380952381
historical_display_2d_104,90,212,0.9728216020322014,1.0,0.9500000000000001,1.4150943396226416
historical_display_2d_104,91,382,0.9491953171388035,1.0,1.0,4.973821989528796
historical_display_2d_104,92,256,0.9902468213848039,1.0,1.0,0.78125
historical_display_2d_104,93,1399,0.9024571440766832,1.0,0.6666666666666666,3.3595425303788424
historical_display_2d_104,94,487,0.89742589477882,1.0,0.5,7.802874743326489
historical_display_2d_104,95,481,0.861019695521958,0.8571428571428571,0.7333333333333333,1.4553014553014554
historical_display_2d_104,96,325,0.8157874915299302,1.0,0.2,21.53846153846154
historical_display_2d_104,97,366,0.9527467631817224,1.0,1.0,4.371584699453552
historical_display_2d_104,98,202,0.7310354285862363,0.7350877192982456,0.6666666666666666,3.9603960396039604
historical_display_2d_104,99,4747,0.7893127954286998,0.7368421052631579,0.5714285714285714,3.7497366757952393
historical_display_2d_104,100,2197,0.9355003475829301,0.9411764705882353,0.8666666666666667,0.6372325898953117
historical_display_2d_104,101,391,0.7569463383624698,0.8333333333333334,0.375,13.299232736572892
historical_display_2d_104,102,256,0.46270830515642336,0.5,0.3333333333333333,47.265625
historical_display_2d_104,103,396,0.8009834839869904,0.8333333333333334,0.6547619047619048,6.8181818181818175
