dimension,seed,embedding_byte_identical,embedding_mean_absolute_difference,embedding_flat_correlation,ari_all,ami_all,ari_common_assigned,mapped_assignment_agreement,noise_agreement,cluster_jaccard_mean,cluster_jaccard_median,cluster_jaccard_weighted
2,11,False,0.6515621542930603,0.95754049295908,0.43252618225063094,0.7052283042692434,0.8482615845302877,0.7056340057636887,0.7970028818443804,0.5681683108989433,0.6612406886118611,0.6350757686609061
2,42,False,1.2488502264022827,0.9473093728372958,0.002580394895657436,0.043422688697756145,0.0029820387588564818,0.10844380403458213,0.7186311239193084,0.06628499855379862,0.007997253910985817,0.04927947961643313
2,73,False,1.515831470489502,0.9201981264926954,0.31097037313574755,0.645631147241329,0.7039260018495804,0.6273775216138329,0.7595533141210374,0.46060068821581474,0.45586297760210803,0.5369455938243596
2,211,False,1.0323055982589722,0.9569896255488844,0.37658511539343004,0.6641272073285704,0.7849716074408392,0.6694236311239193,0.7837031700288184,0.518438417718894,0.5423750074037625,0.5749131036050862
2,547,False,1.1236246824264526,0.9479404227596387,0.3050334723250654,0.6535561028595318,0.6549388180065276,0.6155331412103746,0.7701873198847262,0.4470146588754738,0.5037111773309244,0.51353612264599
10,11,False,0.01521530095487833,0.9998725711427219,0.6098305047197182,0.8359183579425541,0.7480685468867592,0.7868587896253603,0.8845821325648415,0.7428803506727636,0.93954571927781,0.7468168651269875
10,42,False,0.028196491301059723,0.9997604180750436,0.6517164704833343,0.8229110483282989,0.792232007451248,0.8292795389048991,0.8919596541786744,0.7369567044757311,0.8799076212471132,0.770580533382588
10,73,False,0.02628633752465248,0.999741510872371,0.6919277320781778,0.8277835138769642,0.9279987547872639,0.8513544668587896,0.8909654178674351,0.7762761436044104,0.9043807831041873,0.7944165663677482
10,211,False,0.017760533839464188,0.9998386586573224,0.7601889085349895,0.8819786475468655,0.9323587115543105,0.8848559077809798,0.9204899135446686,0.8232597000670617,0.960285941223193,0.8310491974553527
10,547,False,0.018490854650735855,0.9998215518502662,0.7051137551726708,0.867307333305269,0.8599429700369223,0.8488040345821326,0.9089769452449568,0.8642461037111823,0.938953488372093,0.7814202619583913
30,11,False,0.010164576582610607,0.999945681738541,0.8602849232850647,0.9164000694667218,0.9729650684510469,0.9336599423631123,0.9546974063400576,0.8780482849704683,0.9522409992652462,0.8968592694290212
30,42,False,0.009612161666154861,0.9999496402203085,0.8884878078768885,0.9253765719329106,0.9766779266263784,0.9397550432276657,0.9636023054755043,0.879636081767974,0.9555555555555556,0.9040470028714956
30,73,False,0.009684542194008827,0.9999489795875649,0.8980204075426388,0.9406111094983676,0.990471312956883,0.9581844380403458,0.966671469740634,0.9231503271277821,0.9754601226993865,0.9372057683463872
30,211,False,0.009985716082155704,0.9999371010623799,0.7970191845173223,0.8936494209872375,0.9588966355870338,0.9110806916426513,0.9329682997118156,0.8490224527901963,0.9678745403630236,0.8729267930628909
30,547,False,0.009538579732179642,0.9999368895541912,0.7491178281659083,0.8918659642622814,0.8953047776467559,0.8774639769452449,0.9238616714697406,0.9396105142247777,0.9766314334054979,0.8254377308592856
