cluster_count,coverage,fit_seconds,membership_mean_assigned,min_cluster_size,min_samples,noise_pct,platform,seed,historical_ari_all,historical_ami_all,historical_ari_common_assigned,historical_mapped_assignment_agreement,historical_noise_agreement,historical_cluster_jaccard_mean,historical_cluster_jaccard_median,historical_cluster_jaccard_weighted
63,0.6392507204610951,31.18489670008421,0.8889970668403933,150,50,36.07492795389049,windows,11,0.14482665402913222,0.5777964049275639,0.7371842817130353,0.5111959654178674,0.6684726224783861,0.32182573859469465,0.2690988612225631,0.42673563323884883
68,0.6093227665706051,31.393290099920705,0.8847457850502731,150,50,39.06772334293948,windows,23,0.13081902933376174,0.5734914749097773,0.7172755517793505,0.5018587896253602,0.6571613832853026,0.34057945582815796,0.2784237726098191,0.4217007432979862
58,0.7011815561959654,31.294975199969485,0.8961986836978377,150,50,29.88184438040346,windows,42,0.18600424892538628,0.5878630862774629,0.589724011611582,0.5073342939481268,0.7136023054755043,0.3156452420692953,0.2757277489899146,0.4092783731606019
63,0.6620317002881845,33.78903519990854,0.8836135824986157,150,50,33.79682997118156,windows,73,0.15047944150683867,0.575611966608657,0.563961142406955,0.4955907780979827,0.6887175792507204,0.3113486139381417,0.24879110251450676,0.4056201516322073
59,0.6698991354466859,34.50061269989237,0.8986067879304909,150,50,33.01008645533141,windows,101,0.16648022695936307,0.5893500313283486,0.6683546636138871,0.5054466858789626,0.693328530259366,0.3234493528430289,0.28093620275325687,0.4208405594104858
61,0.6645533141210375,33.98139020008966,0.8626443135825725,150,50,33.544668587896254,windows,211,0.15926491482980912,0.5877234348202336,0.7245260954726161,0.504193083573487,0.6855619596541787,0.30437102503597246,0.24909467423079037,0.4253395214216919
68,0.6618011527377522,33.19532519998029,0.8896150326300648,150,50,33.819884726224785,windows,307,0.16249146309485757,0.5960680568526647,0.6597215457698621,0.5087031700288185,0.6944812680115274,0.3329990958045025,0.31020814071707536,0.4206249698527559
7,0.9921469740634006,33.09626020002179,0.9868158319736094,150,50,0.7853025936599425,windows,419,-0.002737513849343297,0.05233795569790816,0.001923191446370514,0.09036023054755044,0.8514265129682997,0.0400250213272558,0.005089815903442323,0.03761788956535846
72,0.6548126801152738,32.912141900043935,0.8829426897129361,150,50,34.518731988472624,windows,547,0.1539797563681306,0.58904798139437,0.6875863769593911,0.5140345821325648,0.6810951008645533,0.3454323316893978,0.31006900924546943,0.42764654417731107
63,0.6044236311239193,32.156876399880275,0.8890762340537259,150,50,39.55763688760807,windows,809,0.1292353879183219,0.5742857540206966,0.7617800357881981,0.5003746397694524,0.6486311239193083,0.32466970442590004,0.29908804101350683,0.41886256934260147
61,0.6380691642651297,32.75835909997113,0.9052603930742198,150,50,36.19308357348704,linux,11,0.14700621929009547,0.5672854472702803,0.6555993460782495,0.49077809798270894,0.6714985590778098,0.30430173181215275,0.2595623015534633,0.3961490250595316
60,0.6764121037463977,31.942387799965218,0.8856646987305229,150,50,32.35878962536023,linux,42,0.157771897727441,0.5918985467383746,0.5834328325072137,0.48956772334293946,0.6891210374639769,0.31048202593366087,0.2569251560768916,0.4023497432237151
57,0.7129827089337176,33.054846100043505,0.9151083439455101,150,50,28.701729106628243,linux,73,0.17354597581274148,0.5818388714563267,0.44249745618796077,0.46770893371757927,0.7214265129682997,0.3121392775781991,0.280792865958373,0.375527754494083
66,0.6218155619596542,32.868644300149754,0.881700489079554,150,50,37.81844380403458,linux,211,0.13738313005192085,0.5764699266660747,0.7067068961889568,0.49023054755043227,0.662536023054755,0.3169464073024569,0.3019639443206775,0.40495092437016345
66,0.6796541786743516,32.98931770003401,0.8961232986789899,150,50,32.03458213256484,linux,547,0.16550276527463462,0.5925397820462407,0.6747522416191978,0.5018731988472622,0.6940345821325649,0.31782702112751726,0.25970905524681265,0.41634702868847473
