left,right,ari_all,ami_all,ari_common_assigned,mapped_assignment_agreement,noise_agreement,cluster_jaccard_mean,cluster_jaccard_median,cluster_jaccard_weighted
windows-seed11,windows-seed23,0.3470800639030137,0.6281256617054461,0.8872445147612005,0.6947118155619596,0.7379971181556196,0.5590051032809956,0.5681362725450901,0.5908960168327023
windows-seed11,windows-seed42,0.33646113194638455,0.6338294440990806,0.7533692684915946,0.6600576368876081,0.7518731988472622,0.5116464388437986,0.5565217391304348,0.5641322910071447
windows-seed11,windows-seed73,0.4468269409451173,0.6921514938436039,0.8424456672188516,0.730864553314121,0.7956051873198847,0.5881654416540812,0.6044083526682135,0.6436630962294987
windows-seed11,windows-seed101,0.3379412875710398,0.6345056231050037,0.8468375916926605,0.6695389048991355,0.7429827089337175,0.5123834367760166,0.5522788203753352,0.5815181190136525
windows-seed11,windows-seed211,0.3461146441394518,0.6314346908513301,0.90244719124379,0.6854610951008645,0.7446397694524496,0.4962771344071273,0.5155555555555555,0.5954441327471545
windows-seed11,windows-seed307,0.33309805060175157,0.6361108039424815,0.889938410875638,0.6840922190201729,0.7377089337175793,0.5416865656515997,0.5797297297297297,0.5913881669694537
windows-seed11,windows-seed419,0.004414948925617575,0.07742107062837919,0.004642945769588549,0.08085014409221902,0.6427233429394813,0.07736551444314714,0.006116617555138852,0.05119664377443457
windows-seed11,windows-seed547,0.31647141248857685,0.6108599866041979,0.790735162543934,0.6548703170028819,0.7328242074927954,0.49857358688442266,0.47891873512410743,0.5364226848602989
windows-seed11,windows-seed809,0.5269882738001516,0.7201657878518805,0.9293510557334304,0.7867723342939481,0.8228386167146974,0.6284576971029906,0.6834532374100719,0.7015682279713522
windows-seed11,linux-seed11,0.5652991891954453,0.738433646087585,0.882957919938987,0.7856340057636888,0.8431123919308358,0.6224291063194292,0.6820388349514563,0.6910207129834169
windows-seed11,linux-seed42,0.32324721931992306,0.638517556118688,0.7923779158281471,0.6546109510086455,0.7362391930835734,0.5325190799529119,0.5691318327974276,0.5678443545861448
windows-seed11,linux-seed73,0.25713132054667703,0.6031062498596402,0.6513553932891577,0.577550432276657,0.7091210374639769,0.4515349559993771,0.4452261306532663,0.5070406549864309
windows-seed11,linux-seed211,0.3681646719624474,0.6376594586862581,0.8902767255819248,0.6894380403458213,0.749971181556196,0.5273450332033283,0.5075987841945289,0.5827541990822053
windows-seed11,linux-seed547,0.29493759360309396,0.6129065440611088,0.8134425987489968,0.6254034582132565,0.7232564841498559,0.4834425220878907,0.48770491803278687,0.5225270791494107
windows-seed23,windows-seed42,0.2808144367368686,0.6143103112734443,0.7443995831887166,0.6160230547550433,0.715835734870317,0.4727436476434382,0.5353435207520156,0.5339419146651836
windows-seed23,windows-seed73,0.34129729585629975,0.6259337184102497,0.7830808758571403,0.6713832853025936,0.7421037463976945,0.48509014723933463,0.49362405409486737,0.5623183231232237
windows-seed23,windows-seed101,0.31663765668645033,0.6162693612633334,0.8106179727464956,0.6480691642651297,0.7294812680115274,0.48172975705781224,0.4898753894080997,0.5535167245113475
windows-seed23,windows-seed211,0.3349358452728534,0.6195116255266959,0.8795402810784196,0.6700720461095101,0.7367291066282421,0.4613076985703138,0.4977020103567263,0.5588192864966414
windows-seed23,windows-seed307,0.3642811769062544,0.6391280651039385,0.8954045702356639,0.7029538904899135,0.7511239193083573,0.551360833254483,0.5801308838076745,0.6055103255513952
windows-seed23,windows-seed419,0.008147799666474342,0.08051173246890189,0.004355069332960285,0.06854466858789625,0.6142363112391931,0.07765631380030845,0.0055362474607734856,0.05010748208765204
windows-seed23,windows-seed547,0.30693083983613795,0.6140129504034342,0.8085836099136622,0.6462536023054755,0.7226080691642651,0.5063040261162529,0.5397687259743696,0.5363253009728859
windows-seed23,windows-seed809,0.3660724312910374,0.6292942646085578,0.888354511237901,0.6902161383285302,0.74328530259366,0.5119489282911812,0.5203810340602794,0.5804560435099013
windows-seed23,linux-seed11,0.35342470419294186,0.6280753112620022,0.8104663309795133,0.6693659942363113,0.7431268011527378,0.5024121331355701,0.5307242465137202,0.5578857849284917
windows-seed23,linux-seed42,0.322627788261017,0.6323593430860185,0.7769912696210656,0.6597262247838617,0.7338616714697407,0.510252594816824,0.5619543207445223,0.5694402171011991
windows-seed23,linux-seed73,0.28014867976419583,0.6085319740612544,0.6086114221229281,0.6026512968299712,0.7278962536023055,0.4696071394574123,0.5262717186518735,0.5158373590714476
windows-seed23,linux-seed211,0.39479592523245816,0.6474783951930089,0.9167298280911403,0.7153890489913545,0.759149855907781,0.5333135707260962,0.5473512238800187,0.6134326828327131
windows-seed23,linux-seed547,0.3350461141818961,0.6267886738086602,0.7939406491484774,0.6557204610951008,0.7435878962536023,0.5054277915838721,0.541053144807411,0.5379757900928731
windows-seed42,windows-seed73,0.30779793028126545,0.6211473668150508,0.6521882401357109,0.6162680115273775,0.7447406340057637,0.5118775670575457,0.5788920857505866,0.5052810800853704
windows-seed42,windows-seed101,0.3569184758444503,0.6440667069356528,0.78722700692481,0.6810086455331412,0.7635878962536023,0.5570277357620574,0.5898512999563563,0.5930016664488589
windows-seed42,windows-seed211,0.2931166513311798,0.6164158687027471,0.7472425004928592,0.6172910662824207,0.7309221902017291,0.4677174826794611,0.47265559130428914,0.5156431780039529
windows-seed42,windows-seed307,0.3342960967960667,0.6513405338597124,0.7334296898668108,0.6546109510086455,0.7544236311239193,0.5671091439878421,0.631323848868017,0.5438926063759965
windows-seed42,windows-seed419,0.003474511352110641,0.08156854641411025,0.006855221040278982,0.12214697406340058,0.7068155619596542,0.08840063075919014,0.006659771762687201,0.0663955694043705
windows-seed42,windows-seed547,0.34819335041611127,0.6376540618368194,0.8108032341866949,0.6740489913544668,0.7555331412103746,0.5380096164992705,0.6242180206667882,0.5707175332180526
windows-seed42,windows-seed809,0.3281711146157657,0.6251432914770393,0.7344157199496126,0.6545100864553314,0.7448847262247839,0.5356903918575588,0.5478947372623799,0.541429416835605
windows-seed42,linux-seed11,0.3550187705759989,0.6335657307897526,0.816792932175413,0.6802881844380404,0.7555619596541787,0.5347227166688897,0.578628806972673,0.5867801648780379
windows-seed42,linux-seed42,0.4096020935632716,0.6941026261038632,0.8553833540045888,0.7105763688760807,0.7827233429394813,0.6148839995457205,0.6830971659919028,0.6175998403262752
windows-seed42,linux-seed73,0.3122180955905263,0.6436491311754656,0.6810428511834766,0.6181988472622478,0.7459221902017291,0.542596678868972,0.6338709677419354,0.5449669429113096
windows-seed42,linux-seed211,0.2649737612985007,0.600860852527071,0.7516072083950186,0.6039337175792507,0.7068011527377521,0.4843753066182723,0.47577169975212386,0.48779319357848533
windows-seed42,linux-seed547,0.32978719022534975,0.6493691728802883,0.7277965082982,0.615878962536023,0.7537463976945245,0.5288824992367496,0.5971899636887043,0.5044979853180978
windows-seed73,windows-seed101,0.29676949396496183,0.622632861206255,0.7411529958025284,0.633314121037464,0.7268876080691643,0.48337132592145354,0.521513353115727,0.5346842171425659
windows-seed73,windows-seed211,0.3389760294682085,0.6324373797600864,0.7760291478055528,0.6615994236311239,0.7490057636887608,0.47009450966981026,0.5052410901467506,0.5651825998266291
windows-seed73,windows-seed307,0.3632655859262598,0.6463924431509293,0.809711470154119,0.6975936599423631,0.7586743515850144,0.5365351851205694,0.5608308605341247,0.6128727713032347
windows-seed73,windows-seed419,0.0034101530670405263,0.07943559916504633,0.006266298016841055,0.12570605187319886,0.6686167146974064,0.08071678653428875,0.007188248775914158,0.05976464399785647
windows-seed73,windows-seed547,0.30952617581068653,0.618327863843299,0.7017051143898954,0.6256051873198847,0.7359798270893372,0.5031224430788354,0.5486486486486486,0.5254736241624371
windows-seed73,windows-seed809,0.4303044611598593,0.6851593405634395,0.8097172517286519,0.7172478386167147,0.7854755043227666,0.5683049176991559,0.6676923076923077,0.6081457469857721
windows-seed73,linux-seed11,0.44613959687691807,0.6921045064234538,0.822129554511801,0.7201440922190202,0.7956051873198847,0.5705446866415808,0.6259541984732825,0.626710528913079
windows-seed73,linux-seed42,0.3319504279586665,0.6364189178017199,0.6970915049105075,0.6520461095100865,0.7505475504322766,0.5098851521500437,0.5819265143992055,0.5606847685052028
windows-seed73,linux-seed73,0.2958188101846004,0.629189759130265,0.6043139666466016,0.6089481268011527,0.740835734870317,0.4860866698960883,0.5726643598615917,0.53595164062887
windows-seed73,linux-seed211,0.3569826761120379,0.6280514224750832,0.7690185751926051,0.6721469740634006,0.7530115273775216,0.49715226946544566,0.5225988700564972,0.5609768510711443
windows-seed73,linux-seed547,0.33128050583019947,0.6325857324346219,0.7241771002733177,0.6382853025936599,0.7509077809798271,0.4825407111420874,0.4878811571540266,0.5353054897795483
windows-seed101,windows-seed211,0.33858940943283894,0.6533829332633915,0.8590178862309867,0.6829250720461095,0.7457204610951008,0.5552138133565805,0.5796460176991151,0.5902856647642442
windows-seed101,windows-seed307,0.2977920085691014,0.6276951900716726,0.8031927307823267,0.6611095100864554,0.7265129682997118,0.5460885629517637,0.6023391812865497,0.5587246387474386
windows-seed101,windows-seed419,0.0025788278175156083,0.07909743093618615,0.005271039119996597,0.10427953890489913,0.6765994236311239,0.08525114166815315,0.00744125132082211,0.055814882459868896
windows-seed101,windows-seed547,0.27502492326723643,0.6010240726144247,0.725951165637107,0.6144236311239193,0.7176801152737752,0.5082367102613671,0.5329000812347685,0.49990750168611403
windows-seed101,windows-seed809,0.348302546560635,0.6307248607046417,0.8415927225657224,0.6772766570605188,0.7448991354466858,0.5197081298212309,0.5376782077393075,0.5721010757985001
windows-seed101,linux-seed11,0.3399728041383103,0.6280508771763347,0.7747698204131438,0.6552017291066282,0.7465273775216138,0.5115802243663092,0.5523012552301255,0.5415744000463097
windows-seed101,linux-seed42,0.345253642133617,0.6426829166700829,0.8494417692885984,0.6789337175792507,0.7476080691642651,0.5491938121053489,0.5905707196029777,0.5804916172140462
windows-seed101,linux-seed73,0.30707345545838904,0.6299711380440165,0.7198536853666971,0.6351729106628242,0.7407204610951008,0.5145539297859383,0.5180467091295117,0.5561337457510785
windows-seed101,linux-seed211,0.31911313001221236,0.628792034364367,0.8371455471030852,0.6664409221902017,0.7302737752161383,0.5453479459659741,0.5516811955168119,0.5568607387490228
windows-seed101,linux-seed547,0.26152168152126787,0.6051862606904379,0.7184806654459251,0.5877233429394813,0.7130115273775216,0.47779935624992076,0.47835738068812433,0.47095007965921865
windows-seed211,windows-seed307,0.31543879403870656,0.625883526956354,0.875152532172099,0.6771469740634006,0.7330403458213256,0.513956702460752,0.509719222462203,0.580951700209155
windows-seed211,windows-seed419,0.00338657935301937,0.07314395836864157,0.00422624297845019,0.0759221902017291,0.669149855907781,0.07012006894944436,0.008438378997812272,0.05072261755382476
windows-seed211,windows-seed547,0.28058063889237544,0.6041320784801879,0.7818711800728011,0.6335302593659943,0.7180691642651297,0.4926007747503743,0.5125628140703518,0.5188430734670031
windows-seed211,windows-seed809,0.3421270128452883,0.6298730867987961,0.9110342306711665,0.6828818443804034,0.7384870317002882,0.49721625250041973,0.5324427480916031,0.5873131437481861
windows-seed211,linux-seed11,0.3404412289142244,0.6244464817416174,0.8152456110003673,0.6582132564841499,0.744121037463977,0.4651755155643906,0.48123620309050774,0.5480562111392175
windows-seed211,linux-seed42,0.2934456053170438,0.6215483331103522,0.8051679887982841,0.6294380403458213,0.7209942363112392,0.4680630943943753,0.5016393442622951,0.5498481644282026
windows-seed211,linux-seed73,0.25663961743124525,0.60324811610295,0.6254194629204575,0.580878962536023,0.7188904899135447,0.43161654249654713,0.45325779036827196,0.49568064747156027
windows-seed211,linux-seed211,0.41264666143040757,0.670300920078174,0.9156431982720733,0.7252305475504323,0.7755043227665706,0.5619724878638445,0.6256038647342995,0.6270780392317808
windows-seed211,linux-seed547,0.3241420274919402,0.6318453976584044,0.8160727640922995,0.6428242074927953,0.7436599423631124,0.47867802867999426,0.46504455106237147,0.5367485992952525
windows-seed307,windows-seed419,0.0062974389583397156,0.08112788975447233,0.00468141983985373,0.09100864553314121,0.6653025936599424,0.07675596661536292,0.0058339410355245334,0.05248245770316088
windows-seed307,windows-seed547,0.32296274864653934,0.6330653853932406,0.7913189706017074,0.6382276657060518,0.7398703170028819,0.5064977757936826,0.53642689256243,0.5462765331557538
windows-seed307,windows-seed809,0.33416597242945023,0.6302198270635252,0.8775901427700356,0.6704178674351585,0.7347550432276657,0.4890992339278177,0.5399253005275448,0.5678101703584326
windows-seed307,linux-seed11,0.31371310161912913,0.6228067285933997,0.8244488097549739,0.644221902017291,0.7281700288184438,0.4721413625486215,0.4881728448517797,0.5494253541993508
windows-seed307,linux-seed42,0.42624621719732714,0.6886950253677799,0.7863889309938606,0.7190778097982709,0.7937752161383286,0.5546326212433363,0.6534806688867915,0.6381761478690654
windows-seed307,linux-seed73,0.3515534969987999,0.6604131136163923,0.6442177811311748,0.6515706051873199,0.7738040345821325,0.5195191227905339,0.6050564637786598,0.5625693878034919
windows-seed307,linux-seed211,0.35645699012712767,0.6374544055603946,0.9008424080948386,0.6967146974063401,0.7479971181556196,0.5203419179006905,0.5729162011173183,0.5971889665266887
windows-seed307,linux-seed547,0.3833440189793133,0.6672555095433341,0.8326731798838217,0.6843515850144092,0.7727233429394813,0.5243993173338142,0.539006887058471,0.58904720684773
windows-seed419,windows-seed547,0.005395598358690536,0.07577856939267297,0.005069833889507875,0.1027521613832853,0.6585158501440922,0.5219329668349845,0.6578947368421053,0.0932468045918575
windows-seed419,windows-seed809,0.00546007841134199,0.07808728137044536,0.0042324225756924135,0.07037463976945245,0.6087031700288185,0.6185900583798786,0.8183908045977012,0.06169283154468549
windows-seed419,linux-seed11,0.0033871951565858497,0.07590323141787042,0.005995300838364504,0.10427953890489913,0.6440489913544668,0.5836210798736816,0.7572815533980582,0.09491524802124407
windows-seed419,linux-seed42,0.0032732176413876675,0.07825790341206544,0.006155610378141995,0.13439481268011527,0.6810086455331412,0.6205900783420562,0.8897243107769424,0.12664200084795574
windows-seed419,linux-seed73,0.006297089102949279,0.08893166056827513,0.010115044608316266,0.1714121037463977,0.7197982708933718,0.705537782969129,0.8514851485148515,0.16310415974811746
windows-seed419,linux-seed211,0.0037666937809461352,0.07659545553328508,0.004433147960389494,0.07053314121037464,0.6273631123919309,0.6106620308333371,0.8137931034482758,0.06190555026311515
windows-seed419,linux-seed547,0.004133409702067426,0.07586159863030942,0.004481810474967353,0.09959654178674351,0.6834438040345822,0.5928645842233037,0.6780626780626781,0.09031275676228087
windows-seed547,windows-seed809,0.3162943431389616,0.6153755545074574,0.8020738975637375,0.6464409221902018,0.7272766570605187,0.4573813672895574,0.4805086973970082,0.5343286364146135
windows-seed547,linux-seed11,0.3458857847648721,0.6259107647725981,0.8732269289079244,0.6776512968299712,0.7421037463976945,0.4576542552367029,0.5140493235543349,0.5739747200666407
windows-seed547,linux-seed42,0.30607621032474996,0.6299038094404592,0.6861862012355677,0.6051873198847262,0.735864553314121,0.43687448654550876,0.49532374100719423,0.49379816856698094
windows-seed547,linux-seed73,0.23874136613248845,0.601948169311874,0.5907862824722071,0.5469164265129683,0.7039337175792507,0.4231371823137612,0.4217912655496011,0.4527338726193716
windows-seed547,linux-seed211,0.26371043569228336,0.5943836008320714,0.7895943737190856,0.6005187319884726,0.6996541786743515,0.4211900274130007,0.44123022787058863,0.4812903742726414
windows-seed547,linux-seed547,0.356065289442843,0.6584450306739997,0.7840888471696561,0.6562968299711816,0.7600576368876081,0.5041719729522028,0.5363678108139135,0.5464277221454481
windows-seed809,linux-seed11,0.4843467484898848,0.6970967873564329,0.856473943972864,0.748314121037464,0.8058069164265129,0.5827894666567219,0.6399286987522281,0.6412868603428892
windows-seed809,linux-seed42,0.3247122598406639,0.6316231508092479,0.7632982476737399,0.6497406340057637,0.7352449567723343,0.506283972846605,0.5651815181518152,0.5546115167845109
windows-seed809,linux-seed73,0.27129845889444215,0.6139187841899323,0.654363156069943,0.595864553314121,0.71328530259366,0.4677144548656829,0.5266507557677009,0.5223107602388558
windows-seed809,linux-seed211,0.3891333296962223,0.6429585335695392,0.8963720979080151,0.6980691642651297,0.7564409221902018,0.5257564097334813,0.5057142857142857,0.5834181885727852
windows-seed809,linux-seed547,0.2958358807332957,0.6167343067925058,0.7888255581592488,0.6287608069164266,0.7202449567723342,0.4954643390211099,0.5176630434782609,0.519732913207666
linux-seed11,linux-seed42,0.2900277165165439,0.6188736453026721,0.749245006218545,0.6159365994236311,0.7167579250720462,0.4868383671406483,0.533908507223114,0.5321244072273431
linux-seed11,linux-seed73,0.26135688531210155,0.6053538435553583,0.6259692459939368,0.5673054755043228,0.7113112391930836,0.45737204449567437,0.4287245444801715,0.4909547320625865
linux-seed11,linux-seed211,0.3534146714841107,0.6290790839133893,0.8272605002007196,0.6680979827089337,0.7434293948126801,0.5108184062202344,0.49714285714285716,0.5583426344745063
linux-seed11,linux-seed547,0.2929382307017627,0.6113694383332856,0.7597833779684051,0.6079971181556196,0.7228818443804035,0.47374963457086766,0.48830409356725146,0.5073022982554839
linux-seed42,linux-seed73,0.38374462767324835,0.6744531115513138,0.74488938358276,0.6826224783861672,0.7806628242074928,0.5582281903910373,0.6447125604809787,0.6259323390704121
linux-seed42,linux-seed211,0.3211709369404484,0.6272409856033948,0.822197015761509,0.6597982708933717,0.731657060518732,0.5308054644133399,0.5582836154821389,0.5587129848783116
linux-seed42,linux-seed547,0.3665114094292736,0.670623518992884,0.7686582519984693,0.6702449567723343,0.7672766570605187,0.5688974106708876,0.6125535953361465,0.5677494401321994
linux-seed73,linux-seed211,0.27415962749464245,0.6048890286113969,0.643789278788928,0.6044812680115274,0.7232132564841498,0.5069287713572729,0.5236620964175144,0.495624326227717
linux-seed73,linux-seed547,0.29735616431169476,0.6276153519898142,0.6065621360886769,0.5946397694524496,0.7493227665706051,0.5153758161904887,0.6238938053097345,0.4941160667085155
linux-seed211,linux-seed547,0.29501654500059654,0.6148099205391103,0.8378096052987996,0.6435446685878963,0.7210086455331413,0.489293771384265,0.4866637650701078,0.5467153160155499
