finalist,strategy,repeat,pca_refitted,candidate_cluster_count,candidate_noise_pct,pca_explained_variance_ratio_sum,ari_all,ami_all,ari_common_assigned,mapped_assignment_agreement,noise_agreement,cluster_jaccard_mean,cluster_jaccard_median,cluster_jaccard_weighted
current_30d_42,scaled,0,True,50,37.94848703170029,0.8829290866851807,0.4537531391466521,0.6958148699470008,0.6938007117400381,0.7148775216138329,0.8122298270893372,0.674200700488481,0.71848664486128,0.5992649242175219
current_30d_42,scaled,1,True,42,30.41606628242075,0.8829046487808228,0.5895193471469523,0.7527764254920738,0.9621144462994708,0.8269092219020173,0.8490994236311239,0.6987959740655383,0.7403228190874653,0.7751905838164118
current_30d_42,scaled,2,True,53,37.53962536023055,0.8828954100608826,0.4463382220194251,0.6957233485460967,0.660344766209311,0.7236851585014409,0.8117795389048992,0.6998693184728644,0.7593467194570136,0.6130181265556812
current_30d_42,scaled,3,True,53,36.82636887608069,0.8829508423805237,0.4256232884500064,0.686244883716711,0.6607269341431871,0.6805655619596542,0.8023775216138328,0.6464500479082064,0.6709044593171906,0.5589648797633042
current_30d_42,scaled,4,True,41,26.79034582132565,0.8828276991844177,0.5649576998550739,0.7508541434756154,0.9700487072750327,0.8226765129682997,0.8389769452449568,0.7128855493249281,0.774128862590401,0.7743779673703345
current_30d_42,scaled,5,True,49,34.31376080691643,0.882887601852417,0.4953376337362183,0.7121979193305317,0.7135608083745871,0.7218299711815562,0.83335734870317,0.673475783333655,0.7140982190324295,0.6207030930972559
current_30d_42,scaled,6,True,50,29.938760806916427,0.882992148399353,0.3923280181837011,0.682121464670646,0.62102089850739,0.6571505763688761,0.7976044668587896,0.5930832576655766,0.7216267339218159,0.5613467997847632
current_30d_42,scaled,7,True,50,32.68912103746398,0.8829013705253601,0.46596670772363413,0.709150964316761,0.7326670309556154,0.7370317002881844,0.8211815561959654,0.6995519756146732,0.7722556051153624,0.6479404237842706
current_30d_42,scaled,8,True,52,34.5407060518732,0.8829842805862427,0.4504868064112044,0.7036631131097749,0.7069547752629767,0.7211455331412103,0.8135086455331412,0.6721719074297459,0.728929706817379,0.6232604044539134
current_30d_42,scaled,9,True,51,32.247838616714695,0.8828773498535156,0.31718085843046645,0.6447719249839343,0.5479870264834226,0.5844740634005764,0.7575468299711815,0.58089798442098,0.6660885533564579,0.483162905303252
current_30d_42,scaled,10,True,43,27.735951008645532,0.8830111622810364,0.41073036009711383,0.7013516637703823,0.671146476289089,0.6804394812680116,0.8059798270893371,0.6273710528168321,0.7404662004662005,0.6077856543678298
current_30d_42,scaled,11,True,52,35.086455331412104,0.8828794956207275,0.44232303041481524,0.6937603016736639,0.6896706086454798,0.7006844380403459,0.8106988472622478,0.6670207297596222,0.7095853574956157,0.5940770728737891
current_30d_42,scaled,12,True,3,0.03782420749279539,0.8828176259994507,0.003873294107318812,0.031536702539872154,0.0032066713090378655,0.1499279538904899,0.6944524495677233,0.06220013686847757,0.008075638792102206,0.06105132695876542
current_30d_42,scaled,13,True,49,34.34257925072046,0.8831814527511597,0.46149114679665365,0.70975862815638,0.7313933205999965,0.7237211815561959,0.8168047550432277,0.6898514296108917,0.7616476981583604,0.6271080958557473
current_30d_42,scaled,14,True,4,0.25396253602305474,0.8829840421676636,0.004835378884436324,0.05069946003489792,0.005382125696016316,0.15661023054755044,0.6957672910662824,0.08125151709092147,0.008600204723258023,0.06759947765383427
current_30d_42,scaled,15,True,57,38.69056195965418,0.8830119967460632,0.41631031301148463,0.6830212596505892,0.658921451393699,0.6912824207492796,0.7951909221902017,0.6941872928981427,0.6958570750237416,0.5689280409675019
current_30d_42,scaled,16,True,3,0.043227665706051875,0.882814347743988,0.003561308316635423,0.029788562545555744,0.0030212206738205044,0.1493335734870317,0.6927233429394812,0.06183395419599491,0.008099773242630386,0.06023126420571715
current_30d_42,scaled,17,True,50,38.18443804034582,0.8829265236854553,0.4617538473481803,0.7074013033384304,0.7167210658095579,0.7218119596541787,0.8139949567723342,0.6627934564629848,0.7239276710679953,0.6172250936996846
current_30d_42,scaled,18,True,53,33.043948126801155,0.8830159902572632,0.4288639373051813,0.6948377056623914,0.6771644516236763,0.7057456772334294,0.8072946685878962,0.6842553540940703,0.7432103610675039,0.5976122626739684
current_30d_42,scaled,19,True,49,33.695965417867434,0.8827769756317139,0.5082676200051423,0.7219645623851253,0.7057603135270961,0.7468479827089337,0.8419848703170029,0.7077544525612564,0.7298640412564463,0.6528728246267625
current_30d_42,fixed,0,True,41,36.539985590778095,0.8829290866851807,0.4647352398844981,0.6961150269084341,0.687301567938287,0.7039265129682997,0.8198306916426513,0.5952164782778128,0.6919233212554703,0.5857706085178721
current_30d_42,fixed,1,True,28,23.330331412103746,0.8829046487808228,0.4606846530612879,0.6987484886807857,0.8186024010462721,0.6892110951008645,0.8120317002881844,0.5006516004227232,0.6067208394015623,0.6331193303660713
current_30d_42,fixed,2,True,40,38.251080691642656,0.8828954100608826,0.43024702085650407,0.6852273536995896,0.671115046035455,0.6985770893371758,0.80210734870317,0.5778059964419772,0.6924933105319511,0.5889117700085017
current_30d_42,fixed,3,True,45,37.65850144092219,0.8829508423805237,0.3959009624738822,0.6633426997036812,0.6586266593209672,0.659221902017291,0.7862752161383285,0.53919167578183,0.640440821042455,0.5325600934718001
current_30d_42,fixed,4,True,34,28.20064841498559,0.8828276991844177,0.5564527855462077,0.7397988924924925,0.9678453208680265,0.8084474063400576,0.8331592219020173,0.6063202659318546,0.7282562237073481,0.7488968386798238
current_30d_42,fixed,5,True,41,36.91822766570605,0.882887601852417,0.4941862892978546,0.7040339225235017,0.7124232189741861,0.707979106628242,0.8301152737752161,0.5830655021667789,0.6570977331846897,0.6024739943468651
current_30d_42,fixed,6,True,34,31.127521613832855,0.882992148399353,0.40553012237565644,0.679071559872785,0.6382068330797698,0.6565201729106628,0.8011347262247839,0.4841501210697633,0.5459985524939938,0.5420305312495822
current_30d_42,fixed,7,True,36,29.029178674351584,0.8829013705253601,0.412431566602211,0.6846517422500583,0.6748826019084463,0.669956772334294,0.8047910662824207,0.5031896906401925,0.5759264345521775,0.5706348347722869
current_30d_42,fixed,8,True,41,37.21361671469741,0.8829842805862427,0.4237590444828279,0.6765947874455164,0.6670918554629806,0.6927233429394812,0.8004322766570605,0.5427522302979089,0.6783509658968776,0.577880561547865
current_30d_42,fixed,9,True,44,32.930475504322764,0.8828773498535156,0.3097091363164733,0.6359233404854592,0.5516302767749719,0.5731808357348703,0.7514048991354467,0.47602998553714637,0.5650536096238471,0.4687365404908115
current_30d_42,fixed,10,True,35,29.22550432276657,0.8830111622810364,0.4189566729928688,0.6970820172847669,0.6745049159020461,0.6775396253602306,0.807078530259366,0.5477298507488142,0.7205360312389066,0.5914881041182749
current_30d_42,fixed,11,True,43,36.97946685878963,0.8828794956207275,0.43094066803515957,0.6829088771609139,0.6913212273296372,0.6897514409221902,0.8025396253602306,0.5687296116469621,0.6436575456026932,0.5722402964177355
current_30d_42,fixed,12,True,2,0.3584293948126801,0.8828176259994507,0.0038725600192257873,0.0308775412234124,0.0017504749346579772,0.14672190201729107,0.6912463976945245,0.03852405785060505,0.007876016260162601,0.05643223361358921
current_30d_42,fixed,13,True,43,38.55187319884726,0.8831814527511597,0.44476789696217256,0.6973438637198741,0.7202602213935043,0.7159221902017291,0.805871757925072,0.618370563031967,0.6941819621035967,0.6070465090894405
current_30d_42,fixed,14,True,2,0.9420028818443804,0.8829840421676636,0.004819014044591756,0.0447455101139251,0.002337649402725805,0.15007204610951008,0.6891750720461095,0.036703861238282495,0.007942165679608102,0.0582342587923011
current_30d_42,fixed,15,True,47,40.75828530259366,0.8830119967460632,0.4048340750805688,0.6703680114838144,0.6745994622271582,0.6769452449567723,0.7857528818443804,0.5772136577092837,0.6716745852390612,0.5495569379726154
current_30d_42,fixed,16,True,2,0.33861671469740634,0.882814347743988,0.0035606028902103164,0.029166660009295135,0.0016931671689633299,0.14645172910662824,0.6898414985590778,0.0383147904329287,0.008036281179138322,0.056067865562676705
current_30d_42,fixed,17,True,37,33.3321325648415,0.8829265236854553,0.5424158395946868,0.7323645991486984,0.8264454023502751,0.7823306916426513,0.8430655619596542,0.6083602716118152,0.7065416389947303,0.7046208220383132
current_30d_42,fixed,18,True,42,34.42182997118156,0.8830159902572632,0.42528189765394997,0.6804231864374489,0.6542764598742041,0.6818263688760807,0.8053674351585014,0.5640719386616889,0.6637547708312224,0.5648567433225705
current_30d_42,fixed,19,True,41,33.731988472622476,0.8827769756317139,0.5069228338739934,0.7161561488857583,0.6960349690576569,0.7344020172910662,0.8403278097982709,0.6206395881515034,0.6893615651196553,0.6340693884498526
typical_30d_49,scaled,0,True,50,37.94848703170029,0.8829290866851807,0.5613129667485922,0.7405836658923781,0.9182219800176364,0.801242795389049,0.8411203170028818,0.6791404766837816,0.7395238095238095,0.7069490742195017
typical_30d_49,scaled,1,True,42,30.41606628242075,0.8829046487808228,0.44757869795756067,0.7066619426621872,0.7437445377043516,0.7166066282420749,0.8098162824207493,0.5696869762189902,0.7126436781609196,0.6464002067867353
typical_30d_49,scaled,2,True,53,37.53962536023055,0.8828954100608826,0.5109867219442888,0.7267385280088814,0.9231726749058807,0.7841138328530259,0.8194164265129683,0.664512435206298,0.7393939393939394,0.7028585313972403
typical_30d_49,scaled,3,True,53,36.82636887608069,0.8829508423805237,0.5245501685217885,0.7236297298811462,0.8802551723028063,0.7760626801152738,0.8290345821325649,0.6580440317104836,0.7268806899856253,0.678103213748259
typical_30d_49,scaled,4,True,41,26.79034582132565,0.8828276991844177,0.4220454315966422,0.7131308564129141,0.7548697322291958,0.7169668587896254,0.8025036023054755,0.6079738287592535,0.7536873156342183,0.661155626771992
typical_30d_49,scaled,5,True,49,34.31376080691643,0.882887601852417,0.511388094560185,0.7187767200699625,0.8240765880867424,0.7448306916426513,0.8282060518731988,0.6437010564462422,0.7135736196319018,0.6457361296638086
typical_30d_49,scaled,6,True,50,29.938760806916427,0.882992148399353,0.42988971157196015,0.7092664501622375,0.8422562324346576,0.7165345821325648,0.7967939481268012,0.5880179582839735,0.6493775933609959,0.627736147313387
typical_30d_49,scaled,7,True,50,32.68912103746398,0.8829013705253601,0.5553652046333544,0.7465471063184076,0.9369633918116698,0.8086455331412103,0.8430475504322766,0.679026086313886,0.7443056576047025,0.7348438629809083
typical_30d_49,scaled,8,True,52,34.5407060518732,0.8829842805862427,0.5531375124966127,0.7473665132069666,0.9294316724395479,0.8172730547550432,0.8403097982708934,0.7058727678710994,0.7433333333333333,0.7463128151562747
typical_30d_49,scaled,9,True,51,32.247838616714695,0.8828773498535156,0.37225710055824346,0.6700746853978713,0.6891366104032121,0.6423270893371757,0.7703170028818443,0.559587258680459,0.6544117647058824,0.5510256851359259
typical_30d_49,scaled,10,True,43,27.735951008645532,0.8830111622810364,0.4573138861891217,0.7275094866019056,0.8806644743993625,0.7544848703170028,0.8087896253602306,0.6380897977662284,0.7470817120622568,0.7070715484089225
typical_30d_49,scaled,11,True,52,35.086455331412104,0.8828794956207275,0.5215261987400261,0.7318146237640054,0.932168937337414,0.7854106628242075,0.8264949567723343,0.6721093202411402,0.7363636363636363,0.6990606605226908
typical_30d_49,scaled,12,True,3,0.03782420749279539,0.8828176259994507,0.004030348234466098,0.029924994355724453,0.0017260233169884237,0.06565201729106629,0.6575468299711815,0.052841997915885015,0.008874128919860627,0.03613638412657655
typical_30d_49,scaled,13,True,49,34.34257925072046,0.8831814527511597,0.5510117580443926,0.7447573964155214,0.9310863829487485,0.8169128242074928,0.8390670028818443,0.7008894553111134,0.7594339622641509,0.7422360761110378
typical_30d_49,scaled,14,True,4,0.25396253602305474,0.8829840421676636,0.004847973854173282,0.048077886307220874,0.0028808873186078193,0.07195605187319885,0.659221902017291,0.06932379407825108,0.009779191343130803,0.04287426415591961
typical_30d_49,scaled,15,True,57,38.69056195965418,0.8830119967460632,0.5026947230069037,0.7192349392571769,0.8884069482148714,0.7722982708933718,0.8170028818443804,0.6860876416742243,0.744466800804829,0.6712011072881335
typical_30d_49,scaled,16,True,3,0.043227665706051875,0.882814347743988,0.0037248112319378246,0.0282058586523146,0.0016147764507298678,0.06509365994236312,0.6553674351585015,0.05240990674636083,0.009342403628117914,0.035273891525468185
typical_30d_49,scaled,17,True,50,38.18443804034582,0.8829265236854553,0.5613332287102671,0.7420736637343235,0.922774819073651,0.7982348703170029,0.8404899135446686,0.6405946855846862,0.667601683029453,0.7091551635343373
typical_30d_49,scaled,18,True,53,33.043948126801155,0.8830159902572632,0.49299789913254743,0.7268373509677241,0.9069601194122299,0.7750720461095101,0.8174351585014409,0.6801266147929264,0.7385321100917431,0.6807737047320993
typical_30d_49,scaled,19,True,49,33.695965417867434,0.8827769756317139,0.5490651337284679,0.7452586821415176,0.9064431734227363,0.7968299711815562,0.8415525936599424,0.686729421709427,0.7539384846211553,0.7193639630248574
typical_30d_49,fixed,0,True,41,36.539985590778095,0.8829290866851807,0.5561997983927746,0.7360155630774122,0.9078795183949512,0.7945965417867435,0.8406880403458213,0.5991497504592509,0.7035060975609756,0.6965266095283722
typical_30d_49,fixed,1,True,28,23.330331412103746,0.8829046487808228,0.3239980423831414,0.6532675795082353,0.5666654041865343,0.5725864553314121,0.7780799711815563,0.4013913520128866,0.25544554455445545,0.49255492040881804
typical_30d_49,fixed,2,True,40,38.251080691642656,0.8828954100608826,0.4934325231995214,0.7146541245384933,0.9221310631106528,0.7710194524495677,0.8103566282420749,0.5483076611821491,0.6947152385838892,0.6745530384000832
typical_30d_49,fixed,3,True,45,37.65850144092219,0.8829508423805237,0.48950064160756895,0.7027834360485021,0.8732816464102984,0.7555475504322766,0.8121397694524496,0.5679950964267044,0.6845360824742268,0.6506707214544717
typical_30d_49,fixed,4,True,34,28.20064841498559,0.8828276991844177,0.411335965995473,0.7011505008670965,0.7557870550546395,0.7075108069164265,0.7930835734870317,0.5233537363534009,0.7014542343883661,0.6456448212189505
typical_30d_49,fixed,5,True,41,36.91822766570605,0.882887601852417,0.487856393051612,0.7016325045681236,0.8233949296977107,0.7274495677233429,0.8136887608069164,0.5323429321644048,0.6224489795918368,0.6186138865743126
typical_30d_49,fixed,6,True,34,31.127521613832855,0.882992148399353,0.4349727851982452,0.7037462201198215,0.8457093723079367,0.720821325648415,0.7960734870317003,0.48698019159755146,0.6001722158438576,0.6164782971133843
typical_30d_49,fixed,7,True,36,29.029178674351584,0.8829013705253601,0.47414086294529606,0.7189496575413586,0.8591065976983346,0.7467399135446686,0.8160302593659943,0.5210885706808471,0.6817079087821446,0.6686703868273344
typical_30d_49,fixed,8,True,41,37.21361671469741,0.8829842805862427,0.4887572606717425,0.7095578079089953,0.9013638776738074,0.7706412103746397,0.8101224783861671,0.5574833026256071,0.6982968369829684,0.6741820075399996
typical_30d_49,fixed,9,True,44,32.930475504322764,0.8828773498535156,0.3652982588269762,0.6637862152953585,0.6963946222896359,0.6408681556195965,0.76453530259366,0.48775282390354535,0.6054054054054054,0.5499985898774401
typical_30d_49,fixed,10,True,35,29.22550432276657,0.8830111622810364,0.453442192260684,0.7187038116466664,0.881081426390342,0.7481628242074928,0.8035122478386167,0.5505445749874063,0.6875,0.6851212085431161
typical_30d_49,fixed,11,True,43,36.97946685878963,0.8828794956207275,0.5006281962243292,0.7185013556790335,0.9331849691799773,0.7719020172910663,0.8145533141210375,0.5714460559529052,0.6938472942920682,0.6703010629641593
typical_30d_49,fixed,12,True,2,0.3584293948126801,0.8828176259994507,0.004029578679318226,0.029328334076747318,0.0009415325418068932,0.062445965417867434,0.6543407780979827,0.032433834650578884,0.008511178861788617,0.03125780056027714
typical_30d_49,fixed,13,True,43,38.55187319884726,0.8831814527511597,0.5256759275580266,0.729301627840963,0.940487907347852,0.803350144092219,0.824171469740634,0.6217945589721304,0.7213740458015268,0.7200171153736769
typical_30d_49,fixed,14,True,2,0.9420028818443804,0.8829840421676636,0.004830359738420492,0.042412592143432785,0.001242372453987996,0.06536383285302594,0.652557636887608,0.031044275987076972,0.008353440081889303,0.032935482819995615
typical_30d_49,fixed,15,True,47,40.75828530259366,0.8830119967460632,0.48942606604331645,0.7064939421563527,0.8892452079210033,0.760014409221902,0.8085734870317003,0.5861927907941359,0.691776883266245,0.6526687478553741
typical_30d_49,fixed,16,True,2,0.33861671469740634,0.882814347743988,0.003724065641566017,0.02764621505329316,0.0009013404676933402,0.062211815561959656,0.652485590778098,0.032250623520875515,0.008489795918367347,0.030873022754666184
typical_30d_49,fixed,17,True,37,33.3321325648415,0.8829265236854553,0.48792141060674876,0.7138054865759687,0.8086563497869335,0.7486671469740634,0.8188400576368876,0.5365106601726303,0.6226415094339622,0.6620099447750158
typical_30d_49,fixed,18,True,42,34.42182997118156,0.8830159902572632,0.47737069098935403,0.7109695919180908,0.8837233970671367,0.7523234870317003,0.8091318443804034,0.5645481430945742,0.7030386740331491,0.6476301794771255
typical_30d_49,fixed,19,True,41,33.731988472622476,0.8827769756317139,0.5199229886540343,0.7316690576010414,0.8982683930991877,0.7813400576368876,0.828800432276657,0.6072067174705964,0.7114695340501792,0.6919416306248273
robust_20d_49,scaled,0,True,46,30.675432276657062,0.8829290866851807,0.5725634474767358,0.7427700544198421,0.9413896906753446,0.7927053314121038,0.8431195965417867,0.6744374553229743,0.7516339869281046,0.7307805945713751
robust_20d_49,scaled,1,True,48,30.271974063400574,0.8829046487808228,0.33718075501007927,0.6613750977412711,0.6447132934186859,0.6222982708933718,0.7538184438040346,0.5801011306565363,0.7175866495507061,0.5306090580868785
robust_20d_49,scaled,2,True,58,37.184798270893374,0.8828954100608826,0.48383388006658296,0.7035816164665342,0.6578664491842792,0.719128242074928,0.8238292507204611,0.6818170951125105,0.7377690802348337,0.5951909919248504
robust_20d_49,scaled,3,True,57,40.03242074927954,0.8829508423805237,0.45815138591937593,0.6940272467747876,0.6816379207294592,0.7070965417867435,0.8052773775216139,0.6597266545621977,0.7327358987875593,0.5738512122029644
robust_20d_49,scaled,4,True,49,30.80511527377522,0.8828276991844177,0.6003925968455961,0.7563273487918994,0.9591535370477781,0.8150396253602306,0.8526657060518732,0.7123345622483749,0.7656903765690377,0.7508485465885963
robust_20d_49,scaled,5,True,51,31.212175792507203,0.882887601852417,0.5744044569574551,0.7431619441558718,0.9369123408765577,0.8001440922190202,0.843335734870317,0.6970689686211154,0.7645327446651949,0.7270192894978788
robust_20d_49,scaled,6,True,3,0.03782420749279539,0.882992148399353,0.004511293461833508,0.03155345831068848,0.0035358605368860374,0.15414265129682997,0.6610410662824208,0.05234142278037586,0.006732601397332365,0.06143489563416065
robust_20d_49,scaled,7,True,58,38.32312680115274,0.8829013705253601,0.4841367703637453,0.7124895009937174,0.7323559979238884,0.7344380403458213,0.816264409221902,0.7041385865083334,0.7566244239631337,0.6203188531149179
robust_20d_49,scaled,8,True,3,0.03962536023054755,0.8829842805862427,0.004468968271252519,0.03143191121296435,0.0035204904402513252,0.15363832853025935,0.6593659942363113,0.05235487924954204,0.006387225548902195,0.061270152811287115
robust_20d_49,scaled,9,True,4,0.3170028818443804,0.8828773498535156,0.005565256105886177,0.05533247790264363,0.006531228239992119,0.1617615273775216,0.6627701729106629,0.06928431885923238,0.007164452588181402,0.06874120963432631
robust_20d_49,scaled,10,True,3,0.04142651296829971,0.8830111622810364,0.004336698071103044,0.03089201046668124,0.0034019352196074954,0.15360230547550432,0.6608609510086455,0.05299224522232906,0.006513180572942179,0.06091313432588344
robust_20d_49,scaled,11,True,58,41.711095100864554,0.8828794956207275,0.47461052180222246,0.7049434353965996,0.7177904529127827,0.7309798270893372,0.8096361671469741,0.6981020108157844,0.7626262626262627,0.6106594143683083
robust_20d_49,scaled,12,True,3,0.03782420749279539,0.8828176259994507,0.0045878252176672985,0.03187982810323274,0.003532157389095272,0.15356628242074927,0.6614553314121038,0.05271882122096968,0.006750871080139373,0.061235309980076806
robust_20d_49,scaled,13,True,59,38.982348703170025,0.8831814527511597,0.44252445195544343,0.6915485617101071,0.7081047679348426,0.6957492795389049,0.7964877521613832,0.6595153042323013,0.7142857142857143,0.5699166385050932
robust_20d_49,scaled,14,True,55,38.456412103746395,0.8829840421676636,0.49395153416706944,0.7187784489431445,0.7289424049755758,0.740814121037464,0.8221541786743516,0.6901001408746951,0.7729166666666667,0.6291082534453933
robust_20d_49,scaled,15,True,3,0.027017291066282423,0.8830119967460632,0.004559293689577689,0.030933166151281753,0.0034603195241936133,0.15338616714697406,0.6589877521613833,0.05241413663684024,0.006422351233671989,0.06098593423854763
robust_20d_49,scaled,16,True,3,0.043227665706051875,0.882814347743988,0.00419586251454513,0.030069208264541483,0.0033194948906443695,0.15313400576368877,0.6611311239193084,0.052436402099824087,0.006784580498866213,0.06049799726853868
robust_20d_49,scaled,17,True,49,32.237031700288185,0.8829265236854553,0.5771403721501767,0.7441617950581888,0.8174397026322582,0.8001801152737752,0.8551512968299712,0.6948626329703481,0.7608695652173914,0.7262536543800221
robust_20d_49,scaled,18,True,56,36.221181556195965,0.8830159902572632,0.45849149151486934,0.6990632995054783,0.6857745850104371,0.6926332853025937,0.8095461095100864,0.6528996341621679,0.7288368891947694,0.5696601174052477
robust_20d_49,scaled,19,True,41,26.019452449567726,0.8827769756317139,0.5450934418828673,0.740816011367597,0.9225230133558425,0.7789805475504322,0.8345280979827089,0.6132852381609033,0.7478005865102639,0.7328850806945002
robust_20d_49,fixed,0,True,41,30.89157060518732,0.8829290866851807,0.570583313207427,0.7415004254763083,0.9427612253839809,0.7941462536023055,0.8413184438040345,0.6194337104321919,0.751269035532995,0.7325111530330592
robust_20d_49,fixed,1,True,41,29.971181556195965,0.8829046487808228,0.33164498176786844,0.6572179148855015,0.6488827645357615,0.6168587896253602,0.7505943804034582,0.5135002018661843,0.6135752688172043,0.5200634226085319
robust_20d_49,fixed,2,True,53,36.518371757925074,0.8828954100608826,0.4810570719109317,0.7048209212693268,0.6615623494126006,0.7127881844380404,0.8230007204610951,0.6518824088613189,0.7377690802348337,0.5931965855783085
robust_20d_49,fixed,3,True,45,33.288904899135446,0.8829508423805237,0.3741518899742122,0.6685477322349322,0.6214790459078301,0.6313940922190202,0.7725324207492795,0.5515654916264152,0.6211453744493393,0.5171103472940813
robust_20d_49,fixed,4,True,42,31.9578530259366,0.8828276991844177,0.5918701144147938,0.7497858807081432,0.9590224753112168,0.8095821325648415,0.8472262247838617,0.641868264883822,0.7292225201072386,0.7378541935609035
robust_20d_49,fixed,5,True,44,31.99207492795389,0.882887601852417,0.5712220781985667,0.7386241341344069,0.9361070719102994,0.7923090778097983,0.8410122478386167,0.6316200864063423,0.7037037037037037,0.7106490323342671
robust_20d_49,fixed,6,True,3,0.03782420749279539,0.882992148399353,0.004511293461833508,0.03155345831068848,0.0035358605368860374,0.15414265129682997,0.6610410662824208,0.05234142278037586,0.006732601397332365,0.06143489563416065
robust_20d_49,fixed,7,True,48,37.02269452449568,0.8829013705253601,0.4861732105433009,0.7108159655228091,0.7213608864502262,0.7346361671469741,0.8204791066282421,0.6169929422397223,0.7259615384615384,0.625713037203187
robust_20d_49,fixed,8,True,3,0.03962536023054755,0.8829842805862427,0.004468968271252519,0.03143191121296435,0.0035204904402513252,0.15363832853025935,0.6593659942363113,0.05235487924954204,0.006387225548902195,0.061270152811287115
robust_20d_49,fixed,9,True,4,0.3170028818443804,0.8828773498535156,0.005565256105886177,0.05533247790264363,0.006531228239992119,0.1617615273775216,0.6627701729106629,0.06928431885923238,0.007164452588181402,0.06874120963432631
robust_20d_49,fixed,10,True,3,0.04142651296829971,0.8830111622810364,0.004336698071103044,0.03089201046668124,0.0034019352196074954,0.15360230547550432,0.6608609510086455,0.05299224522232906,0.006513180572942179,0.06091313432588344
robust_20d_49,fixed,11,True,52,40.761887608069166,0.8828794956207275,0.4768689740286344,0.7047036225307118,0.7187829263042744,0.7280259365994236,0.8114553314121038,0.6439822921806128,0.7533333333333333,0.6029282758291069
robust_20d_49,fixed,12,True,3,0.03782420749279539,0.8828176259994507,0.0045878252176672985,0.03187982810323274,0.003532157389095272,0.15356628242074927,0.6614553314121038,0.05271882122096968,0.006750871080139373,0.061235309980076806
robust_20d_49,fixed,13,True,54,40.08465417867435,0.8831814527511597,0.45079438269193284,0.6959233649517516,0.7203656249920342,0.7087896253602306,0.7991534582132565,0.6375995549380802,0.7142857142857143,0.588907632111475
robust_20d_49,fixed,14,True,4,0.38904899135446686,0.8829840421676636,0.005358320901331861,0.053061411010898764,0.00598380899640313,0.1614193083573487,0.6634546109510087,0.06950214641173585,0.006918641896220372,0.06839855283995984
robust_20d_49,fixed,15,True,3,0.027017291066282423,0.8830119967460632,0.004559293689577689,0.030933166151281753,0.0034603195241936133,0.15338616714697406,0.6589877521613833,0.05241413663684024,0.006422351233671989,0.06098593423854763
robust_20d_49,fixed,16,True,3,0.043227665706051875,0.882814347743988,0.00419586251454513,0.030069208264541483,0.0033194948906443695,0.15313400576368877,0.6611311239193084,0.052436402099824087,0.006784580498866213,0.06049799726853868
robust_20d_49,fixed,17,True,43,32.72334293948127,0.8829265236854553,0.5757275045773315,0.7404629162258726,0.8160777497746226,0.7869056195965418,0.8539985590778097,0.6291187033274381,0.7397009459871834,0.7095373338310218
robust_20d_49,fixed,18,True,45,32.90525936599424,0.8830159902572632,0.37302361262699874,0.6665386030050711,0.6256939785534028,0.620407060518732,0.7711635446685879,0.5326599134700356,0.6112198303979126,0.5117910674253225
robust_20d_49,fixed,19,True,46,29.848703170028816,0.8827769756317139,0.6194426278654668,0.7638867631734203,0.9686962814659839,0.8345821325648415,0.8602125360230548,0.6935417736572251,0.7723785166240409,0.7776984176949668
robust_20d_29,scaled,0,True,29,26.260806916426517,0.8829290866851807,0.6010285895280957,0.7436318524155267,0.9388383787841029,0.808807636887608,0.8589337175792507,0.6875665491415546,0.7710495963091119,0.7546509429688788
robust_20d_29,scaled,1,True,31,29.747838616714695,0.8829046487808228,0.462103049054039,0.7024668373325802,0.7569710619268021,0.7256484149855907,0.818786023054755,0.6781696213331767,0.7661691542288557,0.628787266035318
robust_20d_29,scaled,2,True,3,1.2662103746397695,0.8828954100608826,0.008701913409164652,0.10188649588292711,0.016632410264501074,0.1877521613832853,0.7087175792507204,0.0825542817493253,0.017107543899314192,0.10259074545389259
robust_20d_29,scaled,3,True,33,33.991354466858795,0.8829508423805237,0.5279577247801553,0.7208176573250874,0.7445270696144171,0.7520533141210375,0.8487211815561959,0.7356380523745132,0.7635829662261381,0.6396909390238527
robust_20d_29,scaled,4,True,26,22.957492795389047,0.8828276991844177,0.5579762989240054,0.7339838698609188,0.9216731779240964,0.7686599423631124,0.8420929394812681,0.649492522783965,0.7406679764243614,0.7165944582009094
robust_20d_29,scaled,5,True,32,35.127881844380404,0.882887601852417,0.550121136092691,0.7209451807806576,0.9172466448189196,0.7660302593659942,0.8342759365994237,0.6689992039030843,0.7546115148127446,0.681823583898429
robust_20d_29,scaled,6,True,32,33.470821325648416,0.882992148399353,0.5202463718441229,0.7156286026846088,0.7609200615170406,0.7386707492795389,0.8382564841498559,0.669937754715717,0.7445255474452555,0.6492272310444681
robust_20d_29,scaled,7,True,33,32.818804034582136,0.8829013705253601,0.48819502218295663,0.709376081814998,0.7837157665661484,0.7453710374639769,0.8268011527377521,0.6911909786080145,0.7700192184497118,0.649336193625298
robust_20d_29,scaled,8,True,32,33.97874639769453,0.8829842805862427,0.5191069593974265,0.7252659025135823,0.7950811763318586,0.7525396253602306,0.8396253602305476,0.7204212631910196,0.7754569190600522,0.6556273093780439
robust_20d_29,scaled,9,True,2,1.0626801152737753,0.8828773498535156,-0.004794763040693207,0.031974414332921475,0.0031326690499125453,0.16188760806916427,0.7068443804034582,0.05320040590948207,0.016655978011910214,0.06921756433448378
robust_20d_29,scaled,10,True,31,31.358069164265128,0.8830111622810364,0.49763976370486157,0.7154640512094642,0.7574698987743597,0.7350864553314121,0.8350324207492795,0.6659077117626375,0.7287721441661577,0.63226831997067
robust_20d_29,scaled,11,True,30,31.390489913544666,0.8828794956207275,0.47132839598283033,0.7042409935751563,0.7469197738270825,0.7082492795389049,0.8234690201729107,0.6780469042740566,0.7767584097859327,0.6083726097117164
robust_20d_29,scaled,12,True,28,28.87247838616715,0.8828176259994507,0.5090168461413412,0.7087314626076134,0.8931291139111398,0.7298811239193084,0.8175612391930835,0.6059429892569962,0.7204649905379832,0.6552000667787145
robust_20d_29,scaled,13,True,27,36.03025936599424,0.8831814527511597,0.33286659775117083,0.6390897874923903,0.6146756543823617,0.5786023054755043,0.7518191642651297,0.5026220612617153,0.5765345765345765,0.4707172929586659
robust_20d_29,scaled,14,True,2,1.0752881844380402,0.8829840421676636,-0.0043255543213858855,0.030961527273839176,0.0028154411698790133,0.16150936599423632,0.7073667146974063,0.05393683044175637,0.01667398784684091,0.06958339804857899
robust_20d_29,scaled,15,True,30,32.195605187319885,0.8830119967460632,0.6300857182114857,0.760393117284863,0.9648393022672216,0.8452089337175792,0.864193083573487,0.7573988757047604,0.7838357921744709,0.7846853557080338
robust_20d_29,scaled,16,True,31,38.460014409221905,0.882814347743988,0.44654327200375515,0.7003269914488798,0.717322458509146,0.6986671469740634,0.8060338616714697,0.6700946248517816,0.7832783278327833,0.5795555176720563
robust_20d_29,scaled,17,True,30,28.278097982708932,0.8829265236854553,0.5612175951029387,0.7354711275498496,0.8472898384397051,0.7908321325648415,0.8514409221902017,0.6945383787399831,0.7397009459871834,0.7325635452178828
robust_20d_29,scaled,18,True,25,28.921109510086456,0.8830159902572632,0.5500178072345526,0.7235870798523739,0.7709142859006874,0.7412644092219021,0.8580691642651297,0.5911013635327076,0.7037671232876712,0.6384138289977557
robust_20d_29,scaled,19,True,26,27.03170028818444,0.8827769756317139,0.5080589346102251,0.7211496595661336,0.9011498083295224,0.7346721902017291,0.8146613832853026,0.653536685115023,0.7854406130268199,0.6768512084163496
robust_20d_29,fixed,0,True,24,20.97442363112392,0.8829290866851807,0.5004941656079542,0.7100669010004952,0.868329199713649,0.7115453890489913,0.82296469740634,0.5771332020105114,0.7239459029435164,0.6753742336668073
robust_20d_29,fixed,1,True,29,28.443804034582133,0.8829046487808228,0.4573180623260501,0.6947579442873885,0.742369428471565,0.7072586455331412,0.8199747838616714,0.6183946021277861,0.7049180327868853,0.599137306639534
robust_20d_29,fixed,2,True,3,1.2662103746397695,0.8828954100608826,0.008701913409164652,0.10188649588292711,0.016632410264501074,0.1877521613832853,0.7087175792507204,0.0825542817493253,0.017107543899314192,0.10259074545389259
robust_20d_29,fixed,3,True,27,34.299351585014406,0.8829508423805237,0.50281906497607,0.7049082953923531,0.7424617057572731,0.7277557636887608,0.8359510086455332,0.6048682065311816,0.7300613496932515,0.6044996701291451
robust_20d_29,fixed,4,True,24,21.86419308357349,0.8828276991844177,0.5423835293868315,0.7246965134448287,0.9151925386810038,0.7532961095100864,0.8362391930835735,0.5912976948957254,0.6762589928057554,0.6974332966327609
robust_20d_29,fixed,5,True,25,33.43659942363112,0.882887601852417,0.5366382771869523,0.7107089013347301,0.9166028756498462,0.7430295389048991,0.8264769452449567,0.5540909829431068,0.6399082568807339,0.6538698370278891
robust_20d_29,fixed,6,True,28,33.75720461095101,0.882992148399353,0.5109619060086107,0.709591184364185,0.768456816523264,0.7307276657060519,0.8316822766570605,0.5970140909516343,0.7351560342446838,0.6369676943700364
robust_20d_29,fixed,7,True,28,27.296469740634006,0.8829013705253601,0.3998899517771875,0.6799056646869804,0.7024001107527666,0.6431015850144092,0.7939481268011528,0.5832583328349132,0.7566244239631337,0.5721196251267994
robust_20d_29,fixed,8,True,26,34.19308357348703,0.8829842805862427,0.49475943919792004,0.7073048345856406,0.7911110489260029,0.7261527377521614,0.8280439481268012,0.5793372987287834,0.6420250896057348,0.6164722554202801
robust_20d_29,fixed,9,True,2,1.0626801152737753,0.8828773498535156,-0.004794763040693207,0.031974414332921475,0.0031326690499125453,0.16188760806916427,0.7068443804034582,0.05320040590948207,0.016655978011910214,0.06921756433448378
robust_20d_29,fixed,10,True,28,31.38508645533141,0.8830111622810364,0.4976917991193691,0.7111263010548325,0.7516070590454554,0.7268551873198847,0.8357348703170029,0.6081220604042904,0.7233009708737864,0.6140670474605614
robust_20d_29,fixed,11,True,2,0.8519452449567724,0.8828794956207275,-0.0029925224344098623,0.03159927440280611,0.0030853673036760117,0.15929394812680114,0.7059798270893372,0.0569709274907194,0.016681588131040908,0.06991851298484537
robust_20d_29,fixed,12,True,25,27.395533141210375,0.8828176259994507,0.5114036368831719,0.7115180687174518,0.8989210862751777,0.7268371757925072,0.8169488472622478,0.5836325551964009,0.6940686784599376,0.6498684888163917
robust_20d_29,fixed,13,True,25,35.163904899135446,0.8831814527511597,0.3315611018226999,0.6351393572817486,0.6090280722401843,0.5700648414985591,0.7522334293948126,0.45000807777185375,0.34336457819437594,0.45234333277399497
robust_20d_29,fixed,14,True,31,38.539265129682995,0.8829840421676636,0.4337818393680417,0.6914945952698546,0.7111388471753508,0.6976945244956773,0.7983969740634006,0.6429736755813712,0.757847533632287,0.5766590789224401
robust_20d_29,fixed,15,True,24,30.98883285302594,0.8830119967460632,0.6110138043566828,0.7490456514083942,0.9712978622753756,0.8341318443804034,0.8530979827089337,0.6459598332637765,0.7428407789232532,0.7750954038596202
robust_20d_29,fixed,16,True,28,38.971541786743515,0.882814347743988,0.42747921324082966,0.6880232504612759,0.7151718410397246,0.6825108069164265,0.7956952449567724,0.5851300540895444,0.7113672079622839,0.5608831655034084
robust_20d_29,fixed,17,True,27,28.472622478386167,0.8829265236854553,0.5530940986500477,0.7308491380194154,0.8559367079908798,0.788292507204611,0.8449207492795389,0.6364798713932499,0.696042660679203,0.7295413962185365
robust_20d_29,fixed,18,True,24,29.35698847262248,0.8830159902572632,0.5245154177406969,0.7104055879822962,0.7770671956584608,0.7340057636887608,0.8475864553314121,0.5417526206419208,0.657520325203252,0.6213410227136829
robust_20d_29,fixed,19,True,21,22.43155619596542,0.8827769756317139,0.5209309923575561,0.7195106473581073,0.891311675859463,0.7452989913544669,0.8242435158501441,0.5731233515433682,0.7066381156316917,0.6846296052438167
direct_2d_70,scaled,0,True,51,23.130403458213255,0.8829290866851807,0.22590175032215956,0.5949368198673918,0.6228392813885705,0.5652017291066282,0.7210194524495678,0.3874651019517611,0.4523064469360139,0.4649134471612332
direct_2d_70,scaled,1,True,55,30.126080691642652,0.8829046487808228,0.2662158404169629,0.6001341491712542,0.6907540420706763,0.5838256484149856,0.724963976945245,0.4175832528915345,0.43357659568475626,0.4794653493031533
direct_2d_70,scaled,2,True,52,23.994956772334294,0.8828954100608826,0.2408415330342384,0.6051042052611614,0.6701053381871425,0.5822586455331412,0.726693083573487,0.39618923983669746,0.3964757709251101,0.4860621173446354
direct_2d_70,scaled,3,True,58,25.78350144092219,0.8829508423805237,0.2667551678851415,0.6221543090552908,0.7242513663090283,0.6116534582132565,0.733321325648415,0.4719259458218284,0.5255171373968075,0.5265889375368898
direct_2d_70,scaled,4,True,60,31.54178674351585,0.8828276991844177,0.27784611257653824,0.6046865551415758,0.7854450622976439,0.6134906340057636,0.7255943804034583,0.4542993527393859,0.4435604759376659,0.508736774824852
direct_2d_70,scaled,5,True,56,31.170749279538907,0.882887601852417,0.2756270827636337,0.6068642873204357,0.788564385421101,0.6251080691642651,0.7236851585014409,0.43373316543303997,0.4463645235017677,0.521376027031349
direct_2d_70,scaled,6,True,55,27.75036023054755,0.882992148399353,0.27870751801516486,0.6107198360714896,0.784552893249506,0.6178314121037464,0.7336815561959654,0.4179396641219265,0.41232481388449466,0.5128246431143099
direct_2d_70,scaled,7,True,56,28.488832853025936,0.8829013705253601,0.25517507235814224,0.6086156237958723,0.7944761446983537,0.6269452449567723,0.7178494236311239,0.45243557048460203,0.4902191796622656,0.5338185423101252
direct_2d_70,scaled,8,True,49,25.329610951008647,0.8829842805862427,0.20302593439779518,0.5788739629795531,0.5896060660544586,0.5193804034582132,0.6981808357348703,0.3544092298876153,0.3239869967659662,0.4514895746681829
direct_2d_70,scaled,9,True,50,25.03962536023055,0.8828773498535156,0.2133500002451947,0.5740011043798681,0.5771095364084942,0.5238472622478386,0.710806916426513,0.3590562507285772,0.37904722904722904,0.4251263728162817
direct_2d_70,scaled,10,True,68,28.018731988472624,0.8830111622810364,0.2432067048370431,0.6027716970204499,0.7817780919310195,0.6095641210374639,0.7130403458213257,0.4501850895223846,0.4846075029535787,0.5259912089079144
direct_2d_70,scaled,11,True,49,21.554394812680115,0.8828794956207275,0.21977898324246695,0.5941525801037213,0.6209801720487393,0.5380763688760807,0.7181556195965418,0.3741349284779706,0.3899443014530648,0.4527255223544963
direct_2d_70,scaled,12,True,54,25.563760806916424,0.8828176259994507,0.27412355654390497,0.6169818418926987,0.6592509012435843,0.5900396253602306,0.7412463976945245,0.4270150428544545,0.4487308190859757,0.49745183851466973
direct_2d_70,scaled,13,True,3,0.5259365994236311,0.8831814527511597,0.0016647896442094153,0.031024369290370758,0.0012787303148169013,0.05869956772334294,0.6889949567723342,0.036455561293261066,0.006265789299942378,0.030358610316639164
direct_2d_70,scaled,14,True,52,24.41102305475504,0.8829840421676636,0.23325711083830386,0.5988990957103806,0.6748076619558728,0.5740273775216138,0.7167867435158501,0.39562244865824997,0.411360086507269,0.4972800336416758
direct_2d_70,scaled,15,True,4,0.08285302593659942,0.8830119967460632,0.005235815252663322,0.043072239323711445,0.002218697441392799,0.05954610951008645,0.6881484149855908,0.048460668508829546,0.0066301369863013705,0.034760799767658564
direct_2d_70,scaled,16,True,63,30.626801152737755,0.882814347743988,0.2881149722751196,0.6053927816092024,0.7428635609194256,0.6240994236311239,0.736257204610951,0.42400090612016245,0.4713830444538389,0.5116919077663568
direct_2d_70,scaled,17,True,63,28.92471181556196,0.8829265236854553,0.2255736314494236,0.5871563689499,0.6917335402388618,0.5779538904899135,0.7031700288184438,0.4248834958292421,0.45006942356965973,0.5041626969848516
direct_2d_70,scaled,18,True,57,31.936239193083573,0.8830159902572632,0.28568406712117717,0.6025257927771289,0.761585548964352,0.625756484149856,0.7310878962536023,0.43232745453577665,0.4773992629976768,0.511382370564959
direct_2d_70,scaled,19,True,65,29.360590778097983,0.8827769756317139,0.2566676885936576,0.6011076809262706,0.7736342078756974,0.6057636887608069,0.7180835734870317,0.4329955014181427,0.4728069096404597,0.5135576301429974
direct_2d_70,fixed,0,True,40,22.489193083573486,0.8829290866851807,0.21827075369923415,0.5882641577942936,0.6219561797989847,0.5564301152737752,0.7168407780979827,0.3342193079062046,0.34242007212304243,0.4480556980510157
direct_2d_70,fixed,1,True,41,23.80043227665706,0.8829046487808228,0.2257622615059838,0.5844145846997824,0.5393340985261703,0.5298090778097982,0.722514409221902,0.3380796299007056,0.2842742199468399,0.41811682396275796
direct_2d_70,fixed,2,True,40,21.920028818443804,0.8828954100608826,0.21152190245131883,0.593322809375351,0.638454436364595,0.5474963976945245,0.7118515850144093,0.33309882764353826,0.2629563977180114,0.45300913899192946
direct_2d_70,fixed,3,True,42,24.537103746397694,0.8829508423805237,0.23809456957046143,0.5995394329324599,0.6462932126692214,0.5614913544668588,0.721721902017291,0.3543032778978967,0.36274645485648904,0.45808067601339203
direct_2d_70,fixed,4,True,46,30.014409221902017,0.8828276991844177,0.24707340766018215,0.5866866728414535,0.7420972537046521,0.5726765129682997,0.7105727665706052,0.3640813358362607,0.334370187314208,0.46527754492824974
direct_2d_70,fixed,5,True,38,24.185878962536023,0.882887601852417,0.2121627755576242,0.5816464843065331,0.6501842859368965,0.5335374639769452,0.697928674351585,0.313934967874286,0.3241833455813484,0.4481991130287294
direct_2d_70,fixed,6,True,46,25.396253602305475,0.882992148399353,0.2649050149870146,0.606482218331714,0.7651674989785262,0.5963436599423632,0.7317543227665706,0.36772093991726845,0.3700817176419746,0.48535222831976443
direct_2d_70,fixed,7,True,4,0.7132564841498559,0.8829013705253601,0.003624971495540472,0.051412553442000554,0.002177281953076759,0.0656700288184438,0.6903818443804035,0.040681721995285997,0.006124646325101385,0.03813844152121704
direct_2d_70,fixed,8,True,42,25.778097982708935,0.8829842805862427,0.19815518850530178,0.5721436451128088,0.5866015015754538,0.5097622478386167,0.6932636887608069,0.3161460695683902,0.25392515573257995,0.43401717704088555
direct_2d_70,fixed,9,True,4,0.8807636887608069,0.8828773498535156,0.005218657586864342,0.060508901212031785,0.0027258507175293998,0.06444524495677234,0.6863652737752162,0.04173025576383027,0.006417395181342451,0.0355069082120453
direct_2d_70,fixed,10,True,52,27.54322766570605,0.8830111622810364,0.23029559244343029,0.5919009822774653,0.7509945958292279,0.5817363112391931,0.7065201729106628,0.37875179589630137,0.44826234822116534,0.4822036948280435
direct_2d_70,fixed,11,True,42,22.845821325648416,0.8828794956207275,0.22296008347150503,0.5895286626042757,0.6230346936528228,0.538364553314121,0.7158321325648415,0.35014427964238876,0.34270703382060497,0.4438290664758609
direct_2d_70,fixed,12,True,43,25.10987031700288,0.8828176259994507,0.2738198629929876,0.6106608854271567,0.6382509425102343,0.5776657060518732,0.7420028818443805,0.37653128728105373,0.40760198593735925,0.46486798463180723
direct_2d_70,fixed,13,True,2,0.8537463976945245,0.8831814527511597,0.0016559028928379764,0.028096193387194004,0.0006868537371144928,0.05543948126801153,0.6857168587896254,0.022248339943182566,0.006056073402528228,0.025647534535920107
direct_2d_70,fixed,14,True,42,25.194524495677236,0.8829840421676636,0.2387634628205967,0.5973058730228742,0.6714232251550619,0.5678134005763689,0.7186779538904899,0.36232355511849634,0.3472043724657956,0.4780620291255945
direct_2d_70,fixed,15,True,3,0.4250720461095101,0.8830119967460632,0.0052344616503742685,0.04223815386518929,0.0016176002965867377,0.05625,0.6847982708933718,0.03455089407273932,0.006383446554526313,0.030040617938944962
direct_2d_70,fixed,16,True,53,29.661383285302595,0.882814347743988,0.25682956803884316,0.5959394296477037,0.7372983949708257,0.5950288184438041,0.7198306916426513,0.384091969462014,0.3896951999715659,0.4914675872855094
direct_2d_70,fixed,17,True,51,28.595100864553313,0.8829265236854553,0.21504111126208664,0.5804076898034911,0.6928285344196273,0.5651476945244956,0.6960194524495678,0.3714841802899457,0.39494853317980805,0.4827547276866857
direct_2d_70,fixed,18,True,46,32.710734870317005,0.8830159902572632,0.2645377141727983,0.5871074120834927,0.7609714364544515,0.6050432276657061,0.7163904899135447,0.36682418339666767,0.3657642504624571,0.4804536078851017
direct_2d_70,fixed,19,True,52,30.291786743515853,0.8827769756317139,0.24158919427995945,0.5895047511578962,0.7540006746314336,0.5883465417867435,0.7064301152737752,0.37436659770310554,0.4072176538609791,0.4851947237275122
direct_2d_historical_params,scaled,0,True,56,29.971181556195965,0.8829290866851807,0.26060108840620777,0.5910876810431044,0.7211637338114002,0.6032240634005763,0.7080691642651297,0.4300630499307037,0.46417910447761196,0.5034436919657175
direct_2d_historical_params,scaled,1,True,56,30.522334293948127,0.8829046487808228,0.3731321404300854,0.645651723910512,0.8223076064957744,0.6951729106628242,0.7666606628242075,0.522139091419163,0.5836431226765799,0.5968911675891388
direct_2d_historical_params,scaled,2,True,57,28.306916426512966,0.8828954100608826,0.2785563777127629,0.6075674991144118,0.7737355264165985,0.6222802593659942,0.7200468299711815,0.45615842486916036,0.47468354430379744,0.5427933947694744
direct_2d_historical_params,scaled,3,True,55,27.721541786743515,0.8829508423805237,0.27222099158563073,0.5992592259181966,0.7498424098159928,0.6239373198847262,0.7207853025936599,0.4586919205832062,0.48333333333333334,0.5302969806025979
direct_2d_historical_params,scaled,4,True,75,39.09762247838617,0.8828276991844177,0.3395887742070763,0.6102710665000487,0.8990923601737689,0.6987752161383285,0.7333753602305475,0.5261892303228728,0.5098493626882966,0.5875695419369503
direct_2d_historical_params,scaled,5,True,65,34.7550432276657,0.882887601852417,0.31434685680825347,0.6052707483590188,0.836011852680672,0.662536023054755,0.7283321325648415,0.5105598197237818,0.5283018867924528,0.557156964231289
direct_2d_historical_params,scaled,6,True,61,35.30619596541787,0.882992148399353,0.3007701229107559,0.6020179837870413,0.862019055063926,0.6420389048991354,0.7182456772334294,0.4714453940152687,0.49812734082397003,0.5376586211133303
direct_2d_historical_params,scaled,7,True,48,24.3335734870317,0.8829013705253601,0.21231964691643848,0.5665744377764449,0.45979944356876984,0.5410482708933717,0.7104646974063401,0.42558345866093666,0.43911439114391143,0.4375906565153905
direct_2d_historical_params,scaled,8,True,52,34.70280979827089,0.8829842805862427,0.30432101026629677,0.6019806928690962,0.7648330247830003,0.6274135446685879,0.7258465417867436,0.43860030074086953,0.4720416124837451,0.515378252846292
direct_2d_historical_params,scaled,9,True,6,0.7835014409221902,0.8828773498535156,0.005340595112912976,0.0777969661845392,0.005023644547774129,0.08153818443804034,0.645443083573487,0.07442755541597779,0.006948314940734961,0.049407582692957246
direct_2d_historical_params,scaled,10,True,64,31.621037463976947,0.8830111622810364,0.38940355670479043,0.654062832495375,0.9226911272551588,0.7220100864553314,0.7686599423631124,0.5416572150080688,0.5627906976744186,0.6399193773763141
direct_2d_historical_params,scaled,11,True,6,0.7402737752161384,0.8828794956207275,0.007899922603848844,0.08180142193483515,0.004998801661716844,0.08079971181556196,0.642957492795389,0.0775420953535591,0.006907693164726199,0.051481949040174065
direct_2d_historical_params,scaled,12,True,57,33.4600144092219,0.8828176259994507,0.32651434374904587,0.6146489825644168,0.7732335939275066,0.6522334293948127,0.7384906340057636,0.47446553689115556,0.5143884892086331,0.5542448162718793
direct_2d_historical_params,scaled,13,True,4,0.05943804034582133,0.8831814527511597,0.005381228270361427,0.03687376660993306,0.0021989026456680663,0.06530979827089337,0.6394092219020173,0.05031322740493687,0.005824747897630055,0.03703818658084321
direct_2d_historical_params,scaled,14,True,66,33.049351585014406,0.8829840421676636,0.33886026946294023,0.6292013170542547,0.8646621300920775,0.6769992795389049,0.7435878962536023,0.5135412608710298,0.5476815398075241,0.5791232483381799
direct_2d_historical_params,scaled,15,True,5,0.3530259365994236,0.8830119967460632,0.004729880897694229,0.055723022197849255,0.0034109770448699887,0.0724963976945245,0.6404899135446686,0.06527553034387151,0.006024096385542169,0.04291971747972484
direct_2d_historical_params,scaled,16,True,66,35.99963976945245,0.882814347743988,0.34208946829160414,0.6188145651171638,0.8688787507391271,0.6822766570605188,0.7394992795389049,0.5057816819256689,0.5470798569725864,0.5850591163937401
direct_2d_historical_params,scaled,17,True,56,32.078530259366,0.8829265236854553,0.3201784318211084,0.6254525427244498,0.7879205679391231,0.6550972622478386,0.7352305475504323,0.4797422393795772,0.5075125208681135,0.5676875969369591
direct_2d_historical_params,scaled,18,True,63,39.45425072046109,0.8830159902572632,0.33091045002116265,0.61200013197783,0.9062771109249983,0.6739193083573487,0.726657060518732,0.4987114538459941,0.48073022312373226,0.5707310823439042
direct_2d_historical_params,scaled,19,True,60,33.069164265129686,0.8827769756317139,0.38468534254919207,0.6511063912346451,0.8930406334216398,0.7164625360230548,0.7643551873198847,0.5504499913849066,0.5779345734445157,0.6268554183585404
direct_2d_historical_params,fixed,0,True,47,27.328890489913544,0.8829290866851807,0.2395601854648419,0.5872577316941646,0.6949530368121386,0.5749099423631124,0.7008825648414986,0.38185632272643116,0.41194029850746267,0.4803158277479177
direct_2d_historical_params,fixed,1,True,51,30.574567723342938,0.8829046487808228,0.3705406030769092,0.6423790226452657,0.8204203794731,0.6874099423631124,0.7652737752161384,0.49573049290901655,0.5327868852459017,0.5867909253399899
direct_2d_historical_params,fixed,2,True,46,25.603386167146976,0.8828954100608826,0.25948240875112166,0.6007848012607561,0.7270816882196908,0.5953530259365994,0.715814121037464,0.4049322010732318,0.41680960548885077,0.5040008747410297
direct_2d_historical_params,fixed,3,True,45,23.23126801152738,0.8829508423805237,0.23297736270655356,0.5840490576041202,0.6363066806388268,0.5563580691642651,0.7090958213256484,0.39682311407703846,0.3791348600508906,0.47861703564157954
direct_2d_historical_params,fixed,4,True,59,36.32925072046109,0.8828276991844177,0.34604691160510176,0.6150920116486431,0.8912494654575254,0.6787463976945245,0.7406340057636888,0.49132459436638715,0.46735395189003437,0.5795229387757095
direct_2d_historical_params,fixed,5,True,51,30.999639769452447,0.882887601852417,0.2722283237681496,0.5928364608990853,0.7532928991610056,0.6065021613832853,0.7121397694524496,0.44014207466997984,0.45901639344262296,0.5167150850107963
direct_2d_historical_params,fixed,6,True,53,35.75648414985591,0.882992148399353,0.2965282310379287,0.5972754856242598,0.859824247366112,0.6373198847262248,0.7147154178674352,0.44343331180855344,0.45617977528089887,0.5264605705498473
direct_2d_historical_params,fixed,7,True,41,24.151657060518733,0.8829013705253601,0.2086174299143579,0.5609726918432617,0.4570174354005341,0.5304755043227666,0.70828530259366,0.3774228601727653,0.39191290824261277,0.42248382670692247
direct_2d_historical_params,fixed,8,True,3,0.06844380403458213,0.8829842805862427,0.003548273830020822,0.028433731969428562,0.0017594479243868218,0.06404899135446686,0.6392651296829971,0.037303400654938576,0.005924256742022243,0.033727815749267885
direct_2d_historical_params,fixed,9,True,6,0.7835014409221902,0.8828773498535156,0.005340595112912976,0.0777969661845392,0.005023644547774129,0.08153818443804034,0.645443083573487,0.07442755541597779,0.006948314940734961,0.049407582692957246
direct_2d_historical_params,fixed,10,True,59,31.696685878962537,0.8830111622810364,0.3862571058298634,0.6504560875678989,0.9160372915894202,0.7171829971181556,0.7671829971181556,0.5120833584898408,0.5614334470989761,0.6283363693633099
direct_2d_historical_params,fixed,11,True,6,0.7402737752161384,0.8828794956207275,0.007899922603848844,0.08180142193483515,0.004998801661716844,0.08079971181556196,0.642957492795389,0.0775420953535591,0.006907693164726199,0.051481949040174065
direct_2d_historical_params,fixed,12,True,50,31.813760806916424,0.8828176259994507,0.30903570314158035,0.6091673458826083,0.7514156661013912,0.6279178674351585,0.7325468299711816,0.43827908217094436,0.44672897196261685,0.53145361123659
direct_2d_historical_params,fixed,13,True,3,0.31520172910662825,0.8831814527511597,0.005380661137672792,0.036434149833793644,0.0016760077984958799,0.063328530259366,0.6373559077809798,0.03950010227547145,0.005770140886089774,0.03389015412880584
direct_2d_historical_params,fixed,14,True,56,32.92146974063401,0.8829840421676636,0.3398903261573916,0.6291319475544483,0.8413230495142752,0.6667507204610951,0.7446505763688761,0.48980336374291716,0.4817073170731707,0.5597844281058401
direct_2d_historical_params,fixed,15,True,5,0.3530259365994236,0.8830119967460632,0.004729880897694229,0.055723022197849255,0.0034109770448699887,0.0724963976945245,0.6404899135446686,0.06527553034387151,0.006024096385542169,0.04291971747972484
direct_2d_historical_params,fixed,16,True,58,35.19272334293948,0.882814347743988,0.33156002679149227,0.6162021990393715,0.8744551983946669,0.6767831412103746,0.7345641210374639,0.4795051686901698,0.5179407176287052,0.5765575094521157
direct_2d_historical_params,fixed,17,True,49,31.464337175792505,0.8829265236854553,0.3231073346493873,0.6245138208351598,0.7776906639705987,0.6510086455331412,0.7386347262247839,0.45220499325648844,0.48717948717948717,0.5557225414637977
direct_2d_historical_params,fixed,18,True,50,37.23342939481268,0.8830159902572632,0.33392045566158235,0.6174151066045152,0.9058840659797273,0.6805475504322767,0.7302773775216138,0.46508086673634164,0.4594594594594595,0.5714424170370296
direct_2d_historical_params,fixed,19,True,53,32.81520172910663,0.8827769756317139,0.37958589617630484,0.6494373671511061,0.9050559342615913,0.7129682997118155,0.7612752161383285,0.513694460833184,0.5579399141630901,0.6225777236150264
