finalist,strategy,pca_refitted,runs,candidate_cluster_count_median,candidate_cluster_count_min,candidate_cluster_count_max,degenerate_runs_lt5_clusters,candidate_noise_pct_median,ari_all_mean,ari_all_median,ari_all_q10,ari_all_min,cluster_jaccard_weighted_mean,cluster_jaccard_weighted_median,cluster_jaccard_weighted_q10,mapped_assignment_agreement_mean,noise_agreement_mean,nondegenerate_runs,ari_all_mean_nondegenerate,ari_all_median_nondegenerate,cluster_jaccard_weighted_mean_nondegenerate,cluster_jaccard_weighted_median_nondegenerate
current_30d_42,scaled,True,20,50.0,3,57,3,33.36995677233429,0.3871750978695148,0.44433062621712016,0.004739170406724573,0.003561308316635423,0.5355860611015154,0.6035252892926759,0.06694466258432738,0.6308375360230547,0.7956277017291067,17,0.4547783515342298,0.4504868064112044,0.6189905384242349,0.6130181265556812
current_30d_42,fixed,True,20,40.5,2,47,3,33.53206051873199,0.3770004441022415,0.42452047106838897,0.004724368642055159,0.0035606028902103164,0.5122814131414424,0.5750604289828003,0.05805405627442991,0.6130853746397694,0.7900774495677234,17,0.4428092179465178,0.43024702085650407,0.5926408179329578,0.5857706085178721
typical_30d_49,scaled,True,20,50.0,3,57,3,33.36995677233429,0.42685287857307647,0.5068407224755962,0.004766211292202564,0.0037248112319378246,0.5872134028302038,0.6794384592401792,0.042200476152985306,0.6613274495677233,0.7971766930835735,17,0.5014384963612325,0.511388094560185,0.6841166774585947,0.6990606605226908
typical_30d_49,fixed,True,20,40.5,2,47,3,33.53206051873199,0.3996232004334075,0.482613542020483,0.004750281632510265,0.003724065641566017,0.55563247373457,0.651669734654923,0.03276771459402377,0.6381781340057637,0.7850882564841497,17,0.4694047061534614,0.48792141060674876,0.6480931275621448,0.6620099447750158
robust_20d_49,scaled,True,20,48.5,3,59,7,30.74027377521614,0.3267350151722042,0.4583214387171226,0.004455741251237572,0.00419586251454513,0.44010901693394233,0.5718839253540289,0.06097865424728121,0.5356709293948128,0.764571325648415,13,0.500190392777863,0.4841367703637453,0.6436232080604636,0.6203188531149179
robust_20d_49,fixed,True,20,41.5,3,54,8,30.431376080691642,0.29700716400203314,0.3735877513006055,0.004455741251237572,0.00419586251454513,0.4065718842618506,0.5185868849513067,0.06097865424728121,0.5007537824207493,0.7540606988472622,12,0.491879980150622,0.48361514122711635,0.6356633748753526,0.614320656516147
robust_20d_29,scaled,True,20,30.0,2,33,3,30.55295389048991,0.436654583929687,0.5085378903757831,0.0073991666361096,-0.004794763040693207,0.5697878688721999,0.6444590850341604,0.09929001071336123,0.656569704610951,0.8126350864553313,17,0.5137358872086267,0.5191069593974265,0.6561391570357085,0.649336193625298
robust_20d_29,fixed,True,20,25.0,2,31,3,28.914805475504323,0.41788254639703676,0.4990929823636617,0.007532469824807202,-0.004794763040693207,0.5481014641649463,0.6152696514404208,0.09932352220698787,0.6378746397694524,0.8042840417867435,17,0.4915727235298042,0.50281906497607,0.6306060270897473,0.6213410227136829
direct_2d_70,scaled,True,20,55.0,3,68,2,26.76693083573487,0.22683766659064702,0.24919088859759267,0.183246922483282,0.0016647896442094153,0.44948822025366153,0.5008072677497607,0.3860898155114194,0.5366534582132565,0.7185383645533141,18,0.2516584848286704,0.2559213804758999,0.49581361083271847,0.5064497359048519
direct_2d_70,fixed,True,20,42.0,2,53,4,24.82348703170029,0.18877582285224728,0.22436117248874443,0.005059288977731955,0.0016559028928379764,0.37741376620954836,0.45554490750266075,0.034960279184735266,0.4634248919308358,0.7087707132564842,16,0.234986403963708,0.23419508100694586,0.46368386387392746,0.46507276478002846
direct_2d_historical_params,scaled,True,20,56.5,4,75,1,31.849783861671472,0.25559252493640844,0.3093339335372751,0.005377164954616582,0.004729880897694229,0.4556623681691698,0.5485191055206768,0.048758796171634006,0.5397784582132564,0.7158303314121037,19,0.2687615405504109,0.31434685680825347,0.4776952198317133,0.5542448162718793
direct_2d_historical_params,fixed,True,20,49.5,3,59,2,30.78710374639769,0.23281188191573582,0.2843782774030391,0.005279523691391101,0.003548273830020822,0.41761044519392154,0.5215878277803219,0.04201676114463294,0.49812229827089344,0.7090742074927954,18,0.2581838168526124,0.3027819670897545,0.46025505188890886,0.5289570908932186
