left,right,ari_all,ami_all,ari_common_assigned,mapped_assignment_agreement,noise_agreement,cluster_jaccard_mean,cluster_jaccard_median,cluster_jaccard_weighted,dimension,platform_branch
seed11,seed42,0.27153554680943703,0.6236638778409205,0.7450572378092993,0.606700288184438,0.725014409221902,0.4533937335617914,0.42578978978978976,0.5173670847387662,2,linux_explorer
seed11,seed73,0.29435254911330827,0.6389619642603653,0.7853041890397942,0.6265994236311239,0.7399423631123919,0.5012136672995036,0.5015723270440251,0.5498812769456544,2,linux_explorer
seed11,seed211,0.32343236437783673,0.6426787084258745,0.81235994324281,0.6429394812680115,0.7482564841498559,0.48003329120878996,0.4846404369734421,0.5641354513088414,2,linux_explorer
seed11,seed547,0.27900414137289387,0.6220502761517397,0.7679290648640825,0.6231412103746398,0.7269740634005764,0.5014250648670121,0.5200284191113484,0.533106428008732,2,linux_explorer
seed42,seed73,0.29159590492055776,0.6400398210644083,0.6990285767558762,0.5957492795389049,0.7481844380403458,0.5060556854459404,0.5287864922382619,0.49921098346557585,2,linux_explorer
seed42,seed211,0.2567895241735171,0.6120776593089926,0.7030580593321546,0.5906051873198848,0.7221469740634006,0.46674666393695613,0.4687830892321887,0.502017845969094,2,linux_explorer
seed42,seed547,0.3309937713421039,0.6536666822877687,0.6998667300236326,0.6494380403458213,0.7653025936599424,0.5467754965178314,0.5444370447450573,0.5414815238471647,2,linux_explorer
seed73,seed211,0.28822855819619253,0.6311915606838233,0.7774246576517294,0.6329971181556195,0.7382564841498559,0.47698249320756053,0.4928909952606635,0.5366666039167206,2,linux_explorer
seed73,seed547,0.31940135445346934,0.6538794434582686,0.7920686924182376,0.6552737752161383,0.7553890489913545,0.528618526582045,0.5680317040951123,0.5687076572445762,2,linux_explorer
seed211,seed547,0.2970467070292915,0.62238775263431,0.7904541699285841,0.6492939481268012,0.7380259365994236,0.5199757592162997,0.5021212121212122,0.555163175695269,2,linux_explorer
seed11,seed42,0.6992217559082087,0.8259018440386631,0.9648918966762287,0.8754322766570605,0.8948991354466859,0.753209845778813,0.8592653677354429,0.8205813714360832,10,linux_explorer
seed11,seed73,0.6833992945263239,0.8141463980542608,0.9211543119835816,0.8515561959654179,0.8888184438040346,0.7631457962524176,0.8608195320234611,0.7746273684674307,10,linux_explorer
seed11,seed211,0.6428642629503856,0.8050975099265871,0.8914109120804115,0.8248991354466859,0.8763544668587896,0.7612864997200038,0.862783595668605,0.7612750288201641,10,linux_explorer
seed11,seed547,0.5430870086379002,0.7730612858014461,0.804429658857757,0.7609221902017291,0.8456628242074928,0.6557423277514816,0.7841244189792851,0.7029494592003948,10,linux_explorer
seed42,seed73,0.6967316750553616,0.8212151048890534,0.9365300971902242,0.8654755043227665,0.8945821325648415,0.8134707204685379,0.8644140290846878,0.7936387447463442,10,linux_explorer
seed42,seed211,0.6429055443286414,0.8002190800549928,0.8974917907561034,0.8278530259365994,0.8772766570605187,0.7638474922006796,0.8634538152610441,0.7470680986508902,10,linux_explorer
seed42,seed547,0.5683721671734494,0.78688367299131,0.8307359451817591,0.7907060518731989,0.8564697406340057,0.7306380225641875,0.8319686721253114,0.7391912218887708,10,linux_explorer
seed73,seed211,0.676964922418139,0.8171524237046667,0.9449210393394198,0.8527521613832854,0.8860374639769453,0.7636695873674658,0.8702397721798414,0.7937041023324208,10,linux_explorer
seed73,seed547,0.5714242570365011,0.78747334353943,0.8461652743965868,0.7829971181556196,0.8538184438040346,0.6895940136848312,0.8076587115379108,0.7270099018852879,10,linux_explorer
seed211,seed547,0.5312213785491701,0.7670794136508196,0.8187585438736179,0.7453314121037464,0.8395965417867435,0.6134112377335849,0.7232903382818204,0.673566735363814,10,linux_explorer
seed11,seed42,0.729941856612831,0.8417369109886342,0.9631030546483077,0.8842507204610951,0.9087031700288184,0.8241058317495078,0.8894230769230769,0.825993851004049,30,linux_explorer
seed11,seed73,0.7166738697758925,0.8367244690895366,0.9668564131775325,0.8881556195965418,0.9037608069164265,0.8161898118179133,0.8493647912885662,0.8385580287930589,30,linux_explorer
seed11,seed211,0.7253925203973277,0.8367752060812619,0.9699371610556867,0.8894956772334294,0.9060518731988473,0.8012522523056197,0.8576923076923076,0.8363150612808036,30,linux_explorer
seed11,seed547,0.5897795927171341,0.8057378723315338,0.8906182588882775,0.8111095100864554,0.8618587896253602,0.7180200453017768,0.8768627450980392,0.7776281753065947,30,linux_explorer
seed42,seed73,0.7421401556195784,0.8445286652798649,0.9687908391471767,0.8918443804034583,0.9123775216138329,0.8325378345991952,0.8882591093117409,0.8437315970466397,30,linux_explorer
seed42,seed211,0.7224404124210037,0.8344777368238726,0.9712607774825167,0.8814553314121037,0.9034293948126801,0.8006321711446363,0.8702928870292888,0.8269863016405076,30,linux_explorer
seed42,seed547,0.5901624275770078,0.8003577492675359,0.8764786869486652,0.8090922190201729,0.8628386167146974,0.7303775280861591,0.8620689655172413,0.7702863670298641,30,linux_explorer
seed73,seed211,0.7407475461781329,0.8497590731265448,0.985305201442846,0.9010086455331412,0.9105907780979827,0.8152850947215308,0.8891566265060241,0.8567978526356215,30,linux_explorer
seed73,seed547,0.6167926446997579,0.8083753767692613,0.8577747889894859,0.8161239193083574,0.8761671469740634,0.7163218038103922,0.8386454183266933,0.7704606481526326,30,linux_explorer
seed211,seed547,0.5799056182050273,0.7960571465968805,0.8872949634551669,0.807536023054755,0.8564409221902017,0.7065439967334631,0.8429229725775993,0.7722005590433388,30,linux_explorer
