cluster_count,cluster_size_max,cluster_size_median,cluster_size_min,completed_at,dimension,embedding_sha256,hdbscan_seconds,labels_sha256,membership_mean_assigned,n_papers,noise_count,noise_pct,packages,persistence_mean,platform,python,relative_validity,seed,umap_seconds,platform_branch
62,4196,447.0,205,2026-08-27T10:00:34.235494+00:00,2,b8c5c73bf279e1e95c9437c9fb54a9f2c6169ad76f7cdf10a5df6cfefdededfe,2.109317399561405,3f6a44a603098287a00985ab19083252dbcc8125d183760294bdd1426f9f7f81,0.898980339158525,69400,21842,31.47262247838617,"{'hdbscan': '0.8.42', 'numpy': '1.26.4', 'pynndescent': '0.6.0', 'scikit-learn': '1.8.0', 'scipy': '1.17.1', 'umap-learn': '0.5.11'}",0.10596204658850261,Linux-5.14.0-362.13.1.el9_3.x86_64-x86_64-with-glibc2.34,"3.13.5 (main, Jul 25 2025, 17:25:46) [GCC 11.4.1 20230605 (Red Hat 11.4.1-2)]",0.36031723653264647,11,93.2606590995565,linux_explorer
54,6604,492.0,200,2026-08-27T10:00:38.168957+00:00,2,36f206bb02006bdabf59fd79ca38d0717a56c0e06c7f10adc99ec7ec1564956d,2.092415559105575,ef69a22a4ea7998eaad2b9d77d50632e055c723c03fec266ef85625d06f6beac,0.8893290343012002,69400,19726,28.423631123919307,"{'hdbscan': '0.8.42', 'numpy': '1.26.4', 'pynndescent': '0.6.0', 'scikit-learn': '1.8.0', 'scipy': '1.17.1', 'umap-learn': '0.5.11'}",0.11664745348234634,Linux-5.14.0-362.13.1.el9_3.x86_64-x86_64-with-glibc2.34,"3.13.5 (main, Jul 25 2025, 17:25:46) [GCC 11.4.1 20230605 (Red Hat 11.4.1-2)]",0.3260568514001131,42,94.04412557603791,linux_explorer
63,5891,369.0,203,2026-08-27T10:00:37.989481+00:00,2,61e634df602f82ab7c2d5c852caea3200dca96d77f3833ffd8d07633d63a04cb,2.029587209224701,42f1e2ce0bd9510ef55a98f52f99a66372deb4f3b9855ac78c368fa814813561,0.9032713315833844,69400,19100,27.521613832853024,"{'hdbscan': '0.8.42', 'numpy': '1.26.4', 'pynndescent': '0.6.0', 'scikit-learn': '1.8.0', 'scipy': '1.17.1', 'umap-learn': '0.5.11'}",0.09530569595810102,Linux-5.14.0-362.13.1.el9_3.x86_64-x86_64-with-glibc2.34,"3.13.5 (main, Jul 25 2025, 17:25:46) [GCC 11.4.1 20230605 (Red Hat 11.4.1-2)]",0.2215548090375299,73,93.92626518756151,linux_explorer
58,4437,414.0,202,2026-08-27T10:00:48.340447+00:00,2,3849316aa9be1f2183a57a465ed8dba4c44cf210a9459ea358f93500dc955be9,2.234065553173423,889a6f4a034658d658ac3459458efce92b5303530b85a044dfad7ad4bb14e1c7,0.893540861471609,69400,21387,30.81700288184438,"{'hdbscan': '0.8.42', 'numpy': '1.26.4', 'pynndescent': '0.6.0', 'scikit-learn': '1.8.0', 'scipy': '1.17.1', 'umap-learn': '0.5.11'}",0.07498994755302651,Linux-5.14.0-362.13.1.el9_3.x86_64-x86_64-with-glibc2.34,"3.13.5 (main, Jul 25 2025, 17:25:46) [GCC 11.4.1 20230605 (Red Hat 11.4.1-2)]",0.2719495243306057,211,102.29435488209128,linux_explorer
70,3362,396.5,202,2026-08-27T10:00:46.870213+00:00,2,8a0e565bbd42571ee10e09b3ab885718e5748e8e370137de3804a012c8f1540a,2.165971638634801,25400f76e928c099ac70df1ea3735c648ab9a8851f521b5b32b0ccee8c17a522,0.8468008392514965,69400,21658,31.207492795389047,"{'hdbscan': '0.8.42', 'numpy': '1.26.4', 'pynndescent': '0.6.0', 'scikit-learn': '1.8.0', 'scipy': '1.17.1', 'umap-learn': '0.5.11'}",0.059205350412651216,Linux-5.14.0-362.13.1.el9_3.x86_64-x86_64-with-glibc2.34,"3.13.5 (main, Jul 25 2025, 17:25:46) [GCC 11.4.1 20230605 (Red Hat 11.4.1-2)]",0.2707183886210852,547,100.88999705761671,linux_explorer
50,3748,492.0,208,2026-08-27T10:03:18.861134+00:00,10,40232b4ec31a6a218edf0eb9e5dd0111e37ea625b3502501a9faf1af20f5cd22,5.233323845081031,a85fdef16d0d19c760bebe40aa907dced0aa829ce2cb564bc275da448477ec6f,0.8564357023460504,69400,25067,36.11959654178674,"{'hdbscan': '0.8.42', 'numpy': '1.26.4', 'pynndescent': '0.6.0', 'scikit-learn': '1.8.0', 'scipy': '1.17.1', 'umap-learn': '0.5.11'}",0.1300969414917577,Linux-5.14.0-362.13.1.el9_3.x86_64-x86_64-with-glibc2.34,"3.13.5 (main, Jul 25 2025, 17:25:46) [GCC 11.4.1 20230605 (Red Hat 11.4.1-2)]",0.22680381970525995,11,111.44945677276701,linux_explorer
47,3905,606.0,203,2026-08-27T10:03:30.605614+00:00,10,ab5ebf2cb7fe0e8d09d07f693753dd1dabad2dbf15216ae0cb878a75055e8868,5.2756569110788405,cdd5fd5e47701df66cad55f19af362dd122500efff25229d594d3f8816e73423,0.8654955145847534,69400,24587,35.42795389048992,"{'hdbscan': '0.8.42', 'numpy': '1.26.4', 'pynndescent': '0.6.0', 'scikit-learn': '1.8.0', 'scipy': '1.17.1', 'umap-learn': '0.5.11'}",0.13342304932283885,Linux-5.14.0-362.13.1.el9_3.x86_64-x86_64-with-glibc2.34,"3.13.5 (main, Jul 25 2025, 17:25:46) [GCC 11.4.1 20230605 (Red Hat 11.4.1-2)]",0.22966413673784586,42,123.26624202821404,linux_explorer
52,2875,462.0,201,2026-08-27T10:03:33.156571+00:00,10,3e28cbb3fdf497d22a45d3dd6f8b7ef99b2cbee0a35b51c44acb95cee0dc5a1c,5.259666919242591,685dd54121be17d1e46dddea6c0cd07e2b0b52b62fe473bd7c5deca1127bc958,0.8730951449115077,69400,27089,39.03314121037464,"{'hdbscan': '0.8.42', 'numpy': '1.26.4', 'pynndescent': '0.6.0', 'scikit-learn': '1.8.0', 'scipy': '1.17.1', 'umap-learn': '0.5.11'}",0.13805749402172635,Linux-5.14.0-362.13.1.el9_3.x86_64-x86_64-with-glibc2.34,"3.13.5 (main, Jul 25 2025, 17:25:46) [GCC 11.4.1 20230605 (Red Hat 11.4.1-2)]",0.19041171751281538,73,125.83524121996015,linux_explorer
55,3905,431.0,201,2026-08-27T10:03:54.868756+00:00,10,49dc26b7a5997600b791c92b6ef9afd950e22f71ab00ad1a30d5c849d79fa5d8,6.134267050772905,af3fa9dd8f028876ea8ec8969ee11e237373a4d2c1ef2d5608df52cc48c2d6cf,0.8736422908822291,69400,24584,35.42363112391931,"{'hdbscan': '0.8.42', 'numpy': '1.26.4', 'pynndescent': '0.6.0', 'scikit-learn': '1.8.0', 'scipy': '1.17.1', 'umap-learn': '0.5.11'}",0.14755074033781704,Linux-5.14.0-362.13.1.el9_3.x86_64-x86_64-with-glibc2.34,"3.13.5 (main, Jul 25 2025, 17:25:46) [GCC 11.4.1 20230605 (Red Hat 11.4.1-2)]",0.257456614849217,211,143.9096749322489,linux_explorer
47,8110,450.0,207,2026-08-27T10:03:54.331118+00:00,10,a21aa192c872bfcccd7141b8d42b5021637836d7ead5c1cea4e48116b8848f86,5.936749290674925,1596975308d3ad418c8ac2a8ea472294f50b304bb37aec2c33e6cd3e5bf1de32,0.8864035012307818,69400,21332,30.737752161383288,"{'hdbscan': '0.8.42', 'numpy': '1.26.4', 'pynndescent': '0.6.0', 'scikit-learn': '1.8.0', 'scipy': '1.17.1', 'umap-learn': '0.5.11'}",0.14738599343611397,Linux-5.14.0-362.13.1.el9_3.x86_64-x86_64-with-glibc2.34,"3.13.5 (main, Jul 25 2025, 17:25:46) [GCC 11.4.1 20230605 (Red Hat 11.4.1-2)]",0.3297708629666529,547,143.5709575014189,linux_explorer
49,4075,560.0,206,2026-08-27T10:07:29.318160+00:00,30,2abd80491a0249d01389a60c6b0e2b5aea93c73e20b439ca8a996a0275d88607,12.787398150190711,f79fca0507c445fb57fce8dc66e642870153d245fd312e912cb01eb510f0f562,0.8707118247551523,69400,23502,33.86455331412104,"{'hdbscan': '0.8.42', 'numpy': '1.26.4', 'pynndescent': '0.6.0', 'scikit-learn': '1.8.0', 'scipy': '1.17.1', 'umap-learn': '0.5.11'}",0.17488052678669624,Linux-5.14.0-362.13.1.el9_3.x86_64-x86_64-with-glibc2.34,"3.13.5 (main, Jul 25 2025, 17:25:46) [GCC 11.4.1 20230605 (Red Hat 11.4.1-2)]",0.3072149088521339,11,202.4310357896611,linux_explorer
49,3751,568.0,200,2026-08-27T10:07:20.012444+00:00,30,a4e5a4fc7b07c89769389bdbf2b6cdd5390ac8795465f2691a91addf3b3456cb,12.997984205372632,a12fad677cd82cc80e13670cbc01ade8b31c986384cc378a7410d08cdae72f4b,0.8699901911407165,69400,25282,36.429394812680115,"{'hdbscan': '0.8.42', 'numpy': '1.26.4', 'pynndescent': '0.6.0', 'scikit-learn': '1.8.0', 'scipy': '1.17.1', 'umap-learn': '0.5.11'}",0.1611559764296313,Linux-5.14.0-362.13.1.el9_3.x86_64-x86_64-with-glibc2.34,"3.13.5 (main, Jul 25 2025, 17:25:46) [GCC 11.4.1 20230605 (Red Hat 11.4.1-2)]",0.21071740388344856,42,192.904251081869,linux_explorer
49,4035,531.0,201,2026-08-27T10:07:59.663179+00:00,30,eb3e4c167944d2bcc49243a72dfac38d4d22da7ff20737982c678260452b73cf,12.045306826010346,6f36fcf5bd9a045b1abd6fa880b5ff1469d22788b2a81fdc7852f4cd2b7efb57,0.863831857175755,69400,23887,34.419308357348704,"{'hdbscan': '0.8.42', 'numpy': '1.26.4', 'pynndescent': '0.6.0', 'scikit-learn': '1.8.0', 'scipy': '1.17.1', 'umap-learn': '0.5.11'}",0.16830570576428802,Linux-5.14.0-362.13.1.el9_3.x86_64-x86_64-with-glibc2.34,"3.13.5 (main, Jul 25 2025, 17:25:46) [GCC 11.4.1 20230605 (Red Hat 11.4.1-2)]",0.29274214983778535,73,202.08913993556052,linux_explorer
48,4052,523.5,205,2026-08-27T10:07:49.444754+00:00,30,cff71d6cd559d4a9c9aa6b5ad3a718c6e6ced9c9fae57a160fd5e7ef10d1cd35,11.50728668924421,27155c830d636710fd8508ed63dc4367497891912572cc963817f4d1c6755915,0.8834526922531815,69400,24914,35.89913544668588,"{'hdbscan': '0.8.42', 'numpy': '1.26.4', 'pynndescent': '0.6.0', 'scikit-learn': '1.8.0', 'scipy': '1.17.1', 'umap-learn': '0.5.11'}",0.17404005391345875,Linux-5.14.0-362.13.1.el9_3.x86_64-x86_64-with-glibc2.34,"3.13.5 (main, Jul 25 2025, 17:25:46) [GCC 11.4.1 20230605 (Red Hat 11.4.1-2)]",0.2125197487529048,211,192.40264532063156,linux_explorer
42,7851,567.0,206,2026-08-27T10:07:58.876444+00:00,30,6f3d893db97dcdda692ac1e44686c2877361963e13a9b6afd14de386a41dcf78,10.598356452770531,73ed402e8507f1bfc8f741df94831f7092d5568ed6f16e020013493720c366cc,0.8995701070730452,69400,20935,30.165706051873197,"{'hdbscan': '0.8.42', 'numpy': '1.26.4', 'pynndescent': '0.6.0', 'scikit-learn': '1.8.0', 'scipy': '1.17.1', 'umap-learn': '0.5.11'}",0.16994713815124038,Linux-5.14.0-362.13.1.el9_3.x86_64-x86_64-with-glibc2.34,"3.13.5 (main, Jul 25 2025, 17:25:46) [GCC 11.4.1 20230605 (Red Hat 11.4.1-2)]",0.2892523969019357,547,202.70225275401026,linux_explorer
