dimension,medoid_seed,cluster,size,seed_jaccard_mean,seed_jaccard_median,seed_jaccard_min,seed_jaccard_ci_low,seed_jaccard_ci_high,stability_band
2,547,0,267,0.9316415616521843,0.9478098178773289,0.8496732026143791,0.8558765380410764,0.9799205496805463,at_least_0.85
2,547,1,232,0.9650408855754854,0.9722038810021643,0.9243027888446215,0.9264544386556338,0.9914502402699827,at_least_0.85
2,547,2,225,0.2619311019357682,0.2519770978708177,0.12228260869565218,0.13115489130434785,0.4096291194776043,below_0.60
2,547,3,488,0.5153634014802154,0.4872325664979201,0.4684317718940937,0.46965376782077395,0.608895454609559,below_0.60
2,547,4,436,0.8740883201530802,0.8795987622023231,0.8171557562076749,0.8209352996576622,0.9178735891647856,at_least_0.85
2,547,5,206,0.33119054868414016,0.38990825688073394,0.0045045045045045045,0.030313455657492376,0.5322475377765785,below_0.60
2,547,6,772,0.3169988482515249,0.32392395290484466,0.2518610421836228,0.25542369331921416,0.3668013252731923,below_0.60
2,547,7,258,0.724249527020547,0.7229300238138854,0.5673352435530086,0.5675642265001252,0.8831779829922934,0.60_to_0.75
2,547,8,737,0.4338845531168654,0.4370359114393152,0.3005923000987167,0.30401529103326813,0.558396506052298,below_0.60
2,547,9,1872,0.7003095636045237,0.764425316004337,0.45339652448657186,0.4767152584325217,0.8149070896968428,0.60_to_0.75
2,547,10,541,0.8179535258052699,0.7997561994046416,0.7737003058103975,0.7737778057056679,0.8930647007859398,0.75_to_0.85
2,547,11,247,0.16410287944716606,0.1323939401909471,0.09523809523809523,0.0955190959632584,0.2865918596666458,below_0.60
2,547,12,202,0.8039564953585239,0.7882262133363456,0.7238805970149254,0.724717757367011,0.9099367127877397,0.75_to_0.85
2,547,13,290,0.817275642420666,0.8177627094320669,0.7777777777777778,0.7795321637426901,0.8541911071792604,0.75_to_0.85
2,547,14,607,0.7111729867847769,0.7166742638918939,0.6751918158567775,0.6782468342586239,0.7347469682288309,0.60_to_0.75
2,547,15,954,0.558048138401908,0.5468264833170255,0.33404940923737914,0.34554964879417316,0.7896234416539433,below_0.60
2,547,16,288,0.22276610334046104,0.16902735625270432,0.10230547550432277,0.10580887488516669,0.4310792018449417,below_0.60
2,547,17,610,0.6192728029744918,0.7494257505541004,0.21479885057471265,0.254403222495895,0.762882372567754,0.60_to_0.75
2,547,18,328,0.3076188276516542,0.28923018319077465,0.029143897996357013,0.03501780713916756,0.611480543747636,below_0.60
2,547,19,235,0.1650175683527042,0.01934042335260431,0.002034587995930824,0.0021964593050410436,0.5754898239005372,below_0.60
2,547,20,526,0.3539895669773713,0.438539252754401,0.07557701010710514,0.10185317879351673,0.46239148934027535,below_0.60
2,547,21,369,0.4498293553745219,0.4874860391917961,0.10533707865168539,0.13101888730504782,0.7046234609546298,below_0.60
2,547,22,261,0.07899883501250661,0.007154436259765615,0.0009871668311944718,0.0010592467694532722,0.2790739011352195,below_0.60
2,547,23,267,0.7910200392318119,0.8172988028920232,0.6666666666666666,0.6767191142191142,0.8606470660221502,0.75_to_0.85
2,547,24,340,0.8193646235516425,0.8149210291435446,0.8021108179419525,0.8023634655004156,0.8439198920966355,0.75_to_0.85
2,547,25,947,0.6835711290629501,0.773146389517775,0.3267429760665973,0.35787196788750925,0.8569923474651886,0.60_to_0.75
2,547,26,642,0.29244795233631854,0.2897183311924913,0.2112580535774839,0.21184806794308228,0.3776881926740611,below_0.60
2,547,27,870,0.5371516778796039,0.5370415516093905,0.2929567880231371,0.29366006428208075,0.7808305061364901,below_0.60
2,547,28,855,0.3985732332453855,0.4004068254121277,0.2891689373297003,0.28972410902361007,0.504305250783699,below_0.60
2,547,29,485,0.3872897133856701,0.4389706724710734,0.07347922103995182,0.10042517601367959,0.5862966203124748,below_0.60
2,547,30,1398,0.8007684299413708,0.7958712328858423,0.7568838146406984,0.7589401194807444,0.8509219753963954,0.75_to_0.85
2,547,31,316,0.4865984292697041,0.5028338245295851,0.2993119266055046,0.31095444120100085,0.6346422453966095,below_0.60
2,547,32,233,0.6965300693320853,0.7180079112040112,0.5779036827195467,0.5878136946196699,0.7687341128622267,0.60_to_0.75
2,547,33,452,0.6052381566868823,0.6023682052656565,0.5,0.5012672090112641,0.7140880217785844,0.60_to_0.75
2,547,34,349,0.050941917976103604,0.04869304277499487,0.04075658635442468,0.04131252362630683,0.06439440016778523,below_0.60
2,547,35,212,0.15518746028372776,0.12663461169838197,0.030042194092827004,0.030341505590480836,0.32857325757206257,below_0.60
2,547,36,247,0.02015026850508356,0.022989838663369185,0.009234828496042216,0.010240108630501815,0.02523315911057975,below_0.60
2,547,37,2098,0.8580495627529238,0.8592123160584549,0.8327243199350386,0.8334506890092176,0.880671755877227,at_least_0.85
2,547,38,280,0.1323317959939844,0.021397214968907674,0.002742230347349177,0.0032469825570895995,0.45000539717350957,below_0.60
2,547,39,414,0.5305045645258687,0.5382764862804879,0.3893905191873589,0.39185543756538016,0.6559414245035047,below_0.60
2,547,40,424,0.31640172643581216,0.28299117212999114,0.06223717409587889,0.06294516891969006,0.6266562262718299,below_0.60
2,547,41,262,0.40892454793706245,0.41036242083040114,0.04794826048171276,0.07228581441497209,0.743118897540477,below_0.60
2,547,42,3075,0.6250447023908934,0.6461518421896406,0.5105962136196666,0.5192319709709726,0.694975296152944,0.60_to_0.75
2,547,43,1141,0.3210169595496976,0.370953511423292,0.13313825896122897,0.1495073787032235,0.40763440221106123,below_0.60
2,547,44,375,0.5137029679886894,0.49577370152110145,0.36644295302013424,0.37478241524969447,0.683103273722584,below_0.60
2,547,45,246,0.2873132120503877,0.284667950315249,0.00424929178470255,0.016584915888504193,0.5625384531620069,below_0.60
2,547,46,373,0.39560495869045287,0.40409904119127965,0.057840334286342644,0.06870900212825279,0.7080609750012474,below_0.60
2,547,47,238,0.3665216692045085,0.40421062915201256,0.01740139211136891,0.03297788207581813,0.6359942244224422,below_0.60
2,547,48,819,0.5165156490612318,0.5239354395604396,0.3660618996798292,0.37376350720384205,0.6466541470699686,below_0.60
2,547,49,3362,0.547983363343985,0.5709019842007657,0.2238629651506202,0.24640513931604785,0.810599931915395,below_0.60
2,547,50,742,0.6074341428421891,0.6020171131953423,0.5875984251968503,0.5884242861394063,0.6356529499446115,0.60_to_0.75
2,547,51,583,0.5209248964804583,0.5049768882326138,0.4718196457326892,0.47195353429368775,0.5970078726885646,below_0.60
2,547,52,252,0.4699509446525769,0.4608154831411473,0.3695652173913043,0.374011013942744,0.5814211599318403,below_0.60
2,547,53,675,0.5132325642357114,0.480877478295773,0.3824626865671642,0.38330722901185943,0.6981615455574585,below_0.60
2,547,54,271,0.20100712062845338,0.1995248342835582,0.09383924928600572,0.09520475997396627,0.3093293680692623,below_0.60
2,547,55,204,0.1313627956118156,0.10881396036675539,0.07616303005351997,0.07677289685451928,0.22428571428571428,below_0.60
2,547,56,1027,0.5533188556195036,0.5608806794468713,0.3853284965739621,0.38965544943692204,0.7041271612955597,below_0.60
2,547,57,1054,0.5590145667836242,0.5428057190916737,0.5122171945701357,0.5134009049773756,0.6321832696661884,below_0.60
2,547,58,778,0.4942613666561906,0.4848059846660943,0.28044280442804426,0.2827004399823836,0.7218964427131612,below_0.60
2,547,59,215,0.13650560136225284,0.1179414555004056,0.028972385694884563,0.03077472178543607,0.27379552890420994,below_0.60
2,547,60,225,0.24180527080459907,0.2432896992944908,0.22297297297297297,0.2243741655540721,0.2567128476223101,below_0.60
2,547,61,332,0.37189966514721207,0.37123254628117086,0.35876993166287013,0.35964669042011616,0.385286741946578,below_0.60
2,547,62,3306,0.5729990467032007,0.5857505130382634,0.5099326875718273,0.5138647337634623,0.6104558668733321,below_0.60
2,547,63,286,0.11322570054376943,0.10088608751256051,0.04182830156856131,0.04216678870701677,0.2052619545335772,below_0.60
2,547,64,379,0.306281582113605,0.3623635654885655,0.054356032009663297,0.07308338366299262,0.44414040882678474,below_0.60
2,547,65,2569,0.5136092874030014,0.5483050468298646,0.3825169555388093,0.3938229863682011,0.5744127974121344,below_0.60
2,547,66,208,0.18016495867649762,0.10992798809254506,0.020034627751669552,0.020063963926911135,0.4596688034188034,below_0.60
2,547,67,1303,0.640610713138646,0.7511212703843245,0.2800734618916437,0.31432033969861084,0.7790331392610281,0.60_to_0.75
2,547,68,429,0.2053565926092097,0.10689002688075482,0.09501630181648812,0.09568352430220274,0.4824228226545898,below_0.60
2,547,69,1233,0.40151361087719817,0.32165611615980094,0.2698339483394834,0.2721399738230143,0.666644988950957,below_0.60
10,73,0,217,0.9977064220183487,0.9977064220183487,0.9954128440366973,0.9954128440366973,1.0,at_least_0.85
10,73,1,274,0.9873154276016585,0.9873252379389563,0.9782608695652174,0.9788082718568514,0.995805905773059,at_least_0.85
10,73,2,403,0.9613478894397147,0.9625351315998798,0.9447115384615384,0.9450811946596569,0.975596272547492,at_least_0.85
10,73,3,2875,0.9677351051609695,0.9677236474487476,0.9666895604395604,0.9666982168505768,0.9687914715821392,at_least_0.85
10,73,4,347,0.9814814814814814,0.9814814814814814,0.9743589743589743,0.9747863247863248,0.9881766381766381,at_least_0.85
10,73,5,371,0.7906698179088297,0.8801012605506856,0.5133079847908745,0.5407945406630167,0.8885116426634876,0.75_to_0.85
10,73,6,1242,0.8332585177233822,0.9065846991417092,0.5822683706070287,0.604449228932758,0.9374132981028506,0.75_to_0.85
10,73,7,408,0.9830698553064066,0.9830713174486203,0.9806295399515739,0.9808111380145279,0.9853260869565218,at_least_0.85
10,73,8,1781,0.9460765971568179,0.943286101901117,0.9346895074946466,0.9352268509328224,0.9616701853155054,at_least_0.85
10,73,9,1186,0.8864715193171215,0.8957544253036769,0.8434782608695652,0.84635588895693,0.9108062095001691,at_least_0.85
10,73,10,2797,0.946076715513757,0.94689403295161,0.9385689354275741,0.9391686316827198,0.9515953597004442,at_least_0.85
10,73,11,210,0.9487725430323722,0.9481132075471698,0.9360730593607306,0.9362685233049022,0.9623974330846863,at_least_0.85
10,73,12,214,0.6873701423624471,0.9057137360523277,0.0,0.0678260869565218,0.9357300884955753,0.60_to_0.75
10,73,13,626,0.9407532152859256,0.9537037037037037,0.8961038961038961,0.9004238816738817,0.9590667185877466,at_least_0.85
10,73,14,1011,0.7570448013197997,0.7484244457179895,0.6003937007874016,0.6005262557430813,0.9282179514195956,0.75_to_0.85
10,73,15,393,0.7115208212573881,0.8580029058105368,0.2269297736506094,0.27399780044205624,0.9000242983323671,0.60_to_0.75
10,73,16,638,0.6841302652865155,0.7367420517862995,0.367536231884058,0.3905265700483092,0.888293923475089,0.60_to_0.75
10,73,17,554,0.7034872213047008,0.7764953396532344,0.4444444444444444,0.4689083139083139,0.8139523275085805,0.60_to_0.75
10,73,18,661,0.8121501842895715,0.9174439151893867,0.4819277108433735,0.5143819945500352,0.9309190314994222,0.75_to_0.85
10,73,19,240,0.6416291489257071,0.841665595681789,0.029339250493096648,0.09004203251256607,0.853154305853509,0.60_to_0.75
10,73,20,201,0.7229294578901025,0.9507850241545894,0.0,0.06979166666666672,0.9887127864639109,0.60_to_0.75
10,73,21,378,0.4919443439763216,0.49214792710681526,0.09567664364287541,0.09588907428339777,0.8876535223474062,below_0.60
10,73,22,262,0.6127162094134728,0.7263242894056847,0.032178522993465665,0.08268180043562245,0.9496168824045633,0.60_to_0.75
10,73,23,1005,0.7186493197068208,0.9145897278493964,0.12212236858303582,0.18154053900560654,0.9226594065656566,0.60_to_0.75
10,73,24,229,0.8747186949519419,0.8653888383473978,0.848605577689243,0.8493302381027074,0.9159679080289014,at_least_0.85
10,73,25,432,0.8144059090049611,0.807035683922704,0.7650273224043715,0.7655154417633695,0.87582575888639,0.75_to_0.85
10,73,26,304,0.2726737730322354,0.10291431830878192,0.07784891165172855,0.07802863837249034,0.7559099807218511,below_0.60
10,73,27,473,0.5582673628990762,0.7150327712896656,0.05832305795314427,0.10658701956143235,0.7434465119727185,below_0.60
10,73,28,321,0.3753420743830572,0.36519287394942807,0.08109490918393451,0.08132773903670618,0.6866100504665777,below_0.60
10,73,29,1656,0.5906097076179848,0.5528009505450677,0.41898443480479713,0.42032449477619754,0.825169807483731,below_0.60
10,73,30,900,0.6052257608159057,0.7381066821877171,0.11083713475527061,0.1563625239224843,0.8281914313772477,0.60_to_0.75
10,73,31,1549,0.6883725683782561,0.8389139599234869,0.1902649414664202,0.23836066225428817,0.8824641088753316,0.60_to_0.75
10,73,32,848,0.8069560788796312,0.8120473558944605,0.6946386946386947,0.6963524517336177,0.9089045351004349,0.75_to_0.85
10,73,33,239,0.9032743341151522,0.9089375,0.8669354838709677,0.8691153225806452,0.9278059636454182,at_least_0.85
10,73,34,2358,0.8081725153869361,0.7992494825310665,0.767055496641923,0.7682207022551415,0.8632934843737095,0.75_to_0.85
10,73,35,847,0.7127900704311362,0.8142829153605016,0.3600944510035419,0.39412184993689703,0.8589204545454546,0.60_to_0.75
10,73,36,229,0.8828150216350019,0.8831897904389971,0.857707509881423,0.8584209404162498,0.9065719958869624,at_least_0.85
10,73,37,299,0.9279379997567652,0.9227795193312435,0.9021406727828746,0.9028970502238455,0.9617483660130719,at_least_0.85
10,73,38,1208,0.9007198829886629,0.903522230643542,0.8826185101580135,0.8841238624024916,0.9125519125615398,at_least_0.85
10,73,39,508,0.5610583351141835,0.52929702268431,0.4094488188976378,0.41191596088296145,0.7641949404761904,below_0.60
10,73,40,409,0.7182172518257424,0.7151280323450134,0.6071428571428571,0.6071428571428571,0.8345433196258668,0.60_to_0.75
10,73,41,1858,0.8612330855324246,0.871045908060749,0.7966393795777682,0.8020765147434293,0.9037078580232687,at_least_0.85
10,73,42,295,0.7627247660440957,0.7774402324659886,0.7032258064516129,0.7086928261916225,0.791740412979351,0.75_to_0.85
10,73,43,322,0.5483208802939132,0.5513392857142857,0.5141776937618148,0.5154581167296787,0.5760523546435148,below_0.60
10,73,44,2278,0.829395790984327,0.8389203588586536,0.7598612917208496,0.7638786964892323,0.8787211200930664,0.75_to_0.85
10,73,45,2624,0.675443291228104,0.717444092861051,0.46121831252364737,0.4754385699314029,0.8040466497487953,0.60_to_0.75
10,73,46,301,0.49490663475546803,0.5828125,0.07405515832482125,0.10787602145045969,0.7324972771447722,below_0.60
10,73,47,203,0.061159036292212365,0.07969428493766617,0.0,0.0059432687978388165,0.08486488108931443,below_0.60
10,73,48,1843,0.7050547822206135,0.7289461289075663,0.5886010362694301,0.5977305925025271,0.7717636825708798,0.60_to_0.75
10,73,49,458,0.8291622033197903,0.847650736035491,0.7287853577371048,0.7359231891191632,0.8909707119037262,0.75_to_0.85
10,73,50,560,0.3244614174618761,0.3126814960164603,0.2930306230200634,0.2932949839900064,0.37565371739095277,below_0.60
10,73,51,466,0.26914626173949374,0.2584009830347233,0.24471458773784355,0.24495937640683144,0.3116001208702659,below_0.60
30,73,0,217,0.9965701059863433,0.9977064220183487,0.9908675799086758,0.9912084747182774,1.0,at_least_0.85
30,73,1,274,0.987318721669687,0.9872990777338604,0.9819494584837545,0.9822162925757337,0.9924545454545454,at_least_0.85
30,73,2,401,0.9677787216666464,0.969505520654864,0.9542168674698795,0.9552608965272856,0.977360988526037,at_least_0.85
30,73,3,348,0.9793728835634281,0.9786931818181819,0.9744318181818182,0.9746448863636364,0.9852563737301381,at_least_0.85
30,73,4,2864,0.9757743769498887,0.974545555659963,0.9702525077827742,0.9703228616115964,0.9833148884810544,at_least_0.85
30,73,5,1816,0.9411395167832065,0.9480698046174877,0.9090909090909091,0.9113698324576187,0.9591277117905161,at_least_0.85
30,73,6,268,0.7255270952783296,0.6991677808203507,0.6141176470588235,0.6202151577612177,0.8756498673740053,0.60_to_0.75
30,73,7,1288,0.8379180943330383,0.924777401808502,0.5583913379737045,0.5857820330114558,0.9423933329463327,0.75_to_0.85
30,73,8,417,0.9658059635603204,0.965810040328188,0.9599056603773585,0.9600892064372919,0.9715157901779741,at_least_0.85
30,73,9,2741,0.9407717538740181,0.9465752915256533,0.9143338954468803,0.916710483151666,0.9549670105885907,at_least_0.85
30,73,10,397,0.7609842208418331,0.7633405416537946,0.628099173553719,0.6297096842551388,0.8882530120481927,0.75_to_0.85
30,73,11,634,0.8025009589081608,0.7907684869775033,0.7884130982367759,0.7884339015833034,0.8365132185151355,0.75_to_0.85
30,73,12,214,0.6884761102528848,0.9131513155283939,0.0,0.06836283185840714,0.9266415396789969,0.60_to_0.75
30,73,13,680,0.9106649013991671,0.8964512678537722,0.8913043478260869,0.8916304347826086,0.953862545042897,at_least_0.85
30,73,14,1050,0.8081961882602096,0.8910690627139592,0.5527065527065527,0.5777938456137508,0.8977146443352939,0.75_to_0.85
30,73,15,1132,0.8867418517069338,0.8918419729565241,0.8646734854445318,0.8664424072345726,0.8983710900549917,at_least_0.85
30,73,16,269,0.6131751870428653,0.7933579335793358,0.0338680926916221,0.0883390558504516,0.8317006491232796,0.60_to_0.75
30,73,17,205,0.9344772629309788,0.9345998471448849,0.9255813953488372,0.9259302325581396,0.9428159001401776,at_least_0.85
30,73,18,531,0.7712485019266159,0.7724402663533099,0.7073608617594255,0.7079574457761172,0.8325135585517346,0.75_to_0.85
30,73,19,263,0.7244526582975407,0.9509406018142721,0.03310415075120957,0.10191411511026816,0.9619616975063698,0.60_to_0.75
30,73,20,1017,0.7334864340408548,0.9303192606595254,0.12795726278300687,0.18761850210074643,0.944738560729223,0.60_to_0.75
30,73,21,576,0.9168442552665862,0.922423116507056,0.8967297762478486,0.8986374795774833,0.9255669668468907,at_least_0.85
30,73,22,4035,0.9164345854878843,0.923177603347019,0.8884307543051176,0.8910017771020317,0.9304042635132074,at_least_0.85
30,73,23,680,0.9231034841214885,0.9273504273504274,0.8913362701908958,0.8937168191573478,0.9452703455964326,at_least_0.85
30,73,24,514,0.5444232022673693,0.6934481344339759,0.06519801349802623,0.11164372175111671,0.7238602981003907,below_0.60
30,73,25,1568,0.6821256386575593,0.831606400640535,0.1989562118126273,0.24626853847987176,0.8638654434641879,0.60_to_0.75
30,73,26,1313,0.5205996352515333,0.6190238662504564,0.16679399032340209,0.1998639358485526,0.6740141419563447,below_0.60
30,73,27,201,0.7174485707200584,0.9564141651031894,0.00023518344308560678,0.07192486175802498,0.9567307692307693,0.60_to_0.75
30,73,28,210,0.014979965165013768,0.0008456733705501132,0.0003180661577608143,0.00035744896995910735,0.05363077741065663,below_0.60
30,73,29,229,0.888762072741359,0.8851431460752519,0.8811475409836066,0.8812007159161652,0.9024756048989346,at_least_0.85
30,73,30,221,0.8696671199529431,0.8577392723734187,0.828125,0.8294326134169884,0.9301789673740893,at_least_0.85
30,73,31,227,0.9044900769165475,0.9037464985994398,0.8831168831168831,0.8843200916730328,0.9259241452991454,at_least_0.85
30,73,32,484,0.8470928267743826,0.8464449855723406,0.7721021611001965,0.7774588875068904,0.9178280960853459,0.75_to_0.85
30,73,33,1196,0.8886684410893924,0.8899729920743096,0.8821263482280431,0.8826200979173915,0.8924990475870337,at_least_0.85
30,73,34,295,0.8904893830935312,0.9050186018426538,0.8194444444444444,0.8251879459734964,0.9310911483400578,at_least_0.85
30,73,35,821,0.8069517092782252,0.8084324729288206,0.7124413145539906,0.712906222996439,0.898479897353999,0.75_to_0.85
30,73,36,281,0.7728479735135202,0.8095238095238095,0.6232876712328768,0.6367791911285062,0.8465678346810422,0.75_to_0.85
30,73,37,2717,0.8135512001771696,0.827118694878977,0.7579895409645555,0.7621145421023966,0.8419231172588698,0.75_to_0.85
30,73,38,316,0.7418738523839506,0.7409638554216867,0.7392550143266475,0.7393831774087755,0.7459115221949746,0.60_to_0.75
30,73,39,800,0.8188907970117952,0.8178616167496595,0.7698744769874477,0.7728680402678941,0.8666631602013272,0.75_to_0.85
30,73,40,751,0.7505578743910277,0.7534177792604797,0.7398692810457517,0.7407272525065873,0.7555266579973993,0.75_to_0.85
30,73,41,211,0.08505472507839971,0.08579277133388566,0.07464839523981248,0.0754499312969094,0.0934048402255639,below_0.60
30,73,42,1840,0.7124504600534453,0.7281117222851241,0.6223160858852517,0.6298938033657455,0.7683829709472909,0.60_to_0.75
30,73,43,2185,0.8443746541785002,0.8348877833204895,0.8305604203152365,0.8306286639420667,0.8742483248735521,0.75_to_0.85
30,73,44,2337,0.801260303481658,0.7992662925219409,0.7355027117229871,0.7388788492808778,0.8670315763139574,0.75_to_0.85
30,73,45,408,0.7788107316057244,0.8163510457885812,0.6551724137931034,0.6667414499717355,0.8270614791288565,0.75_to_0.85
30,73,46,1779,0.737851019873829,0.8284842127434385,0.40625,0.4363201313096862,0.8853054805596355,0.60_to_0.75
30,73,47,490,0.8699120037467724,0.8728728398321743,0.8386454183266933,0.8409041284032079,0.8938864577451534,at_least_0.85
30,73,48,1802,0.8077932094272071,0.7969630500065283,0.7598930481283422,0.7619590405332093,0.8720386493363592,0.75_to_0.85
