cluster_count,cluster_size_gini,cluster_size_max,cluster_size_median,cluster_size_min,completed_at,coverage,dimension,embedding_sha256,fit_seconds,labels_sha256,membership_mean_assigned,membership_median_assigned,n_papers,noise_count,noise_pct,pca_dimensions,persistence_mean,persistence_median,persistence_weighted_coverage,relative_validity,seed,umap_low_memory,umap_metric,umap_min_dist,umap_n_neighbors,umap_seconds
62,0.4739440893165069,4795,414.0,201,2026-08-27T09:21:21.037862+00:00,0.6771181556195965,2,1744ce386447795e4a23ddf67da2c322ed854fadc29af2ffcb67ec494241a288,1.5371331998612732,f076d42fcf00cc9f1d4c6d1eb35c1fad48b5c0fb1280e52aa34831f822dc4fd7,0.8817161891352246,1.0,69400,22408,32.288184438040346,100,0.09453526640871225,0.046907073863838,0.05381302303977495,0.38175207785872617,11,False,cosine,0.0,15,69.74851990002207
53,0.49508999011974425,6625,542.0,217,2026-08-27T09:21:21.615590+00:00,0.6950720461095101,2,ae1da1da0dea721f029784bc2bb090326f97977b7f905724e2515576856e9522,1.6920892999041826,c3f140e1c56c009945696a0fd005aa9b6d808793cee6c74737e122f6f3008a97,0.8692864003468238,0.9802171875253498,69400,21162,30.492795389048993,100,0.09387521586890812,0.04979488105693304,0.0495814605490342,0.20502010617259528,23,False,cosine,0.0,15,69.80753019987606
4,0.7396882632636249,68461,253.5,225,2026-08-27T09:21:21.876245+00:00,0.9970172910662825,2,bb32cedb3c4bad6a59b6cc36a4659bac16d7070a87c5cc183a09b53c43b9e583,1.6624169999267906,f695255770a95c403e3949d192f65c58634ed375c31b4b4e51569a68812ab789,0.9916855031625499,1.0,69400,207,0.2982708933717579,100,0.43755219144797375,0.4055566929514357,0.040081627949268006,0.05976423135846885,42,False,cosine,0.0,15,70.0188732999377
57,0.5016084788779511,7247,510.0,205,2026-08-27T09:22:13.035077+00:00,0.7148559077809798,2,290469144fd14177ffbc8f9bea54fcf1babf56539dd78221c297ecdff15dcff4,1.605818600161001,a842cdd284602ecd37f638a20a712f2eb87c8f784bd3b395831d7438ed765d39,0.8682812750550329,0.9966303186427579,69400,19789,28.514409221902014,100,0.10100004996680545,0.06430904267970364,0.05827922023517181,0.34169941337586585,73,False,cosine,0.0,15,48.661614699987695
58,0.500485217053762,4577,494.5,202,2026-08-27T09:22:13.699141+00:00,0.7219308357348703,2,af360416ccab271600a5c6e60fd15322fedbbafb9d38a07f324374a122372d3a,1.7300325999967754,71433047be90097176e9ff7295ac011b87fefcd48b716f40cd1d9a4e69ce5df4,0.895844986429296,1.0,69400,19298,27.806916426512966,100,0.10507125273416579,0.05837843849822001,0.055846003029410875,0.25962886638139043,101,False,cosine,0.0,15,48.72988409991376
56,0.507899470058895,4568,462.5,200,2026-08-27T09:22:14.180358+00:00,0.7255907780979827,2,4966b22fd145d48e762349873953bd1fda64762807b765addc07ed2a1325d4b1,1.5894780000671744,4f6fc746d139863d9f097aafc0727f23ddcfa73358ea70545ef0e96fc5152cd4,0.8686910924681982,1.0,69400,19044,27.44092219020173,100,0.08405919869071059,0.04798332028185855,0.049969864691604415,0.26732103026876397,211,False,cosine,0.0,15,48.87949170009233
61,0.4736192366124451,4431,455.0,208,2026-08-27T09:23:03.468125+00:00,0.7068299711815562,2,6ab3ad939d90c1f9c59ceb8da233aaeb1a0a9caaf9d1b066e0c6f78f10d47c48,1.5562340999022126,3d9399c576934ba4fddc8f10641b7516a7efd913e78af4f6ccf8ccc1fabad97a,0.8797842148221805,1.0,69400,20346,29.317002881844378,100,0.07394230880896288,0.040299656743695594,0.039477379799252574,0.2935841590677516,307,False,cosine,0.0,15,47.1367250001058
62,0.4782485546736987,4906,384.0,201,2026-08-27T09:23:04.488685+00:00,0.7064697406340058,2,8e438170f2b68dcb4236f3bf1699c39d562873309238941235435d3c49041bee,1.6026029998902231,f980e19890bb0b0cdc88ad11c1c927a8578b79c897a2fcaee4c9de20c4ebcb18,0.8723291950413744,0.9922035674403158,69400,20371,29.353025936599426,100,0.10438748849485761,0.06533001835230581,0.05855296271698884,0.31746617739179556,419,False,cosine,0.0,15,47.37689649988897
55,0.5710844388008576,8061,379.0,206,2026-08-27T09:23:05.387602+00:00,0.7778242074927953,2,76bc5d9ec6b98c797a4ede66ae4df183f8b9b1b0e649145376fdf67554148df7,1.7394262000452727,23c9836de8be32c20cc834e71e85182df9b01129895561f0d37c0b5660bb9baa,0.8988638440039705,1.0,69400,15419,22.217579250720462,100,0.07745155220905495,0.039257390499414,0.04684689801337545,0.3402979987650778,547,False,cosine,0.0,15,47.790745799895376
54,0.5207640772422746,6319,421.5,201,2026-08-27T09:23:55.000743+00:00,0.6906340057636887,2,934fb064454bcc672c89594e944e821b13af3f89bb37018381a9bc31429ef7c7,1.6253614998422563,7771e29881722b298aef16fe88413f7e45dc8c9f0e4b64b97a7b3f96e6f21ff6,0.8918823858021718,1.0,69400,21470,30.936599423631122,100,0.09232493936887262,0.04395726885117118,0.047536212214332275,0.28657881016904546,809,False,cosine,0.0,15,48.188093199860305
52,0.48709895733343217,5066,563.0,202,2026-08-27T09:23:58.497437+00:00,0.6870461095100865,3,087828f67422324cd924d694a6d93baf5e883d5da34c741e7e4f97daa48d547e,2.291872499976307,76d967ed71a1adbd347cf1eb7fef46b0f69fe2541b49339a92fc3f377ff028dc,0.8648851614875519,0.9727566590351042,69400,21719,31.295389048991357,100,0.09687201376702091,0.055722090346177665,0.0527244293807998,0.35514779019390935,11,False,cosine,0.0,15,49.950415099970996
53,0.45802744386550015,3229,460.0,200,2026-08-27T09:23:59.230919+00:00,0.6364121037463977,3,44bcf3ed4732154337504c9a4b2c34d911047425e367009f2a6a342c7ebe6a77,2.327087099896744,a02cd7df77f5807323c29ecacc8fdf4f92c65fe1a161e85918b0b37e2b02a867,0.8549338034112796,0.9459102558902003,69400,25233,36.35878962536023,100,0.08528783286726258,0.03490482148423255,0.041019235190482166,0.2261680562737035,23,False,cosine,0.0,15,50.06225560000166
52,0.5134326258869127,6060,431.0,202,2026-08-27T09:24:45.821703+00:00,0.6737608069164265,3,45dc523721721f76d5ed7bfacbb1096ea5ae0cf03c6bc12f8c2cb24bae99d016,1.944037500070408,61c2c03e8de01dc607ee9db13e7c97614f3fce0421ac11236896a3c3da77a6f6,0.8760592050032371,1.0,69400,22641,32.623919308357344,100,0.09933744918649981,0.060536512722599266,0.05078734736915279,0.2356351839351717,42,False,cosine,0.0,15,47.68259930005297
50,0.4933046236581728,4609,528.5,205,2026-08-27T09:24:50.959257+00:00,0.6859221902017291,3,4be5b304ab256bf0c23e8cff3ca604b7e38a77bee06251b488a0b09c16465a64,2.26070769992657,6726fcfd5bacd981d877c5105f0929ff1d7695c79a66097d8021d6fb5730268a,0.8666891445005266,0.9640692358157891,69400,21797,31.407780979827088,100,0.088025637517264,0.04289475908937503,0.04120414914993202,0.27878607523385096,73,False,cosine,0.0,15,48.848219100153074
3,0.6598405968484709,68855,264.0,223,2026-08-27T09:24:50.297007+00:00,0.999164265129683,3,459ae3e8e3290a85c54a9a6e8a6792d8bee438918b1b50b791a863018c9ba991,2.0764341999311,da46508003321a96bcd1cd64e8a11cd53dcc53dd82e5ff4241c9c7151d40ec8a,0.9936044952329479,1.0,69400,58,0.0835734870317003,100,0.5547318707232112,0.7397470136469481,0.04068061436696225,0.14586987920796096,101,False,cosine,0.0,15,47.528922700090334
54,0.4873082554893602,4273,463.5,205,2026-08-27T09:25:36.054257+00:00,0.6425504322766571,3,726a68503ea655a63346df4db360b9a6d080fa796ea1736fda442403f4fed461,2.3549510000739247,9eebfc1790030c702205a4051e19f0bffbf6ce262c1d3b4c47f413c533c5081a,0.8666330878060643,0.9856575532524604,69400,24807,35.7449567723343,100,0.1047326486033821,0.05130432899783073,0.05347153039322523,0.31717930595641214,211,False,cosine,0.0,15,46.16826929990202
51,0.5178761589339272,5633,448.0,204,2026-08-27T09:25:40.828439+00:00,0.6940634005763688,3,800218461ce7ac3389c970f59c42cfe15d4d91f0f15cfa007c7a96f6cfe818d9,2.3650374999269843,2e16989b67f0930e3e644c99d7372b172c894a5925571e0a24e24b30994bbea5,0.8872236310359849,1.0,69400,21232,30.59365994236311,100,0.09801626495343714,0.05622586442604056,0.05131274362507986,0.2685310196677453,307,False,cosine,0.0,15,46.584007299970835
42,0.5160278983230809,6438,692.0,201,2026-08-27T09:25:41.710991+00:00,0.7043948126801153,3,8353cf1262a2d50294b39f0922049d9888b3c2beb20387f580e2ac0eb569f9bc,2.2125532999634743,6f69d43621f963826ff25449cdd0b4f3fa46962677e22aa36e0aeb86ad1f42c9,0.8802661826622804,1.0,69400,20515,29.560518731988473,100,0.09762475365984112,0.05466384878160503,0.039530476152898876,0.4520717894951093,419,False,cosine,0.0,15,47.04007390001789
44,0.5579290372616714,10068,598.0,203,2026-08-27T09:26:28.365604+00:00,0.7144524495677234,3,741db7a462c2d1405f8a7bd2dfa4330403a43d6708fcae808786d2c83e4c0d8a,2.049175700172782,da059972103bf39efc0a24d846e59811848fdffd3a16530d697c2b561c07e2f5,0.9041993905781563,1.0,69400,19817,28.554755043227665,100,0.06884900401243282,0.02805119139645005,0.026932610768952307,0.39419468141814457,547,False,cosine,0.0,15,48.465531800175086
49,0.49199240732902194,4167,518.0,207,2026-08-27T09:26:32.933383+00:00,0.668328530259366,3,59d70f38cf48863265b52e18fdc56ea69a9be30676f9642fee459579449ea128,2.2124675000086427,b4d1c96468b87621e441332aaf9bfd0c9110bdd03cd0bd104e848fea9abbef93,0.8854733226328485,1.0,69400,23018,33.1671469740634,100,0.07128246207572098,0.0292443333067237,0.03218800946211041,0.21729246551940926,809,False,cosine,0.0,15,48.33666460006498
45,0.5023135225246181,4749,513.0,212,2026-08-27T09:26:43.531437+00:00,0.6607492795389049,5,0e43f186b7b84f5466b9980e7ce446c0a74e622f78e7ce96cf3d79ad481ef1ab,3.599311999976635,56ab76bf7c5c8b14c93f2fcd1c261b1bff002ed039ffa1f572c1a7db83e46f71,0.8728715867805887,1.0,69400,23544,33.92507204610951,100,0.11783209787200037,0.06596243008658657,0.056303548589158425,0.23905693481594203,11,False,cosine,0.0,15,56.0288158999756
48,0.48159900863495514,3946,508.5,203,2026-08-27T09:27:29.694469+00:00,0.6385590778097983,5,d6ae122b8c563a098485726a23c5be2a0302a9b322bdf3511d0ff3c754dcafb7,3.239704200066626,32625082abca5774e7192eede0cabe3f8dad0417a40cc95a5c4dce9cad2f2dec,0.868103823866028,0.9730670208528829,69400,25084,36.14409221902017,100,0.10496247554776818,0.06342201621754595,0.05187293584693574,0.33459506608933476,23,False,cosine,0.0,15,56.37114930013195
46,0.5540007890526254,9706,472.0,201,2026-08-27T09:27:33.938166+00:00,0.6859942363112392,5,bc1592f7e34215508e6e8b50513a7f675add608d2a133e95b27339932c02e33c,3.157508800039068,639e145e262618052e68f3f4b3f5f487855b3ea56fc438a14ef95bcb64038c07,0.8799026168358878,1.0,69400,21792,31.40057636887608,100,0.11158306921105741,0.05456195232718747,0.056710334575482774,0.2740330722162496,42,False,cosine,0.0,15,55.961911799851805
48,0.4767373508664983,4219,620.5,203,2026-08-27T09:27:42.597981+00:00,0.6618443804034582,5,d6a6187a464df863536207d31fe5e94c101b6a2d322467f071af64826665fbdd,2.4379079998470843,15c3da3da4cde06abe977b9aa14f84400c8dad66912cf41227847b7ae79fa9f5,0.8825273514495371,1.0,69400,23468,33.815561959654175,100,0.12863542883256476,0.07439746239967387,0.07069711712879238,0.36633364394961626,73,False,cosine,0.0,15,55.07082589995116
47,0.4827162148313403,4070,560.0,205,2026-08-27T09:28:34.041366+00:00,0.6611383285302593,5,b2a94178add66276a06c75d6a5cd58050dcc50c45ccf6cbd4f566647771e23c0,3.3084983001463115,298d46e16583463190b273f7a5dbfa115e4e915d42c8397cdeb699a79e70505d,0.8729618191039175,1.0,69400,23517,33.88616714697406,100,0.11756131079058435,0.07222898438379613,0.05536509616539944,0.29443052757818816,101,False,cosine,0.0,15,59.26235119998455
53,0.484963243013511,4206,483.0,205,2026-08-27T09:28:36.940330+00:00,0.6435302593659943,5,2dedcf7aa7a7b215f9c372aca9c1053d7e7b4497e278f05759c1de1567831fea,3.2567872998770326,577b3f9f9e8cab715c90ee53130ec2d4d2317e1e55dae9c8085dfb3996f6c6a0,0.8656323458746369,0.9969934064895538,69400,24739,35.64697406340058,100,0.10396325353042468,0.05605961043552231,0.05816883344194494,0.31355753405455955,211,False,cosine,0.0,15,58.02416620007716
49,0.47484489665520724,3966,613.0,204,2026-08-27T09:28:47.698386+00:00,0.6314409221902018,5,ae5f089e47df9cccc4af7ceead428dc897241b3a8d7934bdcd1383cb2f51f6d1,4.072463300079107,059581d40777c10206e5df37bbebc9679cca77b323b3f28787ed43cc9da1283d,0.8783198327030196,1.0,69400,25578,36.85590778097983,100,0.0958883079076939,0.051518481339133594,0.042056565393279934,0.3061185459322145,307,False,cosine,0.0,15,59.038564699934795
49,0.46556827150749813,4021,529.0,210,2026-08-27T09:29:34.983893+00:00,0.6259365994236311,5,3bcfa300bd2266cf1792d24f2a53b144e832c19a54a22c9cf63876a1660bd008,3.20586230000481,bbadcaac1b11ff516f2c110968f2dc0125536557a35eddab9ffd23f785042cce,0.8665805688309413,0.9874000909736704,69400,25960,37.40634005763689,100,0.10378262687183741,0.06223046139345323,0.05114942051861349,0.2034378924659113,419,False,cosine,0.0,15,56.41356100002304
4,0.7383393501805053,68349,341.5,218,2026-08-27T09:29:37.243097+00:00,0.9978386167146974,5,647dd1c0614bbe0ea489dc81d47c20c006f5f03168a7a798bcd40b0fa0df6917,2.8066333001479506,36d55960dbbec3dac479e81ae1927773f6b95baff7a06b3b1b6d49c6b719b14e,0.9885899787547161,1.0,69400,150,0.21613832853025938,100,0.5071826575752598,0.5213157897466747,0.038140034007108053,0.01122793539030601,547,False,cosine,0.0,15,55.84210180002265
48,0.46038858790179926,3206,566.0,203,2026-08-27T09:29:47.367955+00:00,0.6489481268011528,5,fc8ea9a3c9d3696f315a6e08e5dafa051eef6e70521ed69ddf5ce436d828e75b,4.191498800180852,e74acdf4cd1969452c8ededca9b13d435b0ab1dc8f14c6c04715d4d1d44bc57d,0.8722740255164236,0.9983202442400048,69400,24363,35.10518731988473,100,0.10393983486549656,0.05382688942836458,0.05026563576863892,0.2002224545974043,809,False,cosine,0.0,15,53.388031699927524
43,0.5532130986232138,10407,511.0,205,2026-08-27T09:30:38.418037+00:00,0.7199279538904899,10,71b4e98eff1cba1da433fdc46415f603b5558e97410235fb5ab52dc54baf7c89,4.845414299983531,8f72e4f10f8993152503ee342f4ee00df16c54b2ebdcaa807dfe267106e60afc,0.8736558583069538,1.0,69400,19437,28.007204610951007,100,0.15205264812376787,0.10571262722694066,0.07868235343996187,0.4000001870922974,11,False,cosine,0.0,15,57.21821409999393
51,0.45439229910250406,4088,541.0,203,2026-08-27T09:30:39.784334+00:00,0.6117867435158502,10,b2ce9e25e9a53c65a57ad83afb835cb527f7084221bdbb88a87d51f216dfb0fa,4.719840900041163,20a52becee549763737b770055987c46e9ce351a6dc675b430a94dcec57226e9,0.8783037496817689,1.0,69400,26942,38.821325648414984,100,0.1178029351744478,0.06890506697716466,0.05748623006968705,0.25832814059855813,23,False,cosine,0.0,15,56.112911300035194
40,0.5450823255913153,9735,617.5,208,2026-08-27T09:30:48.883461+00:00,0.6756051873198847,10,143114da02566ecde1abc3c44e329fb9e4f615d518ac3fae7d9706bf92b21233,5.001122300047427,038fa7de5a2783624a040036eef486397d7bdd0da249ef07664202ec3a47adb4,0.8764176974184823,1.0,69400,22513,32.43948126801153,100,0.17117249857886918,0.11082526902430884,0.08261246622334084,0.3415981386977329,42,False,cosine,0.0,15,54.1689029999543
52,0.4822449203074663,4492,447.0,203,2026-08-27T09:32:00.073781+00:00,0.6275504322766571,10,3b68cad0504c29fd770cd5fad68eb8dc9ffba132c6ef3f433bf1ab116f151b97,5.680129999993369,55d30b8f392dbc392a3d2d3c01387cb66b35c57c0eb4fc2045b0ac98d0389c17,0.8860887625205337,1.0,69400,25848,37.24495677233429,100,0.14548454116473392,0.08307217128515877,0.0769134886184638,0.3068522680147279,73,False,cosine,0.0,15,73.81799679994583
48,0.5376677545186344,8046,492.0,201,2026-08-27T09:32:01.144698+00:00,0.6821469740634005,10,3771dc893a4981807ed900c736fa8ac28f54b9522f5cfc9e573ba36e327d8758,5.903014899929985,1dc1518f5031cf83a6730ffde18c1956cf9454cc4f115a444d3f638d4626642b,0.8874780775414116,1.0,69400,22059,31.785302593659942,100,0.14395092415314667,0.09745484403711174,0.07488473775351259,0.2746663886728278,101,False,cosine,0.0,15,73.56728719989769
52,0.4699341879184845,4136,557.5,202,2026-08-27T09:32:08.495279+00:00,0.6386455331412104,10,f3e140d0497c072f4eb6a58c866a9f6e2614389484b4b247261d46e86e88467e,5.3828743998892605,a644baebd877be5a739ef4fd739bf918d71bf7a240702cf49e914e147729ac0c,0.8772728327020566,0.9893250416610109,69400,25078,36.13544668587896,100,0.14059184351361598,0.08213211211716487,0.07880974496958397,0.17260608861751064,211,False,cosine,0.0,15,72.20384750002995
45,0.5412869404645473,10080,482.0,200,2026-08-27T09:33:13.579547+00:00,0.6728097982708934,10,1bf7e28e6959124f0a88dcccac4ea0b90da418788d06333399f6c4dd3353dd4e,5.606646900065243,0ef16fe5829ff6037d56aba4b92fc5e1de3e3f2463872e80883df8df1735bb72,0.8931426930654115,1.0,69400,22707,32.71902017291066,100,0.13369050851844858,0.07483884892363082,0.0652531718087457,0.3594030810026737,307,False,cosine,0.0,15,66.52058689994738
45,0.5689567018097685,10438,489.0,200,2026-08-27T09:33:16.141739+00:00,0.7120605187319885,10,7b780ea61a241c3ebf9ff833e4506cdc2ac8b130d4f17022c8c83b0324fdf343,6.356788299977779,d5ce317746b16c2a9edfd5df216754106d972593af578c2d6f227205c84ed5a1,0.8943364683498508,1.0,69400,19983,28.793948126801155,100,0.13235412228144727,0.08513934759664216,0.06610744164418948,0.2036207741884481,419,False,cosine,0.0,15,67.08838109998032
52,0.461484243928929,2843,521.0,201,2026-08-27T09:33:19.849065+00:00,0.6388616714697406,10,f962a47c67ad125e01ea84f86dd224199790e92f0e29c43531d113dafd9ed262,4.626521200174466,37773f6f1552197de1d9f63c549af13faba9b9e13a7c00f93b654862937f7342,0.8811007491815556,1.0,69400,25063,36.11383285302593,100,0.12490268616044137,0.07843653638587571,0.06833607618770808,0.2089353635067204,547,False,cosine,0.0,15,65.45398940006271
49,0.4584038011656649,3314,549.0,205,2026-08-27T09:34:21.652138+00:00,0.6351729106628242,10,62929129bebf8fba7e1d6c3bb695e8b28a4edd60d251b6cc8c631c0f7bf7f207,4.356542099965736,8978331c4e8c2837e8a578ca1acc0d8f76dbc3c8eb20ce9a504567b3d6c6a78d,0.8748376167138818,0.9984945374548915,69400,25319,36.482708933717575,100,0.15414610242065582,0.10235366019221234,0.08287115646456704,0.24616147735091956,809,False,cosine,0.0,15,62.400970899965614
48,0.4667461378323936,3888,566.5,204,2026-08-27T09:34:48.052985+00:00,0.6413976945244957,20,cc65cefede6537e886161e3f0cb94e09c3557c642f3f0f069941fa8e6415cf26,6.6770517998375,d809184b81bfcee805c5bef149caf1c95d26d34f1e63b91148f8e437ee24c1ba,0.8785424754465917,0.9906778467162531,69400,24887,35.86023054755043,100,0.16951410487265028,0.11735774037613815,0.09493120479856826,0.18216006671263468,11,False,cosine,0.0,15,83.4895798000507
49,0.47797706497087133,4003,518.0,200,2026-08-27T09:34:52.503244+00:00,0.6361095100864553,20,26f478f072f01aeba248fa2560d24661d1268b0b710b729aa884020319bbfca1,7.031000100076199,dfe8e0df59005eea7fd4d9546330eafaf83516b4b3862c1199b25a284536dd1b,0.8889229918937797,1.0,69400,25254,36.389048991354464,100,0.1402606918028636,0.101346767919142,0.07450647594855143,0.22053502008311576,23,False,cosine,0.0,15,84.44776410004124
49,0.4786250954051408,3996,526.0,201,2026-08-27T09:35:56.982567+00:00,0.6372622478386167,20,1a1e3ae8cb46aefe3f5e1c2a6b4c055acf28a3392552d724de5e3fe705d3f784,6.620873599778861,b6c42cd35f53204fd09955f8ac365c650b0b58cb86bffb1d19f3a9937f5bdfbb,0.8730578243445262,0.9899413979580703,69400,25174,36.273775216138326,100,0.1655661264822597,0.11754801565606582,0.08991388797342174,0.3964368240273893,42,False,cosine,0.0,15,87.30353939998895
50,0.47804322941216076,4161,526.0,204,2026-08-27T09:36:21.110707+00:00,0.6419740634005764,20,da5cb069b8196a6d11e414f523895e6de0d15f5f7b480ce916804dafc49cd014,5.9421033000107855,880d7fc30d7c6e69c91faf11925cb318df1bb1bddb02e1058401e9e698954224,0.8614893477221351,0.9648671437883055,69400,24847,35.80259365994236,100,0.1643380271367713,0.10636441006401204,0.09339667617973885,0.31939710568899343,73,False,cosine,0.0,15,85.79082670016214
51,0.4757953122012497,3742,509.0,204,2026-08-27T09:36:25.575533+00:00,0.6324495677233429,20,cf924b3e7ba93eb9ae6498ab90a312f5457fb6d8fe82f87df6ec77da7e372b34,5.8359382001217455,42cc43af3332fb81788bb14890d59158e6c049960bd6fb8741dc662fb98591a5,0.8864542547884857,1.0,69400,25508,36.75504322766571,100,0.15597486614964065,0.10348728626816418,0.08442621653926655,0.3033017616950959,101,False,cosine,0.0,15,85.96480379998684
48,0.4834778283115407,5206,540.0,203,2026-08-27T09:37:28.722182+00:00,0.6336455331412104,20,c52dbbdc7350da3e1d244d2101e3de5641e647f41ab0fbbd03875e4a1260e752,6.040387199958786,17caae3e7aea72795d8f501f0c450e69ceb2ae39049f80187b4827ba6c001fd8,0.8786298427898313,1.0,69400,25425,36.63544668587896,100,0.15196552562357213,0.10151183404097147,0.07742857585965586,0.21403669546851978,211,False,cosine,0.0,15,84.37381529994309
52,0.47564752227973367,4174,513.5,204,2026-08-27T09:37:53.187229+00:00,0.6426368876080691,20,aa320170b06c6340c93a10b3f79776a37cabc3ec10776903ffd833b22f8ebaff,5.077042300021276,ac207ea4c6dff8bad1e8e416b3446ea4240d8b52904466a068e1cba66d796db6,0.8657284593136465,0.9622759806179438,69400,24801,35.736311239193085,100,0.15533692606783134,0.10137917196847301,0.08734897024359381,0.2780435878951597,307,False,cosine,0.0,15,85.73518509999849
54,0.44676747333312017,2875,448.0,201,2026-08-27T09:37:57.892043+00:00,0.6009798270893372,20,f0b037c42f8f6dcc46fff122a1e8fbc94f733d3a280c03ddc8eed1c2e096d351,5.667090399889275,364851e2dd31e5f2f0258ff02b5ff9e80cfbea24163057cbecf4095059e0e641,0.8576119892800335,0.9615486592234161,69400,27692,39.90201729106629,100,0.1626354582922106,0.10915565815251563,0.09354727775895666,0.3101155335942648,419,False,cosine,0.0,15,85.26759280008264
49,0.4864987880086499,4044,514.0,204,2026-08-27T09:39:04.551060+00:00,0.640907780979827,20,aba8b88600ff64fa40e22879aa8e51bdf14b01030041cc9f333caf4c674980ab,7.312110600061715,a4f65691d2cec00be6dc43e76cd268446d3dcb4f2a0c15b5861790463ef73a84,0.8886082677064803,1.0,69400,24921,35.90922190201729,100,0.13734983919051766,0.08906231840286327,0.07310344990180082,0.37229640825386706,547,False,cosine,0.0,15,86.61245010001585
47,0.4788802999286136,4235,611.0,207,2026-08-27T09:39:33.193561+00:00,0.6360374639769453,20,35c2c86f4ef5b8b747d06b11d60a60b8cbbc5babdc577b2b2dc21a9262d1e61c,6.6397228999994695,802068a553c455e895c7e6aa7442612c286c0c13745a5408fcfa0b7241afc5b1,0.8723759956282771,0.9768904015682253,69400,25259,36.39625360230547,100,0.15358578015811078,0.10276486295292028,0.08153380044305895,0.2633729624910949,809,False,cosine,0.0,15,91.96520460001193
45,0.525193890971725,7267,500.0,205,2026-08-27T09:39:47.794273+00:00,0.6841210374639769,25,8bb8f14e1842962038cfe83c886cc8b152a9105608bbf634da3253a8e4cb6352,9.55762999993749,4b4a6d19959a6f0c68932254591ab37d12fe11c161886cf435ca46cf219ae2bb,0.8813895564211431,1.0,69400,21922,31.587896253602306,100,0.1773088232381825,0.11158429034817109,0.10434533300782273,0.3045142864783873,11,False,cosine,0.0,15,98.44074509991333
46,0.4812187867215041,3833,646.0,207,2026-08-27T09:40:54.229595+00:00,0.6824207492795389,25,24ec32a76af1d537decf6efe266b96803d44f46e9642f7764e32fa8e76f15c6e,7.938925999915227,2e9bea8a5847f5de60f2aa771d840c58bd9c8747c71da4ec3dfa9868c759d68b,0.8825724697641419,1.0,69400,22040,31.757925072046113,100,0.16545922014575834,0.09192506602588316,0.09005806762976788,0.28950312469065853,23,False,cosine,0.0,15,100.2936267000623
50,0.47652820773460247,4233,523.0,202,2026-08-27T09:41:23.974175+00:00,0.6237175792507205,25,682fff3cfe2cac153998a205cbcd5b53cd415d2d0c18070ebc5672f7cea1b9ad,10.341259100008756,57c386b5c1c14c8ed01eababea94465b612ef033f04759cc83619ed8b44f2cb3,0.8660022391996017,0.9900891698222637,69400,26114,37.628242074927954,100,0.14734084564995106,0.10260342979376108,0.09123495176457608,0.31166143962029386,42,False,cosine,0.0,15,98.2570807999
45,0.4846062146558689,4220,611.0,204,2026-08-27T09:41:37.769563+00:00,0.650028818443804,25,3b367835f5c83657db7918d502daf76243981a36a4fd0a9aa3dbae365030b84b,8.714816899970174,6db0ee7611cc4dd31680f349a106ec384fca6e930911c48f4bc6854a633be5ed,0.8803267292246676,1.0,69400,24288,34.997118155619596,100,0.16156448410501534,0.10331007448290135,0.0876773629991556,0.33872184965433844,73,False,cosine,0.0,15,98.98586550005712
45,0.5512245402820153,8657,462.0,205,2026-08-27T09:42:48.050496+00:00,0.6989625360230548,25,982ab5c74e083e04e89e30ff55e78943cb60e93ee50f4c01584028f4b53218c5,7.829932299908251,916eee5b1ab2d2de2ff59b318d1cb2a21d154c9d42f34a888fa9802983a1b00e,0.8981363472001266,1.0,69400,20892,30.103746397694525,100,0.1569776852232311,0.11042600673517493,0.09608589057644014,0.2536701563174258,101,False,cosine,0.0,15,104.51487249997444
46,0.5271068056899731,5823,553.5,201,2026-08-27T09:43:15.137596+00:00,0.6861671469740634,25,bb3baf9817f1c70cec924f71f7ff8ae1d0368ffaf9e175bbf3a7a4f273e58471,8.538363500032574,4cb28578043d51ce41fdcb7dcc741c163b517d139d4cc0ea40cd1675a0f450c4,0.8852196645222571,1.0,69400,21780,31.38328530259366,100,0.17008709950374978,0.11138960608473775,0.09776139367835494,0.27239652016147026,211,False,cosine,0.0,15,101.2684899000451
48,0.47042084202031076,3741,533.5,211,2026-08-27T09:43:30.254075+00:00,0.6427521613832853,25,8c8e3d94737cbcfe720b7cb1a1fa632ee2f613e569105efbd7c3554e316ec3d6,10.015379500109702,24c0fade96695c3d8a349ceebaebf2a52ec8ea281e153f5ec4bbf3f609a5bf6a,0.8725675934315458,0.9917087399026994,69400,24793,35.72478386167147,100,0.16001090758120903,0.10714885138971408,0.08500418373181025,0.2407013931278769,307,False,cosine,0.0,15,100.82131769997068
51,0.4431038000650715,3198,521.0,206,2026-08-27T09:44:42.499458+00:00,0.6148126801152738,25,8ca6991c53dd93bbec2d0ce4acaddbf29fdc5327d3fe91d3959c776dba12e863,9.032692600041628,6318e40a18dc091edc5fbdbca94160d6bfe958aa7e0a3278fc2ca9cf81f05d62,0.8690826380521736,0.9695015706906359,69400,26732,38.518731988472624,100,0.17105698195463867,0.10626481237383832,0.09538194614539255,0.272853354705237,419,False,cosine,0.0,15,103.78836530004628
47,0.4705662555370376,3941,617.0,200,2026-08-27T09:45:12.248407+00:00,0.6613112391930835,25,25cb7011ff792c4466d4ac19fde9a65498ef94fca6ea1a53eb09049fd2904bf6,9.426178799942136,24cb143f4ee22aad2b008efc7ee56a5cf00cf6994339e2e2358cef3cad06ebf0,0.879928107786469,1.0,69400,23505,33.86887608069164,100,0.16014726603095844,0.09901565015429,0.08927054102614373,0.2654999026488714,547,False,cosine,0.0,15,106.14086719998159
49,0.48063939003179074,4067,550.0,201,2026-08-27T09:45:25.524656+00:00,0.6380691642651297,25,e33801d916605b34db3cb058601428385dd089b397e3b422e19da3a9f36fe421,8.813451400026679,3fc0d43d68984f2871e59ee447d98184cffe316dbff4283d27a2e1c558a18386,0.8526908700176585,0.9362774063413573,69400,25118,36.19308357348704,100,0.14415520880344243,0.09290397261532678,0.08160608183175533,0.34837931906544645,809,False,cosine,0.0,15,104.2236071000807
49,0.4633877275915983,3736,514.0,204,2026-08-27T09:46:55.909818+00:00,0.6413544668587896,30,4834002ad1d3d6cd3c4155f528bed05af62d107e7e7e4cb9172c4a9e76008925,10.216367499902844,59e81290cd381bb886ac04f202bc2c1baf8f7dd1877b51cac84cf7bdc44ed02e,0.8701742369938998,0.9849194586423329,69400,24890,35.86455331412104,100,0.1695174167077775,0.11385088158401059,0.0961376975641235,0.2581611046041974,11,False,cosine,0.0,15,121.9063186000567
51,0.46626069715048885,2808,418.0,202,2026-08-27T09:47:24.734538+00:00,0.6181412103746398,30,571b18dd978f38752564adc7c5e9f264b29ea007d37844bff1747ef3122a7006,9.169459199998528,102c704c46b655ed4e59239c2dc2112a93bfafc3a8b47503f6dd88e7836aead8,0.8650500651979808,0.9657934731016833,69400,26501,38.18587896253602,100,0.13761399376913322,0.09072912655575284,0.08349054102740265,0.3423990715871651,23,False,cosine,0.0,15,121.2572679000441
49,0.48168338480756945,3933,533.0,200,2026-08-27T09:47:34.792389+00:00,0.6468876080691642,30,83cd0b454a439f63ba63d87558f3fd00878542518a25c99d9b2728fe83a062b9,10.19521570019424,0b52f3ee2db1ec891e83eb3a1adf50ef12e6bf6ce3d967d41a11c397ceeafa95,0.887144702046882,1.0,69400,24506,35.31123919308357,100,0.16562967625549577,0.10510684267185537,0.0902542080881775,0.300568746517983,42,False,cosine,0.0,15,117.02588599990122
49,0.4782625075346595,4061,487.0,207,2026-08-27T09:49:04.260542+00:00,0.6556772334293948,30,a89050c2bd925ad58e5a13839b65da785aad51a5c7bd21c742efb795bd2058d9,9.26220089988783,cf987b25f2d51d67be11271068df03c5bb50227f8159781dba8fa2d6d5d0fbfc,0.8659624303476458,0.9785999332001529,69400,23896,34.43227665706052,100,0.16859925303382547,0.11995223589396596,0.09872117694065491,0.3420899527418337,73,False,cosine,0.0,15,117.60188500001095
51,0.4607489463660711,3706,521.0,201,2026-08-27T09:49:26.368875+00:00,0.6310951008645533,30,81e8fee092fae5b06e20e8a782728b09472dbfa4dc0aaa9ddc19d68a6b84634d,9.59960009995848,17d0d1b8d4127966b7fac39b05d51e28a707f4246fefd0e0d6b0fb8049941781,0.8855001294839674,1.0,69400,25602,36.89048991354467,100,0.15426884477493016,0.10051876621560278,0.08620956181031003,0.2887786740610053,101,False,cosine,0.0,15,110.72532750014216
48,0.4795020157197134,3113,501.0,200,2026-08-27T09:49:36.432579+00:00,0.6624207492795389,30,051652c3d92760f3b10d36f92326fe97e0d9676358c66e583fb64e6aabc742e7,8.726708799833432,ae23cb01a3089952e90e2dec8a61c5de34db29a44daa4f76d7b406bb69e0994d,0.890488357604987,1.0,69400,23428,33.757925072046106,100,0.1690846309958565,0.11092145485803603,0.0911588446835608,0.26123707443639943,211,False,cosine,0.0,15,110.82696569990367
49,0.4799716020656075,3848,520.0,201,2026-08-27T09:51:07.854329+00:00,0.6701873198847262,30,e3b208297fc2babc54c6e3ce52b854aa497ad0bf697b93fc07e70bb3d70b7801,8.394902599975467,d85e95ad4462f729ec49c18602b8c1c6a21f5a6c80fabd45d879612a0d18c5ad,0.8776479318369677,1.0,69400,22889,32.981268011527376,100,0.1533022886006505,0.09605430442451787,0.0915308970275942,0.1872146638624195,307,False,cosine,0.0,15,113.93863709992729
46,0.462287004375327,4070,571.0,202,2026-08-27T09:51:25.417611+00:00,0.6310230547550433,30,bf281cdbe248211207678b773223010b7defb75f6e13e80ae1ce72d3b751adc3,10.237629899987951,7eeb5badd04fea413aa5b3364cd564bbf5e7b431ca7c2d894deec1a302312357,0.8645836792489247,0.9759414354894989,69400,25607,36.89769452449568,100,0.1790594195929558,0.125537735704573,0.09530055105792143,0.22181195024174583,419,False,cosine,0.0,15,107.106865900103
47,0.46167197680527655,3992,578.0,205,2026-08-27T09:51:35.888470+00:00,0.6436455331412104,30,ee8414d4ea0487e60fa7a982f9ac226faf826744ec4e34e7e0d9ec1a56c47f21,7.750145500060171,2ad175ed55a959f88775d5b9888cb805aa3385c28eb740ccc21cffe643f70863,0.8899167459674603,1.0,69400,24731,35.63544668587896,100,0.15798462209772296,0.10690900938081782,0.08591398499263113,0.2528320396035475,547,False,cosine,0.0,15,110.48427660018206
49,0.501222899326445,4030,434.0,201,2026-08-27T09:52:45.414073+00:00,0.650821325648415,30,d1834761c8e715227c48aa217c8e089790663116b2486c26240e75522f66c8a2,7.1742499999236315,b2c2f981670f6138497430709baa6d291536cf86d38fa0fe94eca1e7ce9ba080,0.8751724718742357,0.9898110755863823,69400,24233,34.9178674351585,100,0.1628457895580617,0.10625885106895024,0.09220921046806645,0.3156952917057231,809,False,cosine,0.0,15,89.19250909984112
