cluster_count,cluster_size_gini,cluster_size_max,cluster_size_median,cluster_size_min,completed_at,coverage,dimension,embedding_path,embedding_sha256,fit_seconds,labels_sha256,membership_mean_assigned,membership_median_assigned,min_cluster_size,min_samples,n_papers,noise_count,noise_pct,pca_dimensions,persistence_mean,persistence_median,persistence_weighted_coverage,relative_validity,seed,selection_method,adjacent_parameter_ari_mean,adjacent_parameter_ari_min,pareto_within_dimension,substantive_non_degenerate
112,0.5503837891165244,3870,160.5,75,2026-08-27T10:10:26.696948+00:00,0.5581412103746398,20,analysis\robustness-study\work\source\canonical-pca50\umap20.npy,dc425adba95c396840c5726bd3e2fd1e6dbee3a12d822b32ff8cc77bda4114e0,5.974560200003907,00d5a4e37f0f59c9f1df750232ffcff3aa03d2dfe1587ffc40c24a802563bdb8,0.8692677259427066,0.9947175831173279,75,5,69400,30665,44.18587896253602,50,0.061912719058764845,0.03778261532519711,0.03321823000348608,0.2688792255927175,42,eom,0.7838671393727796,0.686663092206756,False,True
90,0.5854226496039399,4141,185.0,77,2026-08-27T10:10:26.250023+00:00,0.5903890489913545,20,analysis\robustness-study\work\source\canonical-pca50\umap20.npy,dc425adba95c396840c5726bd3e2fd1e6dbee3a12d822b32ff8cc77bda4114e0,5.760488600004464,09217f127f5f84228df285db16a773fb24e78f3e0133a3fac7634143bdc3a648,0.8753264012699238,0.9884849561749212,75,15,69400,28427,40.961095100864554,50,0.0692665461224072,0.04773819844580558,0.035237046977019064,0.30296738444311816,42,eom,0.5420797964310597,0.005434355632440706,False,True
3,0.6601320379392857,68913,242.0,219,2026-08-27T10:10:26.759454+00:00,0.9996253602305476,20,analysis\robustness-study\work\source\canonical-pca50\umap20.npy,dc425adba95c396840c5726bd3e2fd1e6dbee3a12d822b32ff8cc77bda4114e0,6.131788100115955,11ff4f8e43332dbda36d57e4b0dd5a00587c332e0df01e765fcd79750edc34d6,0.9932707369521041,1.0,75,30,69400,26,0.037463976945244955,50,0.3867448569542437,0.45298003988699187,0.041599449084180215,0.6909128190318695,42,eom,0.668478118544147,0.005434355632440706,False,False
3,0.6601320379392857,68913,242.0,219,2026-08-27T10:10:27.581218+00:00,0.9996253602305476,20,analysis\robustness-study\work\source\canonical-pca50\umap20.npy,dc425adba95c396840c5726bd3e2fd1e6dbee3a12d822b32ff8cc77bda4114e0,6.876169400056824,11ff4f8e43332dbda36d57e4b0dd5a00587c332e0df01e765fcd79750edc34d6,0.9945485462449543,1.0,75,50,69400,26,0.037463976945244955,50,0.37428686494637814,0.41593536848859847,0.041009475258644644,0.6920343712552216,42,eom,1.0,1.0,False,False
84,0.526436637633171,3870,241.0,100,2026-08-27T10:10:34.383654+00:00,0.5669596541786743,20,analysis\robustness-study\work\source\canonical-pca50\umap20.npy,dc425adba95c396840c5726bd3e2fd1e6dbee3a12d822b32ff8cc77bda4114e0,6.614238899899647,063a20e11d271b25df894682c91b16570808f0cc86c9ed1a9173266c248fab47,0.880022949498592,1.0,100,5,69400,30053,43.304034582132566,50,0.0639007001823216,0.03880946633354572,0.03398573789278366,0.21029396399894731,42,eom,0.8263523947380319,0.7101867341044448,True,True
74,0.5512032973991333,4141,252.0,102,2026-08-27T10:10:34.910836+00:00,0.5965706051873199,20,analysis\robustness-study\work\source\canonical-pca50\umap20.npy,dc425adba95c396840c5726bd3e2fd1e6dbee3a12d822b32ff8cc77bda4114e0,6.759470200166106,a33b0d68bd4bbbdf0b538a795cec361d7baef83f89765630c088ee17a518805a,0.8748398928410414,0.9777164556093445,100,15,69400,27998,40.34293948126801,50,0.07612152551382748,0.05167582906277282,0.041179521519745646,0.2129683240897912,42,eom,0.41371121223748175,0.0052580866957498956,False,True
3,0.6601320379392857,68913,242.0,219,2026-08-27T10:10:35.475397+00:00,0.9996253602305476,20,analysis\robustness-study\work\source\canonical-pca50\umap20.npy,dc425adba95c396840c5726bd3e2fd1e6dbee3a12d822b32ff8cc77bda4114e0,7.004594000056386,11ff4f8e43332dbda36d57e4b0dd5a00587c332e0df01e765fcd79750edc34d6,0.9936020406056855,1.0,100,30,69400,26,0.037463976945244955,50,0.47460770270653674,0.6073290737622971,0.05580767201525976,0.6909128190318695,42,eom,0.7513145216739374,0.0052580866957498956,False,False
3,0.6601320379392857,68913,242.0,219,2026-08-27T10:10:36.265141+00:00,0.9996253602305476,20,analysis\robustness-study\work\source\canonical-pca50\umap20.npy,dc425adba95c396840c5726bd3e2fd1e6dbee3a12d822b32ff8cc77bda4114e0,7.356089500011876,11ff4f8e43332dbda36d57e4b0dd5a00587c332e0df01e765fcd79750edc34d6,0.9948875289324977,1.0,100,50,69400,26,0.037463976945244955,50,0.4367505489351397,0.5174256778839526,0.052038779473460146,0.6920343712552216,42,eom,1.0,1.0,False,False
60,0.4771070517904504,3870,364.0,150,2026-08-27T10:10:42.258054+00:00,0.5632132564841499,20,analysis\robustness-study\work\source\canonical-pca50\umap20.npy,dc425adba95c396840c5726bd3e2fd1e6dbee3a12d822b32ff8cc77bda4114e0,6.482920399866998,0af0e721978144259d02617dcd5672e67b6a41c1f11775a640e17fd969726eef,0.8794582033484062,0.9830257532687998,150,5,69400,30313,43.67867435158501,50,0.11306629060874675,0.06510843829516595,0.05683099973286995,0.1960703436987956,42,eom,0.3001412113361268,0.006312185218766294,False,True
3,0.6601320379392857,68913,242.0,219,2026-08-27T10:10:42.637880+00:00,0.9996253602305476,20,analysis\robustness-study\work\source\canonical-pca50\umap20.npy,dc425adba95c396840c5726bd3e2fd1e6dbee3a12d822b32ff8cc77bda4114e0,6.287699999986216,11ff4f8e43332dbda36d57e4b0dd5a00587c332e0df01e765fcd79750edc34d6,0.997298896013369,1.0,150,15,69400,26,0.037463976945244955,50,0.603875737558157,0.8299117068279634,0.06384622944072792,0.7070678205741231,42,eom,0.502892567978629,0.0052580866957498956,False,False
3,0.6601320379392857,68913,242.0,219,2026-08-27T10:10:43.772507+00:00,0.9996253602305476,20,analysis\robustness-study\work\source\canonical-pca50\umap20.npy,dc425adba95c396840c5726bd3e2fd1e6dbee3a12d822b32ff8cc77bda4114e0,6.8723665999714285,11ff4f8e43332dbda36d57e4b0dd5a00587c332e0df01e765fcd79750edc34d6,0.9942991157192872,1.0,150,30,69400,26,0.037463976945244955,50,0.6179682457575388,0.8713164337221759,0.0901756933947941,0.6909128190318695,42,eom,1.0,1.0,False,False
3,0.6601320379392857,68913,242.0,219,2026-08-27T10:10:45.092052+00:00,0.9996253602305476,20,analysis\robustness-study\work\source\canonical-pca50\umap20.npy,dc425adba95c396840c5726bd3e2fd1e6dbee3a12d822b32ff8cc77bda4114e0,7.36229920014739,11ff4f8e43332dbda36d57e4b0dd5a00587c332e0df01e765fcd79750edc34d6,0.9955112058903106,1.0,150,50,69400,26,0.037463976945244955,50,0.5950807436591651,0.8202559766633989,0.08912890996745852,0.6920343712552216,42,eom,1.0,1.0,False,False
3,0.6601320379392857,68913,242.0,219,2026-08-27T10:10:50.620223+00:00,0.9996253602305476,20,analysis\robustness-study\work\source\canonical-pca50\umap20.npy,dc425adba95c396840c5726bd3e2fd1e6dbee3a12d822b32ff8cc77bda4114e0,6.788944700034335,11ff4f8e43332dbda36d57e4b0dd5a00587c332e0df01e765fcd79750edc34d6,0.9978211215989741,1.0,200,5,69400,26,0.037463976945244955,50,0.5931839741178363,0.8000297450901194,0.08188723355523121,0.7071033654419747,42,eom,0.3330395392115059,-0.007193567584248436,False,False
3,0.6601320379392857,68913,242.0,219,2026-08-27T10:10:50.353873+00:00,0.9996253602305476,20,analysis\robustness-study\work\source\canonical-pca50\umap20.npy,dc425adba95c396840c5726bd3e2fd1e6dbee3a12d822b32ff8cc77bda4114e0,6.233854199992493,11ff4f8e43332dbda36d57e4b0dd5a00587c332e0df01e765fcd79750edc34d6,0.9975935513562949,1.0,200,15,69400,26,0.037463976945244955,50,0.6511152912667358,0.9310166335058777,0.0952498255209507,0.7070678205741231,42,eom,0.7484803728024361,-0.006078508790255904,False,False
3,0.6601320379392857,68913,242.0,219,2026-08-27T10:10:52.448855+00:00,0.9996253602305476,20,analysis\robustness-study\work\source\canonical-pca50\umap20.npy,dc425adba95c396840c5726bd3e2fd1e6dbee3a12d822b32ff8cc77bda4114e0,6.8555297998245806,11ff4f8e43332dbda36d57e4b0dd5a00587c332e0df01e765fcd79750edc34d6,0.9946455633848224,1.0,200,30,69400,26,0.037463976945244955,50,0.5798368238496121,0.6991861541456885,0.11382260623973865,0.6909128190318695,42,eom,0.7482612468601988,-0.006955012559204643,False,False
3,0.6601320379392857,68913,242.0,219,2026-08-27T10:10:53.892033+00:00,0.9996253602305476,20,analysis\robustness-study\work\source\canonical-pca50\umap20.npy,dc425adba95c396840c5726bd3e2fd1e6dbee3a12d822b32ff8cc77bda4114e0,7.323329899925739,11ff4f8e43332dbda36d57e4b0dd5a00587c332e0df01e765fcd79750edc34d6,0.9960594737923152,1.0,200,50,69400,26,0.037463976945244955,50,0.6039585977883192,0.741378198703295,0.13220528072036106,0.6920343712552216,42,eom,0.6641063655095479,-0.007680903471355946,False,False
30,0.36527417161226505,3870,1248.5,336,2026-08-27T10:10:58.474860+00:00,0.6215561959654179,20,analysis\robustness-study\work\source\canonical-pca50\umap20.npy,dc425adba95c396840c5726bd3e2fd1e6dbee3a12d822b32ff8cc77bda4114e0,6.658362800022587,ceb72d9cefb7edec5e464c2d817e396d49a0f0d47ef94229c485a308882e1ae9,0.8663166731092727,0.9616748228627371,300,5,69400,26264,37.84438040345821,50,0.16391359367075553,0.11368259111811424,0.08983904394341673,0.17947594017503055,42,eom,0.5070847919468835,-0.007193567584248436,False,True
29,0.4580542431282466,10106,1146.0,323,2026-08-27T10:10:58.572335+00:00,0.6662103746397694,20,analysis\robustness-study\work\source\canonical-pca50\umap20.npy,dc425adba95c396840c5726bd3e2fd1e6dbee3a12d822b32ff8cc77bda4114e0,6.485020599793643,783b9773a210c5f97d79a886e176914157d0be32ad17460d71e8938c40a4d52a,0.8657027244488087,0.9443443691365189,300,15,69400,23165,33.37896253602305,50,0.18607515514482417,0.17188728100293846,0.10649582683623704,0.4010742276838277,42,eom,0.5595749569408851,-0.006078508790255904,True,True
31,0.3996815579256571,5815,959.0,395,2026-08-27T10:11:00.611619+00:00,0.6323198847262248,20,analysis\robustness-study\work\source\canonical-pca50\umap20.npy,dc425adba95c396840c5726bd3e2fd1e6dbee3a12d822b32ff8cc77bda4114e0,6.64189779991284,5931c0a799329321f2ae6266019413e6c9a7a88fa6197feb35f252fcb8ed9b3d,0.8508842833827903,0.9168580322235085,300,30,69400,25517,36.76801152737752,50,0.1882328116980552,0.17355786353283198,0.11622822817172578,0.2718765591427396,42,eom,0.5795032409652444,-0.006955012559204643,False,True
34,0.36476998391036636,3885,1003.5,361,2026-08-27T10:11:02.513899+00:00,0.5937031700288184,20,analysis\robustness-study\work\source\canonical-pca50\umap20.npy,dc425adba95c396840c5726bd3e2fd1e6dbee3a12d822b32ff8cc77bda4114e0,7.184483799850568,297629fa374496e0f877f266e36c58a59bff9798403693a5ab47d49fe1053d7b,0.8499057807905647,0.8912120148328964,300,50,69400,28197,40.62968299711815,50,0.18504134447771417,0.1639631586874606,0.11566447076516831,0.2663691489577213,42,eom,0.4804205154662465,-0.007680903471355946,False,True
23,0.2773738348695573,4469,1826.0,598,2026-08-27T10:11:06.193982+00:00,0.628299711815562,20,analysis\robustness-study\work\source\canonical-pca50\umap20.npy,dc425adba95c396840c5726bd3e2fd1e6dbee3a12d822b32ff8cc77bda4114e0,6.36535260011442,32a358bfc8a3833cd54ada7fef4d012a08e29b88b704e84cb05e1165dbb0b981,0.8573978287800188,0.9077539214145066,500,5,69400,25796,37.170028818443804,50,0.17936542556926988,0.15473000956302357,0.12341482622086794,0.25388799656378425,42,eom,0.7452003596922032,0.6127822605998122,True,True
21,0.3843907228368507,10106,1704.0,589,2026-08-27T10:11:06.448431+00:00,0.6904755043227666,20,analysis\robustness-study\work\source\canonical-pca50\umap20.npy,dc425adba95c396840c5726bd3e2fd1e6dbee3a12d822b32ff8cc77bda4114e0,6.467057000147179,6d3768ab32bf4a70997dd7c6f1829fc2845d67e46e33ad2f53250a2677dd240a,0.878547198956454,0.9842066612969913,500,15,69400,21481,30.952449567723345,50,0.18964970577852586,0.16856493330707656,0.12775125615776617,0.39069390267656184,42,eom,0.7120894416051046,0.6127822605998122,True,True
25,0.3500996376811594,5815,1435.0,500,2026-08-27T10:11:08.889836+00:00,0.6363112391930835,20,analysis\robustness-study\work\source\canonical-pca50\umap20.npy,dc425adba95c396840c5726bd3e2fd1e6dbee3a12d822b32ff8cc77bda4114e0,6.964036200195551,646e86759d35a48e29a888846fdb153db0c43d4c76df3a0085de44a8a95ec401,0.8810145338671169,0.9717398983127823,500,30,69400,25240,36.36887608069164,50,0.1593857958415587,0.14773350607648036,0.1203286404101666,0.3186578826181856,42,eom,0.7904751622590503,0.6920435777423934,True,True
23,0.3181925338292992,6019,1663.0,506,2026-08-27T10:11:11.253494+00:00,0.6245100864553315,20,analysis\robustness-study\work\source\canonical-pca50\umap20.npy,dc425adba95c396840c5726bd3e2fd1e6dbee3a12d822b32ff8cc77bda4114e0,7.389976599952206,f40fc47aac18d768ed6fff067d035489e1cdfc68171548729ff29b04eb518587,0.8689320337610998,0.9339121276266628,500,50,69400,26059,37.54899135446686,50,0.18484162664235776,0.1339468613347157,0.11864981882833013,0.21973179207857294,42,eom,0.7827313739625272,0.7720593829977839,False,True
55,0.3285665550571736,1857,408.0,210,2026-08-27T10:11:13.691444+00:00,0.41469740634005764,20,analysis\robustness-study\work\source\canonical-pca50\umap20.npy,dc425adba95c396840c5726bd3e2fd1e6dbee3a12d822b32ff8cc77bda4114e0,6.22197680012323,ba2269ff5ec36fbc287b6d33159ae246fe8df07286e8403653b725fc5ae76404,0.8750243079537042,0.941773487020727,200,15,69400,40620,58.53025936599424,50,0.14860648233109824,0.09546692211246349,0.05934854137961228,0.15094252414127604,42,leaf,,,False,True
115,0.5599189787076133,3955,162.0,75,2026-08-27T10:11:14.890963+00:00,0.5672478386167147,25,analysis\robustness-study\work\source\canonical-pca50\umap25.npy,2b40a53de750039cee067712a9f975188e3398da6e43a957eae8dbfdab156c97,7.080675800098106,3d2060ce470ad1a87b273b8c4e5c3e3894b3e444497eece5dec27ae3205fab3c,0.869253881686801,0.9816540514617776,75,5,69400,30033,43.27521613832853,50,0.06006517354142126,0.03740057151912538,0.0337558467465073,0.2841746707791887,42,eom,0.4371602206695569,0.006169085794696482,False,True
3,0.6600935989467717,68909,246.0,219,2026-08-27T10:11:17.402966+00:00,0.9996253602305476,25,analysis\robustness-study\work\source\canonical-pca50\umap25.npy,2b40a53de750039cee067712a9f975188e3398da6e43a957eae8dbfdab156c97,7.005692400038242,9d0c5f724ab67091a2a319339fadf95cac2eadb6cdbfeb1b7dac75f7160eafe0,0.9952536819932555,1.0,75,15,69400,26,0.037463976945244955,50,0.43341332929231463,0.5697811580720366,0.03868326008378037,0.7034704826974671,42,eom,0.6687230285982322,0.006169085794696482,False,False
3,0.6600935989467717,68909,246.0,219,2026-08-27T10:11:20.281559+00:00,0.9996253602305476,25,analysis\robustness-study\work\source\canonical-pca50\umap25.npy,2b40a53de750039cee067712a9f975188e3398da6e43a957eae8dbfdab156c97,7.743836899986491,9d0c5f724ab67091a2a319339fadf95cac2eadb6cdbfeb1b7dac75f7160eafe0,0.9927648080503976,1.0,75,30,69400,26,0.037463976945244955,50,0.4330898801728477,0.5671617709571825,0.051113112845633656,0.6868040513151791,42,eom,0.6685699878544763,0.00570996356342911,False,False
69,0.58693903306929,3732,238.0,77,2026-08-27T10:11:23.951447+00:00,0.5851008645533141,25,analysis\robustness-study\work\source\canonical-pca50\umap25.npy,2b40a53de750039cee067712a9f975188e3398da6e43a957eae8dbfdab156c97,8.503536500036716,9bb34c9d15b00eb52a9e159e7773aab7a52b29e81196cc2de1b1722e4701889d,0.8681203475128008,0.959141472335418,75,50,69400,28794,41.48991354466859,50,0.08282207243714329,0.04869658096978732,0.04212830898977976,0.3786615826749893,42,eom,0.474830975966049,0.00570996356342911,False,True
81,0.5402183651466145,3955,246.0,100,2026-08-27T10:11:23.594234+00:00,0.5857348703170029,25,analysis\robustness-study\work\source\canonical-pca50\umap25.npy,2b40a53de750039cee067712a9f975188e3398da6e43a957eae8dbfdab156c97,7.039141899906099,81fd21962ece1c12849ed7af5aa5d1f19e763f645c2fc83293172b168f028fdc,0.8670620538500645,0.9869837607892104,100,5,69400,28750,41.42651296829971,50,0.0787912532851195,0.0494266999606885,0.04191046877752238,0.2569573571841002,42,eom,0.5798537297086429,0.005604650977741851,False,True
3,0.6600935989467717,68909,246.0,219,2026-08-27T10:11:26.100805+00:00,0.9996253602305476,25,analysis\robustness-study\work\source\canonical-pca50\umap25.npy,2b40a53de750039cee067712a9f975188e3398da6e43a957eae8dbfdab156c97,7.130333499982953,9d0c5f724ab67091a2a319339fadf95cac2eadb6cdbfeb1b7dac75f7160eafe0,0.9956812484772197,1.0,100,15,69400,26,0.037463976945244955,50,0.5028958718976212,0.6931655190429539,0.049056500913715474,0.7034704826974671,42,eom,0.7514011627444355,0.005604650977741851,False,False
3,0.6600935989467717,68909,246.0,219,2026-08-27T10:11:29.390174+00:00,0.9996253602305476,25,analysis\robustness-study\work\source\canonical-pca50\umap25.npy,2b40a53de750039cee067712a9f975188e3398da6e43a957eae8dbfdab156c97,7.7187087999191135,9d0c5f724ab67091a2a319339fadf95cac2eadb6cdbfeb1b7dac75f7160eafe0,0.9931687069302426,1.0,100,30,69400,26,0.037463976945244955,50,0.5061571798923875,0.6895890966632857,0.06522661962415557,0.6868040513151791,42,eom,0.7514096748030233,0.00563869921209332,False,False
58,0.5453969176988053,3732,293.5,100,2026-08-27T10:11:33.312424+00:00,0.5878674351585015,25,analysis\robustness-study\work\source\canonical-pca50\umap25.npy,2b40a53de750039cee067712a9f975188e3398da6e43a957eae8dbfdab156c97,8.310390700120479,e68f13afe81054cc23bf7b60e0055786fceb639a6ab384e2a74d01681035ebd1,0.858125279385667,0.9466861809541409,100,50,69400,28602,41.21325648414986,50,0.10478585232624349,0.07076831234159824,0.05304456185666926,0.3850091501698903,42,eom,0.6109459456791705,0.00563869921209332,False,True
56,0.48200545102254505,3955,405.0,152,2026-08-27T10:11:31.996610+00:00,0.5917435158501441,25,analysis\robustness-study\work\source\canonical-pca50\umap25.npy,2b40a53de750039cee067712a9f975188e3398da6e43a957eae8dbfdab156c97,6.613868500106037,9e571c9839a280721d80d0e2763b571f9f5767855078f99538f1a73f425aaae4,0.8704751888457483,0.9782910897734992,150,5,69400,28333,40.82564841498559,50,0.12405428768618439,0.08165459056180309,0.06417317413579293,0.22294825266416307,42,eom,0.5997868425201861,0.005467934191624049,False,True
3,0.6600935989467717,68909,246.0,219,2026-08-27T10:11:34.878857+00:00,0.9996253602305476,25,analysis\robustness-study\work\source\canonical-pca50\umap25.npy,2b40a53de750039cee067712a9f975188e3398da6e43a957eae8dbfdab156c97,7.240613000001758,9d0c5f724ab67091a2a319339fadf95cac2eadb6cdbfeb1b7dac75f7160eafe0,0.9965368406340731,1.0,150,15,69400,26,0.037463976945244955,50,0.5523732512052072,0.6910897983087028,0.07024220639993649,0.7034704826974671,42,eom,0.751366983547906,0.005467934191624049,False,False
3,0.6600935989467717,68909,246.0,219,2026-08-27T10:11:38.117922+00:00,0.9996253602305476,25,analysis\robustness-study\work\source\canonical-pca50\umap25.npy,2b40a53de750039cee067712a9f975188e3398da6e43a957eae8dbfdab156c97,7.426579300081357,9d0c5f724ab67091a2a319339fadf95cac2eadb6cdbfeb1b7dac75f7160eafe0,0.9939873089862907,1.0,150,30,69400,26,0.037463976945244955,50,0.588227405391094,0.7866177573362192,0.09924293082509887,0.6868040513151791,42,eom,0.7512386070427348,0.00495442817093908,False,False
44,0.4921950729997139,3732,496.5,163,2026-08-27T10:11:42.201227+00:00,0.6135158501440923,25,analysis\robustness-study\work\source\canonical-pca50\umap25.npy,2b40a53de750039cee067712a9f975188e3398da6e43a957eae8dbfdab156c97,8.722027800045907,5964f4c01b09ada981f325c135f3eedcac46b388c2e29b60fe73f5e635cbc009,0.8780533138743056,0.962573901504172,150,50,69400,26822,38.648414985590776,50,0.15624019084006083,0.11468806871171952,0.07882720354688033,0.33534428786145465,42,eom,0.2977186685995424,0.00495442817093908,False,True
46,0.4420667844734447,3955,597.5,219,2026-08-27T10:11:42.064115+00:00,0.596671469740634,25,analysis\robustness-study\work\source\canonical-pca50\umap25.npy,2b40a53de750039cee067712a9f975188e3398da6e43a957eae8dbfdab156c97,6.999509799992666,b0bebc1784ecb35ecfc41f69241a3078c63c6a382f69bb081d5028184d3ae727,0.8640563825365369,0.9490999917697299,200,5,69400,27991,40.3328530259366,50,0.16858804782023662,0.13070443349168495,0.09132094428270322,0.2467296587086588,42,eom,0.5713591917537664,0.00535768309141863,False,True
3,0.6600935989467717,68909,246.0,219,2026-08-27T10:11:43.973663+00:00,0.9996253602305476,25,analysis\robustness-study\work\source\canonical-pca50\umap25.npy,2b40a53de750039cee067712a9f975188e3398da6e43a957eae8dbfdab156c97,7.288043399807066,9d0c5f724ab67091a2a319339fadf95cac2eadb6cdbfeb1b7dac75f7160eafe0,0.9971130510176756,1.0,200,15,69400,26,0.037463976945244955,50,0.5177373747290687,0.6426567862667992,0.10837644448234503,0.7034704826974671,42,eom,0.4998021246894526,-0.0061491843336081735,False,False
3,0.6600935989467717,68909,246.0,219,2026-08-27T10:11:47.979520+00:00,0.9996253602305476,25,analysis\robustness-study\work\source\canonical-pca50\umap25.npy,2b40a53de750039cee067712a9f975188e3398da6e43a957eae8dbfdab156c97,8.187252700095996,9d0c5f724ab67091a2a319339fadf95cac2eadb6cdbfeb1b7dac75f7160eafe0,0.9945820883435362,1.0,200,30,69400,26,0.037463976945244955,50,0.5360801780889736,0.7350221769766857,0.13635550149787137,0.6868040513151791,42,eom,0.7482070551946123,-0.007171779221550858,False,False
3,0.6600935989467717,68909,246.0,219,2026-08-27T10:11:52.653553+00:00,0.9996253602305476,25,analysis\robustness-study\work\source\canonical-pca50\umap25.npy,2b40a53de750039cee067712a9f975188e3398da6e43a957eae8dbfdab156c97,9.011646300088614,9d0c5f724ab67091a2a319339fadf95cac2eadb6cdbfeb1b7dac75f7160eafe0,0.9991141329450687,1.0,200,50,69400,26,0.037463976945244955,50,0.5396190728573649,0.7583908133266657,0.10417947790452607,0.6752103566964155,42,eom,0.3327726379504841,-0.006636514319486633,False,False
31,0.4166504830448784,5754,998.0,320,2026-08-27T10:11:50.864618+00:00,0.6414409221902018,25,analysis\robustness-study\work\source\canonical-pca50\umap25.npy,2b40a53de750039cee067712a9f975188e3398da6e43a957eae8dbfdab156c97,7.078502599848434,e66433b251b24c7578f3f1a7c8fe31607ac49b1d8845370a5ea1d8d9a569e853,0.8544422350543416,0.9442430893113664,300,5,69400,24884,35.85590778097983,50,0.1705693196602486,0.15052048106630614,0.10337943416419766,0.13873421785638881,42,eom,0.7763646273846118,0.6743511257042706,False,True
28,0.45428574524537085,10055,1207.5,319,2026-08-27T10:11:52.640869+00:00,0.6648847262247839,25,analysis\robustness-study\work\source\canonical-pca50\umap25.npy,2b40a53de750039cee067712a9f975188e3398da6e43a957eae8dbfdab156c97,7.231151100015268,983985045a3eb433ec614ebc2bf0135d92d29bb954d1392d189385d0a71b1854,0.8772341764607585,0.9665573998581427,300,15,69400,23257,33.51152737752162,50,0.17897970236772962,0.16012607645991975,0.10969770981036339,0.3326352751853929,42,eom,0.5493493891770356,-0.0061491843336081735,True,True
32,0.3965702621895124,3922,1014.5,303,2026-08-27T10:11:57.200449+00:00,0.6265129682997118,25,analysis\robustness-study\work\source\canonical-pca50\umap25.npy,2b40a53de750039cee067712a9f975188e3398da6e43a957eae8dbfdab156c97,7.790703300153837,42b7c920275ccc91f810e86b65dfd211382125eb08c418211dd3c4fd55082d0b,0.8678023965387116,0.9386503523575701,300,30,69400,25920,37.34870317002882,50,0.1621392097224893,0.13949169903766762,0.10610882420416402,0.27634980395534847,42,eom,0.5412640838000714,-0.007171779221550858,False,True
28,0.42515943736185796,6123,1208.0,318,2026-08-27T10:12:01.360428+00:00,0.6500576368876081,25,analysis\robustness-study\work\source\canonical-pca50\umap25.npy,2b40a53de750039cee067712a9f975188e3398da6e43a957eae8dbfdab156c97,8.900805700104684,4579b4a9912b9f2a8a2b6beae2816ad27f6655fc87904b9063d366c111d37b52,0.8794858289954313,0.9658574938581639,300,50,69400,24286,34.99423631123919,50,0.18570968384783026,0.1578073810719971,0.11417206159502553,0.2362130518731306,42,eom,0.53043192849385,-0.006636514319486633,False,True
23,0.3274702787466513,5754,1693.0,607,2026-08-27T10:12:01.255482+00:00,0.6288328530259366,25,analysis\robustness-study\work\source\canonical-pca50\umap25.npy,2b40a53de750039cee067712a9f975188e3398da6e43a957eae8dbfdab156c97,7.17194820009172,6602598c60aea6c9d185ac5d8ee59d6877a4086c3657a500ec3da7d1a264113c,0.8583475959732975,0.932722963787016,500,5,69400,25759,37.11671469740634,50,0.20287402637999757,0.19795993754587166,0.13134238848930554,0.17500551357055438,42,eom,0.7707421711695583,0.6673740672942681,True,True
22,0.38418066768492254,10055,1604.5,588,2026-08-27T10:12:01.650914+00:00,0.6603746397694524,25,analysis\robustness-study\work\source\canonical-pca50\umap25.npy,2b40a53de750039cee067712a9f975188e3398da6e43a957eae8dbfdab156c97,7.449539799941704,bed3e4efed7b7cf962a6731f8f6560846a2eb2deb3efb0a52aba46c793bb2467,0.8853446219919276,0.9939517940388021,500,15,69400,23570,33.96253602305476,50,0.19632673976662413,0.17205886350064586,0.1356419831969713,0.41196997654351836,42,eom,0.7424198265915476,0.6434657747603665,True,True
23,0.34971255615624774,6029,1786.0,504,2026-08-27T10:12:07.058824+00:00,0.6582132564841499,25,analysis\robustness-study\work\source\canonical-pca50\umap25.npy,2b40a53de750039cee067712a9f975188e3398da6e43a957eae8dbfdab156c97,8.214784400071949,267f091935e1896d355a517155a615cd96854c50a0fa9a0730c90cbcbe62f1ae,0.8869490224428151,0.9803064494611953,500,30,69400,23720,34.178674351585016,50,0.15776917951518146,0.1290361834121023,0.11512236554493659,0.3215377710758515,42,eom,0.7527810408415392,0.6434657747603665,True,True
22,0.3618114989349155,6123,1691.5,507,2026-08-27T10:12:11.678254+00:00,0.6586023054755044,25,analysis\robustness-study\work\source\canonical-pca50\umap25.npy,2b40a53de750039cee067712a9f975188e3398da6e43a957eae8dbfdab156c97,8.90038640005514,bb1600fb66aed85ff211030f1d65f7a08c9ac31a6aa9f4735cb1256a06bbb794,0.8838905614785719,0.9569907810157632,500,50,69400,23693,34.13976945244957,50,0.16259184246071148,0.1434696444058888,0.11345686106902104,0.27427589197878544,42,eom,0.8266787553804616,0.7931424113648888,True,True
58,0.350887473748391,2267,422.0,200,2026-08-27T10:12:10.316359+00:00,0.4400576368876081,25,analysis\robustness-study\work\source\canonical-pca50\umap25.npy,2b40a53de750039cee067712a9f975188e3398da6e43a957eae8dbfdab156c97,7.571965599898249,d324a05314ab683c05fe7189fd865d3d5b7986e75b186a1a515c32c5e5367b54,0.8671201607369715,0.9296624849552629,200,15,69400,38860,55.9942363112392,50,0.14300525208505327,0.09070278333311521,0.0642842629870297,0.1512122178907965,42,leaf,,,False,True
105,0.5785383357662887,3840,172.0,75,2026-08-27T10:12:12.141388+00:00,0.59507204610951,30,analysis\robustness-study\work\source\canonical-pca50\umap30.npy,4df414de81bddafe5511069d90e4f23e008f22449d56968f82838603463d7f96,8.90049590007402,efda46b512fbd2ce4d569630c91ecb6809d770eba0f4c6835c0595756df01348,0.8789557943111587,1.0,75,5,69400,28102,40.49279538904899,50,0.035393961240505784,0.020878468431980875,0.018931022432919345,0.2834809856128053,42,eom,0.8178539175804727,0.6931110983292775,True,True
88,0.5811180895950767,3941,187.5,77,2026-08-27T10:12:16.804688+00:00,0.5951440922190202,30,analysis\robustness-study\work\source\canonical-pca50\umap30.npy,4df414de81bddafe5511069d90e4f23e008f22449d56968f82838603463d7f96,8.233123899903148,8ac4ada28db17a8c89b2c1b2a7d102ff80528ff49a8cdf614e741279cc2c768f,0.8660888244958179,0.9710365651256788,75,15,69400,28097,40.485590778097986,50,0.046977803787023056,0.029985821582712235,0.024416914725056638,0.3091012257558077,42,eom,0.549234409029621,0.005296028995619403,False,True
3,0.6601224281911572,68912,243.0,219,2026-08-27T10:12:20.391683+00:00,0.9996253602305476,30,analysis\robustness-study\work\source\canonical-pca50\umap30.npy,4df414de81bddafe5511069d90e4f23e008f22449d56968f82838603463d7f96,8.79375070007518,2844778b7ab656fd37ff4b2c1d777ee5742015fe1252cac33ad3168dd22b6ea1,0.9954949793402857,1.0,75,30,69400,26,0.037463976945244955,50,0.32797499129902247,0.33307127551132376,0.02516722122817335,0.7127427879138938,42,eom,0.6684320096652066,0.005296028995619403,False,False
3,0.6601224281911572,68912,243.0,219,2026-08-27T10:12:23.111076+00:00,0.9996253602305476,30,analysis\robustness-study\work\source\canonical-pca50\umap30.npy,4df414de81bddafe5511069d90e4f23e008f22449d56968f82838603463d7f96,9.889422100037336,2844778b7ab656fd37ff4b2c1d777ee5742015fe1252cac33ad3168dd22b6ea1,0.9960403109759361,1.0,75,50,69400,26,0.037463976945244955,50,0.325923366289621,0.3277838612050597,0.026993800948219553,0.7069989428346829,42,eom,1.0,1.0,False,False
87,0.5524632623235962,3840,210.0,101,2026-08-27T10:12:21.732275+00:00,0.5911239193083574,30,analysis\robustness-study\work\source\canonical-pca50\umap30.npy,4df414de81bddafe5511069d90e4f23e008f22449d56968f82838603463d7f96,8.064885400002822,b26b96fa1e2da01333a7d2490939450c4b779d2b87a3c7823b133b59b8cf5ad6,0.882570647766155,1.0,100,5,69400,28376,40.887608069164266,50,0.045418686825482904,0.028160298560118535,0.02530876272898829,0.2978059057069777,42,eom,0.8167048127042591,0.6794110484340562,True,True
73,0.5445835173744187,3941,275.0,100,2026-08-27T10:12:26.704919+00:00,0.5947982708933718,30,analysis\robustness-study\work\source\canonical-pca50\umap30.npy,4df414de81bddafe5511069d90e4f23e008f22449d56968f82838603463d7f96,8.465080899884924,2b28aa85ef1844cf35728829634d0f5f8d9fe7bf203372f9035c20287abdde06,0.8624108133542182,0.9577382517230367,100,15,69400,28121,40.52017291066282,50,0.05670266517349507,0.03537756206705198,0.030860504723683225,0.2968924599920121,42,eom,0.6338136224243555,0.00531829654569861,False,True
3,0.6601224281911572,68912,243.0,219,2026-08-27T10:12:30.808013+00:00,0.9996253602305476,30,analysis\robustness-study\work\source\canonical-pca50\umap30.npy,4df414de81bddafe5511069d90e4f23e008f22449d56968f82838603463d7f96,8.674423400079831,2844778b7ab656fd37ff4b2c1d777ee5742015fe1252cac33ad3168dd22b6ea1,0.9960141989402536,1.0,100,30,69400,26,0.037463976945244955,50,0.4093636529900014,0.45881045445437135,0.0361851738492286,0.7127427879138938,42,eom,0.7513295741364246,0.00531829654569861,False,False
3,0.6601224281911572,68912,243.0,219,2026-08-27T10:12:33.476155+00:00,0.9996253602305476,30,analysis\robustness-study\work\source\canonical-pca50\umap30.npy,4df414de81bddafe5511069d90e4f23e008f22449d56968f82838603463d7f96,10.291629899991676,2844778b7ab656fd37ff4b2c1d777ee5742015fe1252cac33ad3168dd22b6ea1,0.9965124750767946,1.0,100,50,69400,26,0.037463976945244955,50,0.40028425671843076,0.44381408072493045,0.038058937674550306,0.7069989428346829,42,eom,1.0,1.0,False,False
56,0.4815396127631836,3840,420.0,151,2026-08-27T10:12:33.153822+00:00,0.6031268011527378,30,analysis\robustness-study\work\source\canonical-pca50\umap30.npy,4df414de81bddafe5511069d90e4f23e008f22449d56968f82838603463d7f96,8.58157050004229,f4d27848d3436432d60c87f4cd33eb551e091c40fe1a0846c5e175e9ebf770b3,0.8950429997087592,1.0,150,5,69400,27543,39.68731988472622,50,0.099557386455691,0.053222911898257064,0.05154298497457657,0.21976653471219634,42,eom,0.7969440080280568,0.6986329525420515,True,True
52,0.46716282934936687,3941,458.0,171,2026-08-27T10:12:37.009140+00:00,0.5895389048991354,30,analysis\robustness-study\work\source\canonical-pca50\umap30.npy,4df414de81bddafe5511069d90e4f23e008f22449d56968f82838603463d7f96,8.724887699820101,014d33fdb1395b8685d4dce16c634f31c41544bd3ae2afee44001727878cf0e4,0.8627729606025294,0.944144236950089,150,15,69400,28486,41.04610951008645,50,0.09092511216094855,0.056343005239476135,0.046256093234638425,0.2810228297827385,42,eom,0.6331728266866781,0.005513175155992922,False,True
3,0.6601224281911572,68912,243.0,219,2026-08-27T10:12:40.953830+00:00,0.9996253602305476,30,analysis\robustness-study\work\source\canonical-pca50\umap30.npy,4df414de81bddafe5511069d90e4f23e008f22449d56968f82838603463d7f96,8.582059900043532,2844778b7ab656fd37ff4b2c1d777ee5742015fe1252cac33ad3168dd22b6ea1,0.996801455802876,1.0,150,30,69400,26,0.037463976945244955,50,0.4973428893738481,0.5849972129963212,0.05709512882568862,0.7127427879138938,42,eom,0.7513782937889982,0.005513175155992922,False,False
3,0.6601224281911572,68912,243.0,219,2026-08-27T10:12:44.768351+00:00,0.9996253602305476,30,analysis\robustness-study\work\source\canonical-pca50\umap30.npy,4df414de81bddafe5511069d90e4f23e008f22449d56968f82838603463d7f96,9.92914819996804,2844778b7ab656fd37ff4b2c1d777ee5742015fe1252cac33ad3168dd22b6ea1,0.9973736861832708,1.0,150,50,69400,26,0.037463976945244955,50,0.5365906624485496,0.6792117566316203,0.07067360645481639,0.7069989428346829,42,eom,1.0,1.0,False,False
46,0.4305976715606069,2803,588.5,205,2026-08-27T10:12:43.234420+00:00,0.6030691642651297,30,analysis\robustness-study\work\source\canonical-pca50\umap30.npy,4df414de81bddafe5511069d90e4f23e008f22449d56968f82838603463d7f96,8.323031299980357,20fcd595d1e509b3e8c29fcc50049642bed12c07c834297ee7c48f450a11bba2,0.8770862215006838,0.980127229489553,200,5,69400,27547,39.69308357348703,50,0.14939024245954347,0.09855316549085177,0.08622054266947317,0.20103575011314226,42,eom,0.8039159922746313,0.6778695011140659,True,True
45,0.4324899387576553,3941,579.0,219,2026-08-27T10:12:46.762186+00:00,0.5947406340057637,30,analysis\robustness-study\work\source\canonical-pca50\umap30.npy,4df414de81bddafe5511069d90e4f23e008f22449d56968f82838603463d7f96,8.379620700143278,10f2d9d3c661aeb0c4f1fa2ffcc971c2e154a811cf6ad77de878bd691e370aae,0.8578285113121716,0.9275375825428035,200,15,69400,28125,40.52593659942363,50,0.17402626901051577,0.1403900187670256,0.09719625634537933,0.25086760346256853,42,eom,0.6003630801528421,0.005378246385896154,False,True
3,0.6601224281911572,68912,243.0,219,2026-08-27T10:12:51.225154+00:00,0.9996253602305476,30,analysis\robustness-study\work\source\canonical-pca50\umap30.npy,4df414de81bddafe5511069d90e4f23e008f22449d56968f82838603463d7f96,8.820858199847862,2844778b7ab656fd37ff4b2c1d777ee5742015fe1252cac33ad3168dd22b6ea1,0.9973618381315827,1.0,200,30,69400,26,0.037463976945244955,50,0.5985606119317369,0.7420531716871357,0.11172188717733725,0.7127427879138938,42,eom,0.4998260754235997,-0.006073944691497481,False,False
3,0.6601224281911572,68912,243.0,219,2026-08-27T10:12:54.879766+00:00,0.9996253602305476,30,analysis\robustness-study\work\source\canonical-pca50\umap30.npy,4df414de81bddafe5511069d90e4f23e008f22449d56968f82838603463d7f96,9.989876099862158,2844778b7ab656fd37ff4b2c1d777ee5742015fe1252cac33ad3168dd22b6ea1,0.9979432329707251,1.0,200,50,69400,26,0.037463976945244955,50,0.6031500416760467,0.7540025613169695,0.11999354374918261,0.7069989428346829,42,eom,0.6642176592098686,-0.007347022370394357,False,False
34,0.36710401463591125,3840,1102.0,323,2026-08-27T10:12:54.697514+00:00,0.620821325648415,30,analysis\robustness-study\work\source\canonical-pca50\umap30.npy,4df414de81bddafe5511069d90e4f23e008f22449d56968f82838603463d7f96,8.60681220004335,b6e9b3ddca90a8912aa4133df3efe6053f86d3f90b4fc7d3a39317322ff5cccc,0.8373927899179293,0.8913071105956042,300,5,69400,26315,37.917867435158506,50,0.1502631358916174,0.1413636976142505,0.10159368342617757,0.16938691380847956,42,eom,0.8017390969047028,0.6687403296544665,True,True
34,0.44133517195760136,5329,861.0,303,2026-08-27T10:12:57.109233+00:00,0.6355619596541787,30,analysis\robustness-study\work\source\canonical-pca50\umap30.npy,4df414de81bddafe5511069d90e4f23e008f22449d56968f82838603463d7f96,8.601330999983475,630b4de653364027abe7f76f77240c346b3f65e30c215178df10a67f9ed86180,0.8410840126181359,0.8969575720065084,300,15,69400,25292,36.443804034582136,50,0.17217405588079257,0.15967758689581363,0.11314230887357427,0.19276691917117786,42,eom,0.7320824056946119,0.6638182695930808,False,True
29,0.46120428941323,10108,1167.0,302,2026-08-27T10:13:01.967339+00:00,0.6670317002881845,30,analysis\robustness-study\work\source\canonical-pca50\umap30.npy,4df414de81bddafe5511069d90e4f23e008f22449d56968f82838603463d7f96,8.996004200074822,229e10f43b32ec5c2dd551ad5e6a2339c6bbd419871db99f5c98d0fed819d1fe,0.851571999512541,0.9191422013736089,300,30,69400,23108,33.29682997118156,50,0.18944517435669744,0.16046938144994943,0.11929390593587555,0.25221168589128906,42,eom,0.5707890883703584,-0.006073944691497481,False,True
29,0.39887176529572327,6346,1126.0,368,2026-08-27T10:13:06.179307+00:00,0.6065129682997118,30,analysis\robustness-study\work\source\canonical-pca50\umap30.npy,4df414de81bddafe5511069d90e4f23e008f22449d56968f82838603463d7f96,10.107083100127056,fae986c16aea46110afdf4bfd4108e674c05d089bd26dc4c9e9801164dac7bdb,0.8572512581404993,0.9222525486362763,300,50,69400,27308,39.34870317002882,50,0.20192964576528288,0.17604894793986975,0.1160832052181782,0.2091400053610751,42,eom,0.5071755743056218,-0.007347022370394357,False,True
25,0.2797185181651201,3840,1725.0,572,2026-08-27T10:13:04.645133+00:00,0.6040489913544669,30,analysis\robustness-study\work\source\canonical-pca50\umap30.npy,4df414de81bddafe5511069d90e4f23e008f22449d56968f82838603463d7f96,8.506555499974638,2ddb394f86f0553ff8ab684a336ace358d8f26b6ae66e6b8ba1f68eabffc46eb,0.8631380433295843,0.9302978639340059,500,5,69400,27479,39.59510086455331,50,0.17738407415318452,0.18951841378858142,0.12272483096338213,0.2952093272207385,42,eom,0.7729686007935306,0.6792462975421812,True,True
22,0.3221680475712003,6134,1713.5,555,2026-08-27T10:13:06.635263+00:00,0.6361959654178674,30,analysis\robustness-study\work\source\canonical-pca50\umap30.npy,4df414de81bddafe5511069d90e4f23e008f22449d56968f82838603463d7f96,8.175813500070944,f07ee592a1b8b8eef60df33bc9b12f68e88011cad03bb7c51a6474cb6c612f36,0.8636245271501304,0.9342569905448135,500,15,69400,25248,36.38040345821326,50,0.1867384853233623,0.17110189971543835,0.1258332131147309,0.27496183441506783,42,eom,0.7188418470445396,0.672396659076976,False,True
23,0.4064558209245202,10108,1741.0,500,2026-08-27T10:13:11.292766+00:00,0.6771613832853026,30,analysis\robustness-study\work\source\canonical-pca50\umap30.npy,4df414de81bddafe5511069d90e4f23e008f22449d56968f82838603463d7f96,8.104408900020644,5b0297b2de339b17b2dd012807db2381687e32fec1d4ff32f7db777f86add2b9,0.876942429364181,0.9737750263372504,500,30,69400,22405,32.28386167146974,50,0.1713389177413896,0.15114301052725934,0.13066450510799296,0.33502041993631376,42,eom,0.7628925017827538,0.672396659076976,True,True
22,0.3856423846959002,6346,1880.5,501,2026-08-27T10:13:15.155464+00:00,0.6470172910662825,30,analysis\robustness-study\work\source\canonical-pca50\umap30.npy,4df414de81bddafe5511069d90e4f23e008f22449d56968f82838603463d7f96,9.348878800170496,74866bbd300f68f24b312f0915ef6864bca01b22cff0db853068163a4ec723c2,0.8756413508735642,0.955944748129255,500,50,69400,24497,35.29827089337176,50,0.1586463314055971,0.12579701233071017,0.11636806786497805,0.35995583924029917,42,eom,0.7598712814893473,0.7057825674204647,True,True
58,0.314750349513228,2133,362.5,202,2026-08-27T10:13:15.340911+00:00,0.3902305475504323,30,analysis\robustness-study\work\source\canonical-pca50\umap30.npy,4df414de81bddafe5511069d90e4f23e008f22449d56968f82838603463d7f96,7.971226900117472,576b2190eefa65a5048ef21e546acac7493e93485eaec1aa65244a45882f4432,0.8845450518674799,0.9789176483316522,200,15,69400,42318,60.976945244956774,50,0.12880193304761095,0.08577286386038534,0.053687593761045614,0.17851945290806193,42,leaf,,,False,True
