pca_dimensions,dimension,medoid_seed,cluster,size,seed_jaccard_mean,seed_jaccard_median,seed_jaccard_min,seed_jaccard_ci_low,seed_jaccard_ci_high,stability_band
50,20,42,0,219,1.0,1.0,1.0,1.0,1.0,at_least_0.85
50,20,42,1,243,0.9877049180327869,0.9877049180327869,0.9877049180327869,0.9877049180327869,0.9877049180327869,at_least_0.85
50,20,42,2,68911,0.5480692500045716,0.5480692500045716,0.09619654336753203,0.11879017869938403,0.9773483213097592,below_0.60
50,25,547,0,219,1.0,1.0,1.0,1.0,1.0,at_least_0.85
50,25,547,1,240,0.98559670781893,0.98559670781893,0.9835390946502057,0.983641975308642,0.987551440329218,at_least_0.85
50,25,547,2,476,0.7903866519700016,0.7903866519700016,0.7463917525773196,0.7485914975469536,0.8321818063930494,0.75_to_0.85
50,25,547,3,523,0.8499321262642678,0.8499321262642678,0.8290155440414507,0.8300613731525915,0.869802879375944,0.75_to_0.85
50,25,547,4,418,0.7467051303806777,0.7467051303806777,0.7183098591549296,0.719729622716217,0.7736806380451383,0.60_to_0.75
50,25,547,5,586,0.8801681075888569,0.8801681075888569,0.8170028818443804,0.8201611431316043,0.9401750720461095,at_least_0.85
50,25,547,6,1439,0.9065169955517882,0.9065169955517882,0.8742310321257689,0.8758453302970699,0.9371886608065066,at_least_0.85
50,25,547,7,550,0.9012454643522605,0.9012454643522605,0.8883495145631068,0.8889943120525645,0.9134966166519565,at_least_0.85
50,25,547,8,600,0.9729701355127356,0.9729701355127356,0.965742251223491,0.9661036454379532,0.9798366255875179,at_least_0.85
50,25,547,9,977,0.9131524282452019,0.9131524282452019,0.9029217719132894,0.903433304729885,0.9228715517605187,at_least_0.85
50,25,547,10,2396,0.9620793861978518,0.9620793861978518,0.9515728476821192,0.9520981746079059,0.9720605977877976,at_least_0.85
50,25,547,11,479,0.9353951457126061,0.9353951457126061,0.9218106995884774,0.9224899218946838,0.9483003695305283,at_least_0.85
50,25,547,12,1188,0.7661093533511177,0.7661093533511177,0.602177554438861,0.6103741443844739,0.9218445623177616,0.75_to_0.85
50,25,547,13,1716,0.9533047151157388,0.9533047151157388,0.952193475815523,0.9522490377805338,0.9543603924509436,at_least_0.85
50,25,547,14,2753,0.9490242048288026,0.9490242048288026,0.9389655172413793,0.9394684516207505,0.9585799580368546,at_least_0.85
50,25,547,15,280,0.11774573555744039,0.11774573555744039,0.11450381679389313,0.1146659127320705,0.12082555838281028,below_0.60
50,25,547,16,1255,0.7992550200546985,0.7992550200546985,0.7925497752087347,0.7928850374510329,0.8056250026583641,0.75_to_0.85
50,25,547,17,471,0.885450278674098,0.885450278674098,0.8571428571428571,0.8585582282194192,0.9123423291287768,at_least_0.85
50,25,547,18,3913,0.9055097989329164,0.9055097989329164,0.898842476094615,0.89917584223653,0.9118437556293026,at_least_0.85
50,25,547,19,497,0.6094785676216052,0.6094785676216052,0.36437546193643755,0.37663061722069596,0.8423265180225146,0.60_to_0.75
50,25,547,20,405,0.5874054372780991,0.5874054372780991,0.29829755736491487,0.31275295136057407,0.8620579231956241,below_0.60
50,25,547,21,216,0.3233486943164362,0.3233486943164362,0.31336405529953915,0.313863287250384,0.3328341013824885,below_0.60
50,25,547,22,435,0.5047932233291822,0.5047932233291822,0.4840182648401826,0.4850570127646326,0.5245294338937317,below_0.60
50,25,547,23,2301,0.7601549946893978,0.7601549946893978,0.7183219178082192,0.7204135716522782,0.7998964177265175,0.75_to_0.85
50,25,547,24,388,0.6658335593701967,0.6658335593701967,0.6548223350253807,0.6553728962426215,0.6762942224977719,0.60_to_0.75
50,25,547,25,274,0.9311923877490336,0.9311923877490336,0.9220338983050848,0.9224918227772821,0.9398929527207851,at_least_0.85
50,25,547,26,1179,0.9051088662889906,0.9051088662889906,0.8971742543171115,0.8975709849157054,0.9126467476622756,at_least_0.85
50,25,547,27,863,0.8920130764012718,0.8920130764012718,0.8747412008281573,0.8756047946068131,0.9084213581957306,at_least_0.85
50,25,547,28,810,0.8935882711627604,0.8935882711627604,0.8861985472154964,0.8865680334128596,0.9006085089126612,at_least_0.85
50,25,547,29,2162,0.7899993438201649,0.7899993438201649,0.7873739587900044,0.7875052280415125,0.7924934595988173,0.75_to_0.85
50,25,547,30,317,0.7715942028985507,0.7715942028985507,0.72,0.7225797101449275,0.8206086956521739,0.75_to_0.85
50,25,547,31,1720,0.8179356465246539,0.8179356465246539,0.8121516164994426,0.8124408180007031,0.8234304750486047,0.75_to_0.85
50,25,547,32,362,0.776525043177893,0.776525043177893,0.7706666666666667,0.770959585492228,0.7820905008635579,0.75_to_0.85
50,25,547,33,2585,0.7838679073706611,0.7838679073706611,0.7567869096318334,0.7581409595187748,0.8095948552225476,0.75_to_0.85
50,25,547,34,336,0.7413740811391081,0.7413740811391081,0.7306590257879656,0.7311947785555227,0.7515533837226935,0.60_to_0.75
50,25,547,35,919,0.8870419137168737,0.8870419137168737,0.8660624370594159,0.8671114108922888,0.9069724165414587,at_least_0.85
50,25,547,36,362,0.5306903622693095,0.5306903622693095,0.5263157894736842,0.5265345181134654,0.5348462064251538,below_0.60
50,25,547,37,300,0.8785439659226066,0.8785439659226066,0.8347578347578347,0.8369471413160733,0.9201407905291401,at_least_0.85
50,25,547,38,700,0.8662245921527961,0.8662245921527961,0.8567807351077313,0.8572529279599845,0.8751962563456077,at_least_0.85
50,25,547,39,2452,0.5931917685844805,0.5931917685844805,0.5387109850020267,0.5414350241811494,0.6449485129878115,below_0.60
50,25,547,40,404,0.44395301262358067,0.44395301262358067,0.33560477001703576,0.341022182147363,0.5468838430997983,below_0.60
50,25,547,41,367,0.4438179548565674,0.4438179548565674,0.28331936295054483,0.291344292545846,0.5962916171672888,below_0.60
50,25,547,42,1561,0.7970750752549798,0.7970750752549798,0.7803824799506478,0.7812171097158644,0.812933040794095,0.75_to_0.85
50,25,547,43,926,0.7260759374853334,0.7260759374853334,0.6999041227229147,0.7012127134610356,0.7509391615096312,0.60_to_0.75
50,30,42,0,219,1.0,1.0,1.0,1.0,1.0,at_least_0.85
50,30,42,1,245,0.9796499087439854,0.9796499087439854,0.9715447154471545,0.971949975111996,0.9873498423759748,at_least_0.85
50,30,42,2,405,0.4931345660897244,0.4931345660897244,0.00587697531670367,0.030239854855354725,0.956029277324094,below_0.60
50,30,42,3,1337,0.4831937379791835,0.4831937379791835,0.01940127407020446,0.04259089726565343,0.9237965786927137,below_0.60
50,30,42,4,585,0.4706874351933091,0.4706874351933091,0.008488964346349746,0.03159888788869773,0.9097759824979205,below_0.60
50,30,42,5,598,0.48285120069346027,0.48285120069346027,0.008677607998490851,0.03238628763323934,0.9333161137536812,below_0.60
50,30,42,6,496,0.471915572124014,0.471915572124014,0.007197480881691408,0.03043338544380756,0.9133977588042206,below_0.60
50,30,42,7,1230,0.4698804711500955,0.4698804711500955,0.017848591702581514,0.040450185674957236,0.8993107566252339,below_0.60
50,30,42,8,566,0.4004796841914289,0.4004796841914289,0.008213254393220437,0.02782657588313088,0.7731327924997269,below_0.60
50,30,42,9,595,0.4854336219888588,0.4854336219888588,0.00863407484799675,0.03247405220503988,0.9383931917726778,below_0.60
50,30,42,10,309,0.15278489900760317,0.15278489900760317,0.004483914500892429,0.011898963726227974,0.2936708342889784,below_0.60
50,30,42,11,543,0.2662187285087142,0.2662187285087142,0.007879500239432327,0.020796461652896434,0.511640995364532,below_0.60
50,30,42,12,321,0.36972561722540037,0.36972561722540037,0.004658047102868834,0.022911425608995423,0.7165398088418052,below_0.60
50,30,42,13,1705,0.49070590401683245,0.49070590401683245,0.024741340530814216,0.04803956870511515,0.9333722393285497,below_0.60
50,30,42,14,2755,0.49597616477156536,0.49597616477156536,0.03997794320374966,0.06277785428214046,0.9291744752609902,below_0.60
50,30,42,15,2345,0.49430553201369226,0.49430553201369226,0.034028412636222485,0.057042268605095994,0.9315687954222885,below_0.60
50,30,42,16,1561,0.46154367179107203,0.46154367179107203,0.022651749307097353,0.044596345431296106,0.878490998150848,below_0.60
50,30,42,17,818,0.4285540671364101,0.4285540671364101,0.011870039034724942,0.03270424043980922,0.8244038938330109,below_0.60
50,30,42,18,314,0.4603527690373487,0.4603527690373487,0.004556469751715931,0.027346284715997586,0.8933592533586997,below_0.60
50,30,42,19,982,0.17491989661732826,0.17491989661732826,0.014249851261735811,0.022283353529515437,0.3275564397051411,below_0.60
50,30,42,20,452,0.4482896806366113,0.4482896806366113,0.00655899467444459,0.028645528972552944,0.8679338323006697,below_0.60
50,30,42,21,556,0.37230602662000767,0.37230602662000767,0.008068143891573433,0.026280038027995164,0.7183320152120202,below_0.60
50,30,42,22,3719,0.4869832977812604,0.4869832977812604,0.05396659556252086,0.07561743067345786,0.898349164889063,below_0.60
50,30,42,23,316,0.4732407581584386,0.4732407581584386,0.004585491852045332,0.028018255167365017,0.918463261149512,below_0.60
50,30,42,24,461,0.41477336849153484,0.41477336849153484,0.006689594125926893,0.027093782844207312,0.8024529541388624,below_0.60
50,30,42,25,1340,0.29960309296076904,0.29960309296076904,0.01944480722069856,0.0334527215077021,0.565753464413836,below_0.60
50,30,42,26,268,0.06015143879521883,0.06015143879521883,0.0038889614441397122,0.006702085311693671,0.11360079227874399,below_0.60
50,30,42,27,2660,0.42108266628560553,0.42108266628560553,0.03859939343810312,0.05772355708047826,0.7844417754907328,below_0.60
50,30,42,28,294,0.002133124374210962,0.002133124374210962,0.0,0.00010665621871054818,0.004159592529711376,below_0.60
50,30,42,29,5670,0.22115287709398926,0.22115287709398926,0.08227765443385138,0.08922141556685828,0.35308433862112026,below_0.60
50,30,42,30,583,0.4060704619205562,0.4060704619205562,0.008459942246020345,0.028340468229747156,0.7838004556113652,below_0.60
50,30,42,31,873,0.43125586693182394,0.43125586693182394,0.012668146793783466,0.03359753280068551,0.8289142010629623,below_0.60
50,30,42,32,287,0.4187490023653012,0.4187490023653012,0.004164671397269021,0.02489388794567065,0.8126041167849317,below_0.60
50,30,42,33,277,0.4462606515279504,0.4462606515279504,0.004019560895622016,0.026131615427238453,0.8663896876286623,below_0.60
50,30,42,34,1181,0.461951613406084,0.461951613406084,0.017137550244511194,0.03937825340258985,0.884524973409578,below_0.60
50,30,42,35,299,0.4340579468912636,0.4340579468912636,0.004338803999245426,0.02582476114384635,0.8422911326386808,below_0.60
50,30,42,36,288,0.37305733315920075,0.37305733315920075,0.004179182447433721,0.02262308998302209,0.7234915763353794,below_0.60
50,30,42,37,2312,0.4009426160214233,0.4009426160214233,0.03354954798078737,0.05191920138281918,0.7499660306600274,below_0.60
50,30,42,38,1366,0.32594540660393634,0.32594540660393634,0.019822094524980773,0.035128260128928564,0.6167625530789441,below_0.60
50,30,42,39,633,0.1007053889443147,0.1007053889443147,0.009185494754255365,0.013761489463758336,0.18764928842487105,below_0.60
50,30,42,40,1298,0.2062391874493111,0.2062391874493111,0.018835343113781145,0.02820553533055765,0.3842728395680646,below_0.60
