left,right,ari_all,ami_all,ari_common_assigned,mapped_assignment_agreement,noise_agreement,cluster_jaccard_mean,cluster_jaccard_median,cluster_jaccard_weighted,pca_dimensions,dimension
seed42,seed211,0.9958403600769732,0.9895427253689945,0.9967001853242001,0.9999423631123919,0.999985590778098,0.9958822915581328,0.9999419566416112,0.9998992759317318,50,20
seed42,seed547,0.004602401156480574,0.03195295368425039,0.002577450358102659,0.10253602305475504,0.6331123919308357,0.6946338204667729,0.9877049180327869,0.10217249210906212,50,20
seed211,seed547,0.004580740689212866,0.03180632960034335,0.0025666506256045683,0.102507204610951,0.6330979827089337,0.6932667696396161,0.9836065573770492,0.1021424854684067,50,20
seed42,seed211,0.7135364125811595,0.819507739949946,0.9842999276071266,0.8786743515850144,0.8946397694524496,0.7871861993315509,0.8372093023255814,0.8236407631283772,50,25
seed42,seed547,0.7311306252270645,0.8314250642304363,0.975126522031838,0.8863832853025937,0.9037319884726225,0.7933130328159852,0.8567807351077313,0.8277799983150349,50,25
seed211,seed547,0.7232701134533943,0.8247469281935303,0.9681471158929821,0.8746685878962536,0.9010230547550432,0.7561765337134958,0.8139758934769348,0.8082057373312201,50,25
seed42,seed211,0.004832545623561697,0.03161338958659442,0.002307227848898008,0.08871757925072046,0.620864553314121,0.06355845895016402,0.008677607998490851,0.04228159752243596,50,30
seed42,seed547,0.6356551163369895,0.7978654502787142,0.9039488896323733,0.8205331412103747,0.8702017291066283,0.7528935046936818,0.8498435870698644,0.7451218358622039,50,30
seed211,seed547,0.0043797976238602624,0.030480726598782936,0.0019236821132132542,0.06197406340057637,0.6315850144092219,0.6796425910429558,0.9835390946502057,0.06160833252955502,50,30
