finalist,strategy,repeat,pca_refitted,conditional_on_fixed_projection,candidate_cluster_count,candidate_noise_pct,ari_all,ami_all,ari_common_assigned,mapped_assignment_agreement,noise_agreement,cluster_jaccard_mean,cluster_jaccard_median,cluster_jaccard_weighted
current_30d_42,scaled,0,False,False,47,28.526657060518733,0.3841769634892747,0.6904108915528973,0.6700351869233288,0.6536563400576368,0.7900576368876081,0.6173587930770903,0.6969987539953411,0.5743923408016809
current_30d_42,scaled,1,False,False,35,25.253962536023057,0.4724805144047123,0.7071952127035647,0.8899617319297578,0.7107348703170029,0.8043227665706052,0.5493244047902955,0.6240612581556394,0.6481346310819286
current_30d_42,scaled,2,False,False,46,29.441642651296828,0.3900533969782504,0.6811351874528553,0.6501822360006332,0.6598703170028818,0.794992795389049,0.6002481331272401,0.7340702368792256,0.5739247371072868
current_30d_42,scaled,3,False,False,53,36.93623919308357,0.4598071876327218,0.6971092422536043,0.6599306615079318,0.7159942363112392,0.8197226224783861,0.7061696288066773,0.7303469387755102,0.6053755735365829
current_30d_42,scaled,4,False,False,53,33.86707492795389,0.4760245121513341,0.7120015177717297,0.6966439422857588,0.7389949567723343,0.8274315561959654,0.7053727143685906,0.7641471530372594,0.6449090872290416
current_30d_42,scaled,5,False,False,42,30.037824207492797,0.6026929683019208,0.7577436469792814,0.9574974083610281,0.8256123919308357,0.856700288184438,0.708674753246405,0.7703518442993769,0.7652711787742487
current_30d_42,scaled,6,False,False,54,35.92579250720461,0.397613085002973,0.6679833874817033,0.5918553350865426,0.6498018731988473,0.7947946685878963,0.6170015451842636,0.7073365441252901,0.5215632468657194
current_30d_42,scaled,7,False,False,44,31.217579250720462,0.37839656930833515,0.6767038980971952,0.653417100357467,0.64164265129683,0.7833753602305475,0.5973730177218348,0.6616016594503524,0.5481662842203958
current_30d_42,scaled,8,False,False,53,36.06808357348703,0.42651546688064357,0.6861335913399147,0.6799595649366655,0.7032420749279539,0.8024135446685879,0.6716631831597067,0.715169874445706,0.5941028490084947
current_30d_42,scaled,9,False,False,55,34.012968299711815,0.41802172838016266,0.6916838462770983,0.644651667827753,0.6980007204610951,0.8036563400576369,0.6968436336118009,0.7280204846508168,0.590504933717053
current_30d_42,scaled,10,False,False,49,36.41030259365994,0.4771173980910834,0.7129795358741496,0.710641521957096,0.7350324207492795,0.8242435158501441,0.6874192247826023,0.7366708741035097,0.6330532666329671
current_30d_42,scaled,11,False,False,53,36.63544668587896,0.41866207635217056,0.6901379577298963,0.7151584732846632,0.6991174351585014,0.7939841498559078,0.6496787842789972,0.7565857893350829,0.5904924951888297
current_30d_42,scaled,12,False,False,3,0.03782420749279539,0.0038516109309657187,0.03147421157233404,0.003218759216042362,0.1499279538904899,0.6944524495677233,0.061996593434853725,0.008075492242083294,0.061025454271857696
current_30d_42,scaled,13,False,False,4,0.03962536023054755,0.006920199015268293,0.05352174039630521,0.005855318167765822,0.15623198847262249,0.6945965417867436,0.08361162604779661,0.008590155553932666,0.06897009368044318
current_30d_42,scaled,14,False,False,4,0.07744956772334294,0.006139136249582069,0.049331299244363996,0.005348372955397798,0.15488112391930836,0.6941822766570606,0.08101021760227034,0.008584199963510309,0.06745131886664284
current_30d_42,scaled,15,False,False,55,34.648775216138326,0.39566719106038256,0.6795500709428509,0.6267902448060201,0.6552593659942363,0.7922730547550433,0.6635696000508811,0.6886623665624995,0.5464801566529938
current_30d_42,scaled,16,False,False,48,35.19452449567723,0.4667254320519885,0.7095193539674554,0.732668573494148,0.7342219020172911,0.8181916426512968,0.6807927325906687,0.7409599672768612,0.6379940976286036
current_30d_42,scaled,17,False,False,51,31.869596541786745,0.4685494475241935,0.7185142590176525,0.7066901942344963,0.7286563400576369,0.8257024495677233,0.688124172148816,0.7569388080424342,0.6371804991825257
current_30d_42,scaled,18,False,False,55,34.85951008645533,0.4339380330063252,0.6946121898182803,0.699554922962038,0.7300972622478387,0.8041966858789625,0.7026736505150877,0.7432259063996243,0.6255419110250283
current_30d_42,scaled,19,False,False,44,28.207853025936597,0.41429751637118634,0.7018584049949901,0.7074715607439966,0.683699567723343,0.8042867435158502,0.6431206667271442,0.7483789385426707,0.5992918951777589
current_30d_42,fixed,0,False,False,40,29.11203170028818,0.3941041825698209,0.6919052155432699,0.6686850327239792,0.6555115273775216,0.794578530259366,0.5847085123869876,0.6856027181905776,0.5710858472831566
current_30d_42,fixed,1,False,False,29,24.652377521613833,0.48375815311589715,0.7115623535744684,0.8963912499212319,0.7307276657060519,0.8105187319884726,0.513756006426294,0.5795298925334955,0.6762486777186653
current_30d_42,fixed,2,False,False,37,31.871397694524497,0.4551049406229821,0.6929443823780406,0.6819546402578355,0.6891030259365994,0.8214517291066282,0.5224122459147499,0.6055054485526581,0.5818720766879627
current_30d_42,fixed,3,False,False,44,37.89085014409222,0.4476633749460968,0.6852279883210448,0.6628806987705004,0.7052773775216138,0.8124459654178674,0.5785925424037354,0.6812631851291645,0.5928598743772886
current_30d_42,fixed,4,False,False,39,36.25180115273775,0.4837045443207731,0.7027378335369674,0.6796162603849971,0.7247118155619596,0.8289805475504323,0.5768744333771744,0.7214126506986263,0.6180070005742478
current_30d_42,fixed,5,False,False,34,31.873198847262245,0.5921354923265877,0.7467535140909688,0.9545171257029287,0.8151657060518732,0.850414265129683,0.6323174034763634,0.7496639895872141,0.7464086501735007
current_30d_42,fixed,6,False,False,40,38.387968299711815,0.38581798842438597,0.6524300343814742,0.6048083273848097,0.6259726224783861,0.7843659942363113,0.4792018590925407,0.5556892633864128,0.48460802420206817
current_30d_42,fixed,7,False,False,35,30.536743515850144,0.3913809646378443,0.6736074408421396,0.6261344448949614,0.632420749279539,0.7965958213256484,0.5037051395675448,0.5416993720565149,0.5250314992716515
current_30d_42,fixed,8,False,False,40,36.84978386167147,0.426455261731616,0.6751603453045999,0.6942432218094856,0.6911383285302594,0.7998559077809798,0.5363000924126985,0.665812243437653,0.5768679589372487
current_30d_42,fixed,9,False,False,48,34.51548991354467,0.4116251722451067,0.6834501384458035,0.6452844800686621,0.686635446685879,0.7997118155619597,0.6302081172046728,0.6944633833478943,0.580176218777589
current_30d_42,fixed,10,False,False,41,34.034582132564836,0.4625524703855297,0.701523577718666,0.6766849368415055,0.7142831412103746,0.8222442363112392,0.5970525959165732,0.691178015973098,0.6061315005348807
current_30d_42,fixed,11,False,False,41,35.71865994236311,0.45207443754964516,0.6962715200822301,0.7042811078915304,0.7086275216138328,0.812878242074928,0.5745582120964918,0.6970975424860266,0.5981815250013712
current_30d_42,fixed,12,False,False,2,0.3638328530259366,0.0038509278986041703,0.030897099838395753,0.0017551302159588636,0.1467579250720461,0.691264409221902,0.038710786547267936,0.007875873332728427,0.05648250121150036
current_30d_42,fixed,13,False,False,3,0.36743515850144093,0.00691976575139507,0.05310879700044723,0.004454395320328773,0.15336815561959655,0.6917146974063401,0.06137196095098866,0.007978529175491127,0.06485014119247658
current_30d_42,fixed,14,False,False,2,0.7618876080691642,0.00612920224046917,0.04523849779593268,0.0023256023071834297,0.14837896253602306,0.6876260806916427,0.03666457139634549,0.00792738551359241,0.058137461337194316
current_30d_42,fixed,15,False,False,42,34.87391930835735,0.40732901715283687,0.6746156714062418,0.6319190716656607,0.6536023054755044,0.7976585014409222,0.5406013912483593,0.6347187471040682,0.5341991027826314
current_30d_42,fixed,16,False,False,35,29.250720461095103,0.4094627601407706,0.6829666938885927,0.6547383842399669,0.6664445244956773,0.8055835734870317,0.5180070369122897,0.6361333258182562,0.5640311098040979
current_30d_42,fixed,17,False,False,41,32.63508645533141,0.4361632107448767,0.7036667461980793,0.7203929882773855,0.7016750720461095,0.8075648414985591,0.5893139118936835,0.7148030653391175,0.6135868627918416
current_30d_42,fixed,18,False,False,42,36.61563400576369,0.4235861014754778,0.6839691914757371,0.7196880065729666,0.7023955331412104,0.7956412103746398,0.5826830509633426,0.6822139800285307,0.5972840551812219
current_30d_42,fixed,19,False,False,38,28.020533141210375,0.42457145839453364,0.6989212525933977,0.6898779234869044,0.6867795389048992,0.811743515850144,0.5663005501471171,0.7047046220252775,0.5980151375380308
typical_30d_49,scaled,0,False,False,47,28.526657060518733,0.4625895081466998,0.7263640851376487,0.8550221348594461,0.7332312680115274,0.8115994236311239,0.6229492369848602,0.7383177570093458,0.6732878355556352
typical_30d_49,scaled,1,False,False,35,25.253962536023057,0.33613507810043625,0.6656005047661668,0.6404954032801363,0.6097262247838616,0.7693984149855908,0.46465069547367976,0.5373134328358209,0.5278736669078049
typical_30d_49,scaled,2,False,False,46,29.441642651296828,0.46913410059186056,0.7195756952278555,0.8275156917302602,0.7372658501440922,0.8149135446685879,0.608937370794224,0.7139175257731959,0.6770682276605214
typical_30d_49,scaled,3,False,False,53,36.93623919308357,0.5278884946878354,0.727634416187543,0.909167810998855,0.7904899135446686,0.8289445244956772,0.695084898291423,0.7354443309499489,0.6976472926171291
typical_30d_49,scaled,4,False,False,53,33.86707492795389,0.5411835929916559,0.74608128426568,0.9499409964650355,0.816678674351585,0.8352305475504322,0.7195399432436796,0.7874852420306966,0.7436511544263906
typical_30d_49,scaled,5,False,False,42,30.037824207492797,0.476723026520138,0.7200514195142053,0.7319852735766953,0.7159041786743516,0.8247118155619596,0.6124345054358873,0.7326732673267327,0.6439730854178815
typical_30d_49,scaled,6,False,False,54,35.92579250720461,0.46516835158558906,0.7047958606257001,0.8247717019893176,0.725,0.8059798270893371,0.6458402263013208,0.7180722891566265,0.6145562478596334
typical_30d_49,scaled,7,False,False,44,31.217579250720462,0.48426468517475235,0.7155360159295066,0.7410345062154036,0.7232348703170028,0.8263868876080691,0.6095157329432105,0.7314328582145536,0.6300480413297346
typical_30d_49,scaled,8,False,False,53,36.06808357348703,0.5038684285081122,0.7203414799480636,0.8935543807696839,0.7735410662824207,0.8196325648414986,0.6748522450560656,0.7240554758488761,0.6831087383366026
typical_30d_49,scaled,9,False,False,55,34.012968299711815,0.4782044006708229,0.7211286997125814,0.8972091288920722,0.7693263688760807,0.8108429394812681,0.6874443111031585,0.7280832095096582,0.6805680807410731
typical_30d_49,scaled,10,False,False,49,36.41030259365994,0.5429839626713221,0.742197595905697,0.9472196597205939,0.8101945244956772,0.8335014409221903,0.6769123276091761,0.7490421455938697,0.739012350442218
typical_30d_49,scaled,11,False,False,53,36.63544668587896,0.5342369511684115,0.739034683152832,0.9433827184181692,0.7967939481268012,0.8291606628242075,0.6805691089884449,0.7639257294429708,0.7148468556999871
typical_30d_49,scaled,12,False,False,3,0.03782420749279539,0.003992697960102069,0.029710813966527118,0.0017222464056543955,0.06561599423631125,0.6575468299711815,0.0524917344619802,0.008873967879502767,0.036052546180101404
typical_30d_49,scaled,13,False,False,4,0.03962536023054755,0.007206310028512281,0.050464551597502696,0.003139981332584076,0.07143371757925072,0.6559798270893372,0.07077450028398455,0.009767764551230556,0.043916825255506005
typical_30d_49,scaled,14,False,False,4,0.07744956772334294,0.0063798836357174035,0.04689740822316128,0.0028596347712296186,0.07022694524495678,0.6576368876080692,0.06911924236685295,0.00976099251961321,0.04277153473833131
typical_30d_49,scaled,15,False,False,55,34.648775216138326,0.45794628510867713,0.7113113121752247,0.8397082864209093,0.7363112391930836,0.8026657060518732,0.6632771748024862,0.7365728900255755,0.6501406206217921
typical_30d_49,scaled,16,False,False,48,35.19452449567723,0.5702532598855988,0.7523596148453624,0.9539326388268201,0.8232348703170029,0.8452089337175792,0.6893918008173874,0.7544642857142857,0.7484955661767095
typical_30d_49,scaled,17,False,False,51,31.869596541786745,0.5249709740241945,0.7391565245104221,0.9174680745497223,0.7915706051873199,0.8317002881844381,0.6605771334344039,0.7574718275355218,0.7250903933729634
typical_30d_49,scaled,18,False,False,55,34.85951008645533,0.49742687228434335,0.7235535564244673,0.8811708828768938,0.7728746397694525,0.8173631123919308,0.6853488991526434,0.7219917012448133,0.6734125864290926
typical_30d_49,scaled,19,False,False,44,28.207853025936597,0.5176553232390785,0.7439611352274963,0.8676800307449256,0.7793948126801152,0.837463976945245,0.6717063215223319,0.7804878048780488,0.712872500593227
typical_30d_49,fixed,0,False,False,40,29.11203170028818,0.4610128297942835,0.7242683038522897,0.8582898050964882,0.7364913544668588,0.8093119596541787,0.5845482858858015,0.7330528284244975,0.6727572845589244
typical_30d_49,fixed,1,False,False,29,24.652377521613833,0.34771431546261855,0.6701135951362325,0.6604903230025693,0.6306195965417868,0.7765309798270893,0.43602913560275475,0.4662813102119461,0.5587320645069839
typical_30d_49,fixed,2,False,False,37,31.871397694524497,0.5088474480780899,0.7241788442782493,0.8974632521509008,0.7632204610951009,0.8248739193083573,0.5325273691471863,0.6630669546436285,0.6757882021841816
typical_30d_49,fixed,3,False,False,44,37.89085014409222,0.51348557507343,0.7168814841820049,0.9068816843234255,0.7827989913544668,0.8211275216138328,0.5918543491888686,0.6822209096278795,0.6882765500229014
typical_30d_49,fixed,4,False,False,39,36.25180115273775,0.5152644288859888,0.728705956270099,0.9462374859872269,0.795371037463977,0.8204250720461095,0.5785193149461625,0.7537239324726912,0.7099340026209842
typical_30d_49,fixed,5,False,False,34,31.873198847262245,0.4535603037292754,0.7020786179589262,0.731281826189411,0.7032420749279539,0.8093479827089337,0.5154114575155164,0.636094674556213,0.6220679213866707
typical_30d_49,fixed,6,False,False,40,38.387968299711815,0.42080296140640105,0.673470475919361,0.8064041392286404,0.6894812680115274,0.7817903458213257,0.47541704114467265,0.5949781659388647,0.5594854939510557
typical_30d_49,fixed,7,False,False,35,30.536743515850144,0.45939321796072335,0.7014673491168474,0.7371385912734179,0.7052053314121037,0.8159762247838617,0.5004918072087162,0.5709895513214506,0.5995071543553068
typical_30d_49,fixed,8,False,False,40,36.84978386167147,0.45910028575336415,0.6882250810590588,0.8474429339185544,0.7300252161383285,0.799099423631124,0.49527610915683223,0.6260715341412947,0.6138732300073825
typical_30d_49,fixed,9,False,False,48,34.51548991354467,0.4635731709942993,0.7114355845105588,0.9011903309050733,0.7587355907780979,0.8027917867435158,0.6130373000395317,0.6637554585152838,0.6716147800243158
typical_30d_49,fixed,10,False,False,41,34.034582132564836,0.5046807760430734,0.7258816564481749,0.9077934553702753,0.7807456772334294,0.8207312680115274,0.5878971815315853,0.7136669874879692,0.6970872707759144
typical_30d_49,fixed,11,False,False,41,35.71865994236311,0.5167079267460412,0.7300794249734758,0.9386560205124701,0.7881123919308357,0.8219380403458213,0.5788657538403317,0.7127659574468085,0.6961076488177157
typical_30d_49,fixed,12,False,False,2,0.3638328530259366,0.003991979286776809,0.029191776878406923,0.0009341801600390759,0.062445965417867434,0.6543587896253602,0.0324218280463753,0.008511024407948462,0.03125482311490089
typical_30d_49,fixed,13,False,False,3,0.36743515850144093,0.00720581759219734,0.050094502344624224,0.0023848015265953105,0.06856988472622479,0.6530979827089337,0.0517119302010063,0.009402614474549039,0.03955442940959368
typical_30d_49,fixed,14,False,False,2,0.7618876080691642,0.006369385147129362,0.04302273084531724,0.0012346458797710248,0.06368876080691642,0.6510446685878962,0.03101332311248518,0.008337894544791096,0.03288747497378689
typical_30d_49,fixed,15,False,False,42,34.87391930835735,0.45348443653100934,0.7000845558552417,0.8325736140172345,0.7202449567723342,0.7996577809798271,0.5471889138930502,0.6722585924713584,0.617666726504433
typical_30d_49,fixed,16,False,False,35,29.250720461095103,0.4671003387057118,0.7152979067135025,0.8257918738959885,0.7423090778097983,0.8146613832853026,0.5312523980632619,0.7153179190751445,0.6635042397675546
typical_30d_49,fixed,17,False,False,41,32.63508645533141,0.4940613149503717,0.7242306901623621,0.9192519262882085,0.774963976945245,0.8163724783861671,0.5791045347222468,0.699812382739212,0.7014751622327756
typical_30d_49,fixed,18,False,False,42,36.61563400576369,0.45025564906896026,0.6958808940640011,0.871519980620266,0.7345100864553314,0.7929574927953891,0.5309395541648536,0.6319845857418112,0.6283083328789779
typical_30d_49,fixed,19,False,False,38,28.020533141210375,0.4875761675568045,0.7272052513474254,0.8561979845681222,0.7579610951008645,0.8245317002881845,0.5666080014360523,0.6867305061559508,0.6792617035754247
robust_20d_49,scaled,0,False,False,47,33.86527377521614,0.6081669358690157,0.756919757634252,0.9694509166008257,0.830043227665706,0.853728386167147,0.6962772442723895,0.7875939849624061,0.761288147869269
robust_20d_49,scaled,1,False,False,49,34.39841498559078,0.3901771622580742,0.6789043898947429,0.6593331057050225,0.6577989913544668,0.7763148414985591,0.6100227161514403,0.7424242424242424,0.5690833030530091
robust_20d_49,scaled,2,False,False,52,32.46757925072046,0.3769266687367595,0.6794232447847098,0.6669317069918942,0.6454610951008646,0.7698487031700288,0.6065627274284217,0.7356371490280778,0.5627480137340525
robust_20d_49,scaled,3,False,False,39,28.53386167146974,0.5475535295990415,0.7349275000371128,0.9277667313517232,0.7710374639769453,0.8340958213256484,0.6203259133853383,0.7214934409687185,0.7151895840176298
robust_20d_49,scaled,4,False,False,46,30.22514409221902,0.5673458902504998,0.7513453905641932,0.7948020261449597,0.7838436599423632,0.8554755043227665,0.6943879250967442,0.7782608695652173,0.7133430385344253
robust_20d_49,scaled,5,False,False,57,39.888328530259365,0.44357385830474455,0.6950126856499641,0.7301598333272634,0.7085554755043227,0.7937860230547551,0.6873748207412073,0.7534345625451916,0.5805366037898749
robust_20d_49,scaled,6,False,False,56,35.92038904899135,0.47925184606023263,0.7150416125933725,0.7159968214250473,0.7319344380403459,0.8182456772334294,0.6785554491096444,0.7721822541966427,0.632849131662342
robust_20d_49,scaled,7,False,False,46,30.713256484149852,0.6375894640060826,0.7729227433375071,0.9686494288025435,0.8452629682997118,0.8684077809798271,0.7332640635239228,0.7778454047474133,0.7876106604214589
robust_20d_49,scaled,8,False,False,3,0.03962536023054755,0.004423112402990367,0.03124445334004178,0.0035105966806677946,0.15362031700288184,0.6593659942363113,0.052049629073322314,0.0063873414505797605,0.061191600562737494
robust_20d_49,scaled,9,False,False,56,36.694884726224785,0.45882448064988945,0.7004484215204021,0.6768141487210135,0.7019092219020173,0.8102665706051874,0.6681035678214934,0.7513812154696132,0.5880104490875421
robust_20d_49,scaled,10,False,False,50,33.29791066282421,0.44263240894197686,0.7045439011494641,0.7188797502364361,0.6957132564841498,0.8027917867435158,0.6453968600965675,0.7567567567567568,0.5891062110830282
robust_20d_49,scaled,11,False,False,56,40.679034582132566,0.4246839148971558,0.6798061710007073,0.6202370962802816,0.6735590778097983,0.7913184438040346,0.6518698674791733,0.75,0.5435982244706329
robust_20d_49,scaled,12,False,False,3,0.03782420749279539,0.004615115939785761,0.03198676699662508,0.0035554878074134325,0.1535842939481268,0.6614553314121038,0.05277312443648355,0.0067507485709100805,0.061261778303826106
robust_20d_49,scaled,13,False,False,4,0.10626801152737753,0.007572090592990371,0.05422959863254484,0.006431732353839107,0.16071685878962536,0.6624819884726225,0.0710864822424332,0.0068867252434101165,0.06967825706504399
robust_20d_49,scaled,14,False,False,51,33.02053314121037,0.39005117180982657,0.6818821779243381,0.6552356788387299,0.6548631123919308,0.7781700288184438,0.6169128998642759,0.7506654835847383,0.5674517218486156
robust_20d_49,scaled,15,False,False,54,38.81844380403458,0.42415201965667737,0.6860390789752918,0.6600667253404168,0.6833753602305476,0.7898414985590778,0.6429490174453923,0.7542735042735043,0.570329376942136
robust_20d_49,scaled,16,False,False,3,0.043227665706051875,0.004217335163852501,0.030268678096969752,0.003330485100731926,0.15315201729106628,0.6611311239193084,0.05273861938056798,0.00678445742480862,0.060577445078431186
robust_20d_49,scaled,17,False,False,50,33.310518731988466,0.393932185118029,0.684658718845202,0.6611847314944285,0.6668407780979827,0.7794668587896254,0.6180149806669467,0.720745493431103,0.5779888798110111
robust_20d_49,scaled,18,False,False,58,36.65165706051873,0.4884861967284942,0.7141965678038652,0.7074294383824667,0.7293227665706052,0.8227845821325649,0.693519554684297,0.7385159010600707,0.6207145757928847
robust_20d_49,scaled,19,False,False,46,24.6685878962536,0.5455128163341431,0.7512388585020976,0.9568935238456325,0.796271613832853,0.8316102305475505,0.6869408939137047,0.7738693467336684,0.7651905034039762
robust_20d_49,fixed,0,False,False,39,30.464697406340058,0.5562227102584981,0.7344446513420397,0.943529036715271,0.7867435158501441,0.8334113832853026,0.5783373976918155,0.7369519832985386,0.7164146665231425
robust_20d_49,fixed,1,False,False,42,34.596541786743515,0.3811983770309773,0.6709711252153748,0.6494962544683435,0.6451909221902017,0.7720280979827089,0.5329445476876876,0.6804733727810651,0.5493998496160696
robust_20d_49,fixed,2,False,False,46,32.53422190201729,0.37586255441015953,0.6777527039390558,0.6760653624729687,0.6479827089337176,0.7683537463976945,0.5710433611415884,0.7355769230769231,0.5669112960708276
robust_20d_49,fixed,3,False,False,39,30.027017291066283,0.5231874026727663,0.7204158430088536,0.9155124544592436,0.7491174351585015,0.8220100864553314,0.5855752263649578,0.710594315245478,0.681150236313541
robust_20d_49,fixed,4,False,False,41,30.493515850144092,0.5245833672834285,0.730551843410469,0.776394093690416,0.7507384726224784,0.837121757925072,0.6020717685598532,0.6871165644171779,0.6672164747085642
robust_20d_49,fixed,5,False,False,42,33.93011527377522,0.593837371474902,0.7451118731412373,0.9521141181874301,0.8111851585014409,0.8482168587896254,0.6332978358685719,0.7129411764705882,0.7311854844992678
robust_20d_49,fixed,6,False,False,39,31.69848703170029,0.5452415952018224,0.7385728994086846,0.7914602583551752,0.7674891930835734,0.8455151296829971,0.5798615237414049,0.7068709836875927,0.6868704036425648
robust_20d_49,fixed,7,False,False,39,29.508285302593663,0.6079639014267928,0.7600933136124444,0.9598397050952713,0.8215237752161383,0.8567182997118156,0.6260018899783102,0.7246153846153847,0.7560365060953914
robust_20d_49,fixed,8,False,False,3,0.03962536023054755,0.004423112402990367,0.03124445334004178,0.0035105966806677946,0.15362031700288184,0.6593659942363113,0.052049629073322314,0.0063873414505797605,0.061191600562737494
robust_20d_49,fixed,9,False,False,47,37.96289625360231,0.45379419517770986,0.6932744202048622,0.6795282449518315,0.6994956772334294,0.8061599423631124,0.5928706677488232,0.7290015847860539,0.5761703630850148
robust_20d_49,fixed,10,False,False,46,36.05007204610951,0.4849607634111079,0.7164668050972877,0.7262955863423555,0.7305835734870317,0.8205511527377521,0.6343050023471868,0.7567567567567568,0.6195098383529681
robust_20d_49,fixed,11,False,False,50,40.08825648414985,0.4117926983509503,0.6697086982382577,0.6072908799777721,0.6556195965417867,0.7864913544668588,0.5673207406063141,0.686884236453202,0.5217124976993259
robust_20d_49,fixed,12,False,False,3,0.03782420749279539,0.004615115939785761,0.03198676699662508,0.0035554878074134325,0.1535842939481268,0.6614553314121038,0.05277312443648355,0.0067507485709100805,0.061261778303826106
robust_20d_49,fixed,13,False,False,4,0.10626801152737753,0.007572090592990371,0.05422959863254484,0.006431732353839107,0.16071685878962536,0.6624819884726225,0.0710864822424332,0.0068867252434101165,0.06967825706504399
robust_20d_49,fixed,14,False,False,43,33.721181556195965,0.3774843775304643,0.6715009221551704,0.6432208791844924,0.641678674351585,0.7715597982708934,0.5333773187128826,0.6666666666666666,0.5483510160397458
robust_20d_49,fixed,15,False,False,49,38.831051873198845,0.4214666659961687,0.6823592892513468,0.6559988478203276,0.6764949567723343,0.7888148414985591,0.5943441855694479,0.7142857142857143,0.5559567746233004
robust_20d_49,fixed,16,False,False,3,0.043227665706051875,0.004217335163852501,0.030268678096969752,0.003330485100731926,0.15315201729106628,0.6611311239193084,0.05273861938056798,0.00678445742480862,0.060577445078431186
robust_20d_49,fixed,17,False,False,49,33.53206051873199,0.39073318348724906,0.6820841719359632,0.6609619084373658,0.6628602305475504,0.7773955331412103,0.6007202366823964,0.7167919799498746,0.5748393970019974
robust_20d_49,fixed,18,False,False,50,37.8386167146974,0.47479655316090114,0.7038495561266218,0.7001913730125798,0.718371757925072,0.8153097982708933,0.605769969550595,0.7128712871287128,0.6005744489526821
robust_20d_49,fixed,19,False,False,42,25.270172910662826,0.5438866031098815,0.748533527807506,0.9571141076542249,0.7922910662824207,0.8298451008645533,0.6541283298580504,0.7722772277227723,0.7567659256659277
robust_20d_29,scaled,0,False,False,28,26.79755043227666,0.5888322872484749,0.7407797105391363,0.915176414643683,0.799135446685879,0.8539985590778097,0.6736604168756233,0.7846153846153846,0.7398430129732549
robust_20d_29,scaled,1,False,False,32,30.90958213256484,0.5006852375751685,0.7132627467304091,0.7394329744272031,0.7402737752161384,0.8392291066282421,0.7095758444371941,0.7705882352941177,0.6369594137372558
robust_20d_29,scaled,2,False,False,29,31.597622478386167,0.47855486673711434,0.7083341734111223,0.7727696175194206,0.7294128242074928,0.8231988472622478,0.6417366251275001,0.761252446183953,0.6268133991780293
robust_20d_29,scaled,3,False,False,26,27.19020172910663,0.6219795784192923,0.7555848821384376,0.9212934776132647,0.8336815561959654,0.8685338616714697,0.7056727303199609,0.7794994040524433,0.7616340333937325
robust_20d_29,scaled,4,False,False,29,28.598703170028816,0.5805471474421725,0.7462083545445273,0.7807361192608112,0.7799351585014409,0.8688940922190201,0.7159117246799944,0.7741190063547082,0.7047522137973303
robust_20d_29,scaled,5,False,False,26,26.93443804034582,0.5495795734701223,0.7172667140127318,0.8881573349564366,0.7496938040345821,0.8403097982708934,0.6120974502216099,0.6918951132300357,0.6737185082055099
robust_20d_29,scaled,6,False,False,30,28.229466858789625,0.5745343227843495,0.7515836662793434,0.8409592279076573,0.8003422190201729,0.8614193083573487,0.7346344663407389,0.7890625,0.7384553009311783
robust_20d_29,scaled,7,False,False,31,27.595461095100866,0.47935107903284196,0.7158614753902512,0.795595466968357,0.725828530259366,0.8268731988472623,0.6699959986715293,0.7502612330198537,0.6405503718543376
robust_20d_29,scaled,8,False,False,33,35.351224783861674,0.4922723831011212,0.7080232811942508,0.7365395105145619,0.7340778097982709,0.832528818443804,0.6954144445200081,0.7492625368731564,0.6322210339228703
robust_20d_29,scaled,9,False,False,33,32.581051873198845,0.49119961496287495,0.7078458859710012,0.7678914733621117,0.7243335734870316,0.8298451008645533,0.6951661790835434,0.7569169960474308,0.6312848784433552
robust_20d_29,scaled,10,False,False,32,31.493155619596543,0.5207476062922041,0.7283853784499904,0.7905183304633916,0.7531520172910663,0.8431916426512969,0.7201991096196126,0.7780082987551867,0.6616225899824958
robust_20d_29,scaled,11,False,False,28,31.152737752161386,0.4393407446701035,0.6849096237248037,0.7191864769272635,0.6636887608069164,0.8106087896253602,0.5844764321398018,0.7128111718275653,0.5545326338885287
robust_20d_29,scaled,12,False,False,30,31.69848703170029,0.42643335037196084,0.6887994533264197,0.6966395068398982,0.662986311239193,0.8059798270893371,0.6008168133072309,0.7145003756574004,0.5633086182088546
robust_20d_29,scaled,13,False,False,2,0.8231268011527378,-0.002699870060104714,0.0315698394845302,0.0031354709265466836,0.1609149855907781,0.7064121037463977,0.05662152596207758,0.016861219195849545,0.07043522551789451
robust_20d_29,scaled,14,False,False,32,32.375720461095106,0.5045534064850394,0.7170628104736552,0.7576382092412723,0.7456231988472622,0.8381304034582132,0.7221984426000337,0.7722095671981777,0.6387470275499989
robust_20d_29,scaled,15,False,False,35,37.867435158501436,0.5008602113291454,0.7129997628389759,0.7910086401211014,0.7445605187319885,0.829556916426513,0.7519535381745208,0.7696594427244582,0.6404271400863749
robust_20d_29,scaled,16,False,False,31,39.21469740634006,0.4759198921204674,0.7182507047876907,0.7629705160688286,0.7382384726224784,0.814985590778098,0.7234717824149514,0.8078335373317014,0.635297701983153
robust_20d_29,scaled,17,False,False,30,29.936959654178676,0.4825027286240347,0.7036100178143739,0.73659645774864,0.6980547550432277,0.8328350144092219,0.6382695020364129,0.7088607594936709,0.5980946030685115
robust_20d_29,scaled,18,False,False,33,36.981268011527376,0.46892081760584803,0.6992582092969544,0.735722892459847,0.7147334293948127,0.8197226224783861,0.6455615144172124,0.7225336322869955,0.6079467674595918
robust_20d_29,scaled,19,False,False,28,24.6685878962536,0.5952834063406618,0.7575173688523158,0.9528020134412054,0.8222442363112392,0.8530619596541786,0.7235746186617364,0.8193879356094109,0.7747453022981348
robust_20d_29,fixed,0,False,False,26,24.326368876080693,0.5860364833276103,0.7398955712285546,0.9131339738624987,0.7969560518731988,0.854971181556196,0.6432550767726821,0.7818713450292397,0.7334705470050306
robust_20d_29,fixed,1,False,False,27,29.18407780979827,0.47450642379666025,0.6962100094145598,0.7257824606169976,0.7052953890489914,0.8298991354466859,0.5849115725467735,0.6889460154241646,0.5894373833435833
robust_20d_29,fixed,2,False,False,25,29.753242074927954,0.44727668725302544,0.6907312857319469,0.7619731908970543,0.692921469740634,0.8100864553314121,0.5213258282004521,0.632046160674656,0.5854090604319041
robust_20d_29,fixed,3,False,False,21,25.91678674351585,0.5965474008920969,0.7407826766420099,0.9112913863407633,0.801657060518732,0.85835734870317,0.5778094421862641,0.7103042700076707,0.7194631153781064
robust_20d_29,fixed,4,False,False,26,27.217219020172912,0.5612087612399581,0.7339239492289372,0.7720434562234133,0.7605547550432277,0.8632564841498559,0.6311605426781651,0.7221110555277639,0.6761446827874514
robust_20d_29,fixed,5,False,False,19,26.622838616714695,0.5208331833281216,0.6962139585230565,0.8768583916299877,0.7177773775216139,0.8266390489913544,0.4660988066409208,0.4474807856532878,0.6303660898090118
robust_20d_29,fixed,6,False,False,28,28.640129682997117,0.5653444124824605,0.7451952370585498,0.8440369747925122,0.7954791066282421,0.856664265129683,0.7037498525896182,0.7721822541966427,0.7292068472413095
robust_20d_29,fixed,7,False,False,29,28.002521613832855,0.47256375601350614,0.7092888435441016,0.7930329457894364,0.717507204610951,0.8228746397694524,0.609264808229548,0.723085163363685,0.62625555846677
robust_20d_29,fixed,8,False,False,27,35.59257925072046,0.46730622953750345,0.6916484855638515,0.7319797839880843,0.7052593659942363,0.8203170028818444,0.5598620001607209,0.665526950925181,0.5899649808987207
robust_20d_29,fixed,9,False,False,29,33.63472622478386,0.49347228608895455,0.7049140667239466,0.7791545626509019,0.7269632564841498,0.8283861671469741,0.6389750825335451,0.7375,0.628383940731921
robust_20d_29,fixed,10,False,False,27,30.87536023054755,0.5334115948813791,0.7215818279198063,0.7720142430091538,0.7369596541786744,0.8518191642651297,0.6019295739536836,0.7329141607435757,0.6253214261544963
robust_20d_29,fixed,11,False,False,25,30.291786743515853,0.45148744751085246,0.6902281190845967,0.7333535602651831,0.6759005763688761,0.8156159942363113,0.5405858528335161,0.7097767513471901,0.5686832274248835
robust_20d_29,fixed,12,False,False,29,32.94308357348703,0.4268303133041393,0.6906285431026689,0.709543656522433,0.6721181556195965,0.8023234870317003,0.5994955514179451,0.7278441231929604,0.5740095242277168
robust_20d_29,fixed,13,False,False,2,0.8231268011527378,-0.002699870060104714,0.0315698394845302,0.0031354709265466836,0.1609149855907781,0.7064121037463977,0.05662152596207758,0.016861219195849545,0.07043522551789451
robust_20d_29,fixed,14,False,False,28,32.595461095100866,0.48147009204956986,0.7033274365925741,0.7537339184650197,0.7270893371757925,0.826242795389049,0.6166129770773131,0.7506654835847383,0.6124264898516406
robust_20d_29,fixed,15,False,False,29,38.627521613832855,0.47524556705821414,0.6963518283759048,0.8033119614871239,0.7271433717579251,0.8143551873198848,0.6164804861366975,0.7588235294117647,0.6196531206553271
robust_20d_29,fixed,16,False,False,29,39.67038904899135,0.4676143864829816,0.710263604760426,0.7589336546483418,0.7295389048991354,0.8106808357348703,0.6624564190812221,0.7906626506024096,0.6200439544059514
robust_20d_29,fixed,17,False,False,27,30.199927953890487,0.4757199543403874,0.6987113542371103,0.7497595909261994,0.6962355907780979,0.8267110951008646,0.5818804974312368,0.6872427983539094,0.5958999762826095
robust_20d_29,fixed,18,False,False,26,33.1628242074928,0.5014333526887002,0.7105608433702189,0.8031878320676791,0.72921469740634,0.8306376080691643,0.571769857414231,0.7066365007541479,0.6257574841903656
robust_20d_29,fixed,19,False,False,25,24.697406340057636,0.5823721413528945,0.7498235524642678,0.9503744601217857,0.8114373198847262,0.8464697406340058,0.6595717782217816,0.791219512195122,0.7568360166968149
direct_2d_70,scaled,0,False,False,49,20.713256484149856,0.18719441054461838,0.5810063259697231,0.4931666231482473,0.5045749279538905,0.709564121037464,0.37243485276267596,0.36032492622723644,0.42431212181491323
direct_2d_70,scaled,1,False,False,56,26.894812680115276,0.25703086969760813,0.6081493877691163,0.6712498901434769,0.5778097982708934,0.7282060518731989,0.4187499039541166,0.43213105320624423,0.4847880171843585
direct_2d_70,scaled,2,False,False,54,24.648775216138326,0.22115838977297642,0.5875360529703485,0.6495919796319939,0.5431556195965418,0.7081952449567723,0.3862724249646754,0.37668614040087395,0.4622122930637167
direct_2d_70,scaled,3,False,False,58,27.876440922190206,0.27292559821662826,0.6098834977690251,0.6597560009318789,0.6057456772334294,0.7372118155619597,0.4453979554010178,0.4796279453144985,0.5041428209119106
direct_2d_70,scaled,4,False,False,55,28.955331412103746,0.302095683099934,0.6289699116619536,0.6856954286539538,0.632078530259366,0.7492615273775216,0.4650216130723844,0.49833410793290556,0.517089376428903
direct_2d_70,scaled,5,False,False,61,30.347622478386167,0.29273538188893056,0.6190070431599712,0.8236531177613876,0.6314481268011527,0.7346541786743516,0.4577771494954233,0.48009356003039516,0.543636897248493
direct_2d_70,scaled,6,False,False,58,24.44344380403458,0.22941733977759102,0.5974500488576329,0.49401299732430026,0.5563760806916427,0.7321325648414986,0.4140303729734518,0.4434394254679086,0.4659930201603451
direct_2d_70,scaled,7,False,False,51,26.388688760806918,0.23796507241690054,0.5965857724190052,0.6695641016522914,0.5775756484149855,0.7172010086455332,0.39548327390965016,0.4187602565160391,0.47065692124940633
direct_2d_70,scaled,8,False,False,60,29.526296829971184,0.30655622524064124,0.6301635256994683,0.7920679691420575,0.6394812680115274,0.7450468299711815,0.45535972704547384,0.5017397355601949,0.5418449642215489
direct_2d_70,scaled,9,False,False,61,27.186599423631126,0.2437389287569468,0.6021847303338805,0.7141822840577178,0.5880763688760807,0.7169668587896254,0.42053938661602863,0.43382971313042074,0.48431749546046193
direct_2d_70,scaled,10,False,False,53,23.26008645533141,0.22959459324548157,0.6088396999279275,0.7042971058460833,0.5748198847262248,0.7144452449567723,0.4070469168751373,0.43471861014666857,0.49783362309147655
direct_2d_70,scaled,11,False,False,47,22.242435158501443,0.2672374016281816,0.6195924627546655,0.6770245642318394,0.5800252161383286,0.7422910662824207,0.3871437105270227,0.41746629580095207,0.48611638189409073
direct_2d_70,scaled,12,False,False,6,0.14949567723342938,0.00511668053382222,0.0555296909319813,0.0030062478699132865,0.06455331412103746,0.6886167146974064,0.05567645686567735,0.007618468568059548,0.04009250652046637
direct_2d_70,scaled,13,False,False,58,26.612031700288185,0.2641895931129978,0.6116481119831452,0.7064297722591378,0.6152017291066283,0.7316282420749279,0.45163928126305664,0.4869445233553833,0.5158414738751129
direct_2d_70,scaled,14,False,False,64,31.329250720461093,0.2748002667514959,0.6148050163939431,0.7878479161327172,0.6152917867435158,0.725486311239193,0.44832076875310395,0.45561486164122134,0.5164423426902173
direct_2d_70,scaled,15,False,False,51,22.883645533141213,0.21442401613925488,0.5852219176654921,0.5720456690483211,0.5286023054755044,0.7148595100864553,0.3849489323385198,0.42095542355114063,0.4603731848707494
direct_2d_70,scaled,16,False,False,53,30.79971181556196,0.24392367788174446,0.5821724174159311,0.6934677470361625,0.5668768011527378,0.7128061959654178,0.38239753542132826,0.39284654948872255,0.46168680851497845
direct_2d_70,scaled,17,False,False,52,24.20028818443804,0.28238449138707145,0.6210615352468086,0.7089464597632228,0.599171469740634,0.7494416426512969,0.40702495100463054,0.4310878823073945,0.4942066611523041
direct_2d_70,scaled,18,False,False,57,30.010806916426514,0.27904837383083836,0.6086950524912883,0.7689258170098495,0.6286383285302594,0.7294488472622478,0.4214265796918949,0.45223785166240404,0.5256679226682603
direct_2d_70,scaled,19,False,False,66,26.687680115273775,0.2515783910338917,0.6029034639883234,0.4791667568864931,0.5746397694524495,0.7422550432276657,0.44415193536612313,0.4904334857824617,0.4836004643319987
direct_2d_70,fixed,0,False,False,39,21.078890489913547,0.19654044643776056,0.5775034482487892,0.497870029504075,0.4985050432276657,0.714193083573487,0.32353908157471906,0.28847352310953545,0.4044712940532308
direct_2d_70,fixed,1,False,False,48,26.615634005763688,0.23962751080498126,0.597621566664254,0.6587213240671402,0.5580691642651296,0.7183177233429395,0.3688048086677224,0.3906637717121588,0.45899358207834245
direct_2d_70,fixed,2,False,False,44,26.291426512968304,0.2157011450646326,0.5786881837458194,0.6472671376415357,0.5342759365994236,0.6997658501440922,0.33430607059590206,0.2996491249556048,0.44233134853631073
direct_2d_70,fixed,3,False,False,47,27.312680115273775,0.27044161685857615,0.6046719895972743,0.6722633403493162,0.5989553314121038,0.7353566282420749,0.3898839092669764,0.3848714212951447,0.4857190530192415
direct_2d_70,fixed,4,False,False,53,29.587536023054756,0.2947127498983221,0.622853291263801,0.6852290764018321,0.6266210374639769,0.7435158501440923,0.44017146665377527,0.46317782968246957,0.5094015009700155
direct_2d_70,fixed,5,False,False,46,26.96865994236311,0.23511319384067283,0.5882872182169518,0.5695578097907144,0.5573306916426513,0.7212175792507205,0.37742742105414984,0.3588013449654671,0.4549842603634763
direct_2d_70,fixed,6,False,False,44,20.473703170028816,0.1934848250636869,0.5832303879152009,0.4767941571244942,0.5061959654178675,0.7184438040345821,0.34022199070848297,0.3141726968355114,0.42144067913562716
direct_2d_70,fixed,7,False,False,38,25.61599423631124,0.22081152700741266,0.586160239328803,0.6357746393177145,0.546649855907781,0.7065201729106628,0.3268820445913354,0.27117472657980035,0.4363752991024643
direct_2d_70,fixed,8,False,False,53,26.422910662824208,0.2990734542689903,0.6329110561392007,0.7384210864083924,0.6360590778097983,0.7494956772334294,0.43919250714321234,0.4950980392156863,0.5340461356716294
direct_2d_70,fixed,9,False,False,46,22.213616714697405,0.21660083736223526,0.5940750635663812,0.6116802783950196,0.5468299711815562,0.7148955331412103,0.3614801203452747,0.39319178722150105,0.45620582704529794
direct_2d_70,fixed,10,False,False,47,24.4578530259366,0.20430550894877722,0.5950993166194719,0.7084250706614391,0.5536023054755044,0.6946865994236311,0.3760669704029471,0.4050456641836853,0.47084430142358186
direct_2d_70,fixed,11,False,False,43,25.31520172910663,0.29137732956789203,0.6203214437179013,0.7257646002059129,0.6089157060518732,0.7477305475504322,0.36663899323524757,0.396769374200161,0.4919483731705901
direct_2d_70,fixed,12,False,False,4,0.8177233429394812,0.005105803551246085,0.05156604192094695,0.0019266366844957069,0.05803314121037464,0.682078530259366,0.03599933049336653,0.007001252855774191,0.03112134792655434
direct_2d_70,fixed,13,False,False,45,26.550792507204612,0.2502012208589313,0.6028823712789844,0.6947392001045598,0.5937680115273776,0.7223703170028818,0.38424417453465337,0.39922893276551813,0.48540335002108576
direct_2d_70,fixed,14,False,False,46,25.019812680115272,0.24947259350795356,0.6075046097430218,0.6746302177857673,0.5665525936599424,0.7276657060518732,0.3778641776484159,0.3880108207554692,0.47465356836765116
direct_2d_70,fixed,15,False,False,41,22.046109510086456,0.21619792066935126,0.5771707831333834,0.5465203224196942,0.5160662824207493,0.7192363112391931,0.3261873370130353,0.23768324921893774,0.4272240844519729
direct_2d_70,fixed,16,False,False,3,0.9402017291066282,0.0018809875050113305,0.04518555019020343,0.0017292798279017053,0.06435518731988472,0.687157780979827,0.030228022854422415,0.006190209323012862,0.03542916990117299
direct_2d_70,fixed,17,False,False,42,24.220100864553316,0.26041319286255077,0.606371982414662,0.6949040171451014,0.5770893371757925,0.7367795389048991,0.35072225197601137,0.3302816440303813,0.46255968636236605
direct_2d_70,fixed,18,False,False,45,26.046469740634002,0.2475742256397629,0.6008306936699462,0.7018193948731386,0.583771613832853,0.719200288184438,0.37335350774116194,0.379066189540003,0.4881548146891584
direct_2d_70,fixed,19,False,False,48,21.612031700288185,0.20519965044847496,0.5892706089825157,0.4705561544492609,0.5320244956772334,0.722514409221902,0.3791801189544014,0.4147401779547394,0.4534806289477751
direct_2d_historical_params,scaled,0,False,False,66,37.46397694524496,0.3336522279412463,0.6124153285967597,0.8424593632531375,0.6518011527377522,0.7347262247838616,0.4822180726262047,0.4584426946631671,0.5380597343371537
direct_2d_historical_params,scaled,1,False,False,61,30.794308357348704,0.29889085033554647,0.6061426510012942,0.7822810367908571,0.6320244956772334,0.7288184438040346,0.4826267322418255,0.5244956772334294,0.5423504759302011
direct_2d_historical_params,scaled,2,False,False,61,32.90706051873199,0.34356327926725017,0.6255503396240466,0.7831792192025273,0.669992795389049,0.747928674351585,0.48982376670539085,0.4935483870967742,0.5738243220623842
direct_2d_historical_params,scaled,3,False,False,73,37.29646974063401,0.3289472492980396,0.6092984208104935,0.8850853121629514,0.6964517291066282,0.7308717579250721,0.5317633424497282,0.5149232106635758,0.5959641209817778
direct_2d_historical_params,scaled,4,False,False,55,28.278097982708932,0.2662179277458327,0.5913444318607439,0.7117345095711293,0.6040165706051873,0.7155979827089337,0.43752756184364955,0.4632768361581921,0.5050390469549032
direct_2d_historical_params,scaled,5,False,False,62,33.36455331412104,0.34797945802875246,0.6291923034460153,0.9057077982541469,0.6889589337175792,0.7453350144092219,0.5049138843563657,0.5105633802816901,0.6006162102916532
direct_2d_historical_params,scaled,6,False,False,52,26.087896253602306,0.2950039062109837,0.6180944150586339,0.7556274434194808,0.6266570605187319,0.73539265129683,0.4427447055574097,0.44871794871794873,0.5313209614298046
direct_2d_historical_params,scaled,7,False,False,60,33.21865994236311,0.33221267689288,0.6231237045254019,0.8552378017739164,0.6501621037463977,0.7388328530259366,0.46099989090149057,0.4264659767952336,0.5564695275194281
direct_2d_historical_params,scaled,8,False,False,63,32.19740634005764,0.29853605346514106,0.6053640686408237,0.7502094569359999,0.6157060518731988,0.7262608069164265,0.47162532258903805,0.5052219321148825,0.5333358727717129
direct_2d_historical_params,scaled,9,False,False,63,30.383645533141213,0.30468006554014093,0.6083457997207424,0.6975155132341004,0.6328170028818444,0.7369776657060518,0.4863435569809374,0.5144124168514412,0.5266204132884654
direct_2d_historical_params,scaled,10,False,False,51,27.19380403458213,0.2590561380214524,0.5913329524784721,0.7132351957179571,0.592957492795389,0.7137247838616715,0.40789373427420145,0.4342235410484669,0.5068868744750988
direct_2d_historical_params,scaled,11,False,False,53,30.76729106628242,0.2733143673238697,0.5931487562918915,0.7543199763549936,0.6138868876080692,0.7141210374639769,0.4356741166128853,0.43089430894308944,0.507776825338417
direct_2d_historical_params,scaled,12,False,False,6,0.19272334293948126,0.0057149040592086,0.061892647448379315,0.003976318161651853,0.07328890489913545,0.6411203170028819,0.07067267052041924,0.006615194678361496,0.04478931455245428
direct_2d_historical_params,scaled,13,False,False,3,0.09546109510086456,0.003834229135369918,0.029068260759871945,0.0016749555714597045,0.06349063400576369,0.6397694524495677,0.03995082307791699,0.005757251048836745,0.034014892337036716
direct_2d_historical_params,scaled,14,False,False,63,33.96613832853026,0.3085234236064864,0.6072759362521203,0.8422918247255956,0.6573306916426513,0.7265309798270894,0.49225333436325724,0.5148936170212766,0.5524950484205379
direct_2d_historical_params,scaled,15,False,False,68,34.288544668587896,0.3411590984109149,0.6226351805587863,0.8909595969750758,0.6918047550432277,0.7405079250720461,0.5139514626005516,0.5388207822533567,0.6004110072803499
direct_2d_historical_params,scaled,16,False,False,6,0.6304034582132565,0.0018916144431630152,0.056144665904661106,0.0033851681917459442,0.0764949567723343,0.6412463976945245,0.062301481796878326,0.00614731401144545,0.042377682065880544
direct_2d_historical_params,scaled,17,False,False,46,26.087896253602306,0.316193688890924,0.6335743426292203,0.7856727238652719,0.6449387608069165,0.7457492795389049,0.4439881843729886,0.45454545454545453,0.5596158981197277
direct_2d_historical_params,scaled,18,False,False,60,34.30295389048991,0.3388042242952288,0.6170756498212424,0.8712975204584146,0.6759365994236312,0.7404178674351585,0.47023637613171965,0.4965197215777262,0.5739913092371588
direct_2d_historical_params,scaled,19,False,False,74,35.507925072046106,0.3423756221983183,0.6194087489697848,0.8964486282959998,0.7025396253602305,0.7406159942363112,0.5366860156285027,0.5240893066980024,0.6045601347849726
direct_2d_historical_params,fixed,0,False,False,53,32.33249279538905,0.32494574292297085,0.6152972946170363,0.7970386714013201,0.6360770893371758,0.7398955331412104,0.4557338537401404,0.4338235294117647,0.5246770968273268
direct_2d_historical_params,fixed,1,False,False,55,31.195965417867434,0.2938245487842331,0.6036350438349493,0.7886236367976514,0.6314121037463977,0.7243335734870316,0.45827199776939953,0.47794117647058826,0.5403421378867366
direct_2d_historical_params,fixed,2,False,False,54,31.484149855907784,0.32794821315281814,0.6216419848040939,0.7801605571704683,0.6647154178674352,0.7417327089337176,0.4703622621055072,0.49178403755868544,0.564726649596149
direct_2d_historical_params,fixed,3,False,False,60,37.4585734870317,0.31732210769701563,0.6025752806046274,0.8781391915802874,0.6672910662824207,0.7241354466858789,0.4680535188303781,0.45144356955380577,0.5695573294037083
direct_2d_historical_params,fixed,4,False,False,50,28.002521613832855,0.2637124574949775,0.5889842344220078,0.7087584724693531,0.5970100864553314,0.7148234870317003,0.40992980088280623,0.42243166823751177,0.4915428116721226
direct_2d_historical_params,fixed,5,False,False,60,34.585734870317005,0.3438243616447094,0.6223182909850453,0.8902780394415305,0.680421469740634,0.7421649855907781,0.4816605480870377,0.490272373540856,0.5865635373119511
direct_2d_historical_params,fixed,6,False,False,47,26.2085734870317,0.2890465376833878,0.6142175721237567,0.755431288633468,0.6195965417867435,0.7313400576368876,0.4170333663581234,0.3953722334004024,0.5229227766344173
direct_2d_historical_params,fixed,7,False,False,50,34.70821325648415,0.34847397091488513,0.6290593745852712,0.8715299072404684,0.671271613832853,0.7443623919308358,0.4599679394100584,0.4554744525547445,0.5741135367674665
direct_2d_historical_params,fixed,8,False,False,52,30.28097982708934,0.30074097061016125,0.6084523964748364,0.7819820170601539,0.6258105187319885,0.7309438040345821,0.45212714191374836,0.4420289855072464,0.523395527923062
direct_2d_historical_params,fixed,9,False,False,56,29.466858789625363,0.3087226396627524,0.6106128799999254,0.6937710972172255,0.6313760806916426,0.7414985590778098,0.46947164682209325,0.49266247379454925,0.5171014954507268
direct_2d_historical_params,fixed,10,False,False,43,26.95605187319885,0.26500650567392803,0.595589214253971,0.7200853824892074,0.5980007204610951,0.7173270893371758,0.3938917800279819,0.35662759242560865,0.5108674484569347
direct_2d_historical_params,fixed,11,False,False,47,29.994596541786745,0.2732831586670457,0.5937652790747928,0.7471401168940293,0.6104827089337176,0.7159762247838617,0.42311253469701393,0.43010752688172044,0.49947720028035236
direct_2d_historical_params,fixed,12,False,False,6,0.19272334293948126,0.0057149040592086,0.061892647448379315,0.003976318161651853,0.07328890489913545,0.6411203170028819,0.07067267052041924,0.006615194678361496,0.04478931455245428
direct_2d_historical_params,fixed,13,False,False,3,0.09546109510086456,0.003834229135369918,0.029068260759871945,0.0016749555714597045,0.06349063400576369,0.6397694524495677,0.03995082307791699,0.005757251048836745,0.034014892337036716
direct_2d_historical_params,fixed,14,False,False,52,31.662463976945244,0.30549540555947446,0.6071772048903559,0.8330302626645315,0.6509365994236311,0.72921469740634,0.45965691492314675,0.47645569620253164,0.5426707208885126
direct_2d_historical_params,fixed,15,False,False,52,28.985951008645532,0.29664149239336424,0.6115621499969611,0.7539624031293808,0.6405439481268012,0.7301332853025937,0.4577487927522283,0.5089285714285714,0.546114514167172
direct_2d_historical_params,fixed,16,False,False,4,0.6970461095100865,0.001904119081218384,0.053458312905018415,0.0034693470137778827,0.07348703170028818,0.6431376080691643,0.05071370102911161,0.00614731401144545,0.03848564801822243
direct_2d_historical_params,fixed,17,False,False,49,28.704971181556193,0.3427054879561294,0.6406590598560258,0.8656131349018863,0.6789985590778098,0.7518912103746398,0.4742235459636303,0.5036855036855037,0.5921825498235181
direct_2d_historical_params,fixed,18,False,False,3,0.16930835734870317,0.00429435619714348,0.030711480522028226,0.0017063187299275065,0.06424711815561959,0.6384906340057637,0.0392624854777441,0.0057070156306797525,0.03423522116513501
direct_2d_historical_params,fixed,19,False,False,3,0.11347262247838616,0.002659389660371874,0.023109070292387443,0.0013816126764016688,0.0622478386167147,0.6401296829971181,0.03478683477379691,0.005787793018361275,0.03239683203806987
historical_display_2d_104,scaled,0,False,True,106,18.0835734870317,0.7845890774816293,0.945026909124749,0.9533527158817601,0.9315561959654178,0.9533321325648415,0.9420368662638569,0.9920947381577303,0.9189815559507796
historical_display_2d_104,scaled,1,False,True,104,15.887968299711815,0.8303857100647489,0.9500295435162234,0.9845160656317598,0.9539265129682997,0.9589157060518732,0.9313788348616097,0.9951630783592975,0.9452052566111795
historical_display_2d_104,scaled,2,False,True,103,15.76548991354467,0.7930267055636395,0.9378323466920292,0.9407950567837248,0.9115273775216138,0.9552593659942363,0.8976144971126868,0.9942069081153588,0.891842821963343
historical_display_2d_104,scaled,3,False,True,102,16.912824207492797,0.82612144144132,0.9486921665075886,0.9803436916700852,0.9471181556195966,0.9594200288184438,0.9201509465119432,0.993993939831181,0.9342719502693859
historical_display_2d_104,scaled,4,False,True,106,16.163544668587896,0.8640060292889621,0.9593087155936124,0.9992862577137975,0.9722982708933717,0.9660662824207493,0.9568318599367865,0.9941176470588236,0.9673001623410686
historical_display_2d_104,scaled,5,False,True,103,17.27485590778098,0.8761600733423187,0.9596118201559016,0.9945814008148874,0.9602125360230548,0.9702629682997118,0.9445067608621903,0.9950793113453913,0.9535205841274137
historical_display_2d_104,scaled,6,False,True,106,16.512968299711815,0.8650632209018062,0.9552828488619275,0.9884244582964281,0.9561239193083574,0.9677773775216139,0.933794724693252,0.9943032853212495,0.9442685494869572
historical_display_2d_104,scaled,7,False,True,106,17.770172910662822,0.7790128044210449,0.941960063033652,0.9528307595758653,0.9264048991354467,0.9516390489913544,0.9346607014977004,0.9921626417557314,0.9137531782856427
historical_display_2d_104,scaled,8,False,True,108,19.522694524495677,0.7679913810880813,0.9427314989262127,0.9573439209651818,0.9323126801152738,0.9485951008645533,0.9494339479440475,0.9942039667649424,0.919878135329446
historical_display_2d_104,scaled,9,False,True,102,16.046469740634006,0.8718614303403472,0.9606083163500845,0.9873213801561888,0.9652737752161383,0.9704250720461095,0.9450341420900344,0.9981136167268496,0.9565234084293932
historical_display_2d_104,scaled,10,False,True,105,15.470100864553313,0.8682135474990595,0.9599150163895682,0.9863944844396895,0.9665886167146974,0.9694884726224784,0.954731344374916,0.996167735175149,0.9598130010113302
historical_display_2d_104,scaled,11,False,True,100,15.363832853025935,0.8476073021994416,0.954096217245315,0.9688098868336023,0.9492795389048991,0.9664265129682997,0.9267186751150149,0.9934391534391535,0.9376091070524731
historical_display_2d_104,scaled,12,False,True,106,18.186239193083573,0.7648130372965828,0.9397610544533904,0.947593080265682,0.9209654178674351,0.9484329971181557,0.9291776606153631,0.9947567685351637,0.9096855966486153
historical_display_2d_104,scaled,13,False,True,104,16.235590778097983,0.8558536697606722,0.9547855732356318,0.9822483294404215,0.9589157060518732,0.966192363112392,0.9346108966715347,0.9932453171403448,0.9485336657765285
historical_display_2d_104,scaled,14,False,True,103,16.667867435158502,0.8447236480505317,0.9530668121658417,0.9796886782696947,0.9529358789625361,0.9641210374639769,0.9325577034781285,0.9951733797698366,0.9427862275986383
historical_display_2d_104,scaled,15,False,True,108,19.227305475504323,0.734040681974822,0.9360600265133256,0.9426921736401213,0.9105907780979827,0.9404178674351585,0.9308906383671396,0.9968273377312823,0.8951381840399449
historical_display_2d_104,scaled,16,False,True,105,17.312680115273775,0.76502016385819,0.9396712272449219,0.9126721071757157,0.917921469740634,0.9526476945244957,0.9227037310738341,0.9945340501792115,0.898571462422086
historical_display_2d_104,scaled,17,False,True,101,16.239193083573486,0.8757224222360294,0.9595424222396404,0.9958353341144794,0.9648414985590779,0.9701909221902018,0.9396981962330551,0.9968325655717428,0.9570024976789948
historical_display_2d_104,scaled,18,False,True,102,16.338256484149856,0.8823809531118524,0.9617046055105475,0.9966460976529297,0.9667867435158501,0.9713616714697406,0.9450497003501397,0.9944699176583802,0.9608475767045014
historical_display_2d_104,scaled,19,False,True,106,17.570244956772335,0.8053708999457467,0.948634357822766,0.9488922734985441,0.9356448126801152,0.9590958213256484,0.942294255806586,0.9943804262036307,0.9259847961972866
historical_display_2d_104,fixed,0,False,True,87,16.035662824207492,0.7980190536700731,0.9380970132685477,0.9777785388551811,0.9161203170028819,0.9494236311239193,0.8037109042045294,0.9734353831100406,0.8978182753795088
historical_display_2d_104,fixed,1,False,True,90,16.772334293948127,0.787767925962659,0.9384149182103997,0.983327744442246,0.9264229106628242,0.9454610951008645,0.8282885498109506,0.9927532467532467,0.9139214126894359
historical_display_2d_104,fixed,2,False,True,88,16.67507204610951,0.7491235337888716,0.9279578914802249,0.9458052402426419,0.8948847262247839,0.9397154178674352,0.805802550932679,0.9868644270858293,0.8737657010684924
historical_display_2d_104,fixed,3,False,True,90,17.577449567723345,0.771834253965648,0.9329495832242282,0.9754570384230306,0.914193083573487,0.9435518731988473,0.8138842289313745,0.9739441930618401,0.8952960876006103
historical_display_2d_104,fixed,4,False,True,90,17.161383285302595,0.8096508242269186,0.9417750169846419,0.989985632999017,0.9307817002881844,0.9511887608069164,0.8319178095571886,0.9868193536217305,0.9146981387954818
historical_display_2d_104,fixed,5,False,True,90,16.97586455331412,0.8036047822782932,0.9417097370958349,0.9830113619834395,0.9278278097982708,0.9505223342939482,0.8312221444194284,0.9797178063609645,0.9147773028344405
historical_display_2d_104,fixed,6,False,True,89,16.493155619596543,0.8172230424564866,0.9442329511753668,0.9901606919590599,0.9260987031700288,0.9532060518731988,0.8267459560213309,0.9866773011934302,0.9134236718771347
historical_display_2d_104,fixed,7,False,True,88,15.416066282420749,0.7930354773819299,0.9362602462634466,0.9770589028656428,0.9183897694524495,0.9476945244956773,0.8088340951741974,0.9761482637165213,0.9024564129936479
historical_display_2d_104,fixed,8,False,True,92,18.611311239193085,0.682547054169296,0.91822855649755,0.9191185554725338,0.8803674351585015,0.9261167146974063,0.8164399264767115,0.983095238095238,0.8557562778101968
historical_display_2d_104,fixed,9,False,True,87,15.342219020172912,0.7663295142385411,0.9341434930599231,0.9517721183846153,0.909978386167147,0.9444704610951009,0.8125465457163903,0.9942511646347507,0.8883414465759445
historical_display_2d_104,fixed,10,False,True,91,16.651657060518733,0.801504644356187,0.9419983984782866,0.9849566185668469,0.9324567723342939,0.9496757925072046,0.8395898809058244,0.9880791722896987,0.9190971400079213
historical_display_2d_104,fixed,11,False,True,86,15.934798270893372,0.7765201675915601,0.9342131356460099,0.961604801731378,0.9088256484149856,0.9450828530259366,0.7970459225963595,0.9844660629169544,0.8880447164057915
historical_display_2d_104,fixed,12,False,True,90,15.779899135446687,0.7945305671104601,0.9399871061305182,0.982362930258773,0.9261347262247839,0.9476765129682997,0.82934290283459,0.9888929798723614,0.9139504579482386
historical_display_2d_104,fixed,13,False,True,89,16.624639769452447,0.790179794161079,0.9363280119868795,0.9809903866521512,0.9241534582132565,0.9465958213256485,0.8192735517994817,0.9693755567015142,0.9065484033682634
historical_display_2d_104,fixed,14,False,True,90,16.97406340057637,0.7673830295541931,0.9308535319004321,0.9732391027760071,0.9117975504322766,0.9415706051873198,0.8145627874314236,0.9776661634343669,0.8925314528407862
historical_display_2d_104,fixed,15,False,True,94,18.319524495677232,0.7312490687658311,0.9301510289133704,0.9458303338361855,0.8968479827089337,0.9380043227665706,0.8381473331474777,0.9891317090326488,0.8774447455309975
historical_display_2d_104,fixed,16,False,True,90,16.358069164265128,0.7883640008827556,0.9375069694825218,0.9618238653091197,0.9193804034582133,0.9491174351585014,0.8295769730559002,0.9871069725116104,0.9000182504441968
historical_display_2d_104,fixed,17,False,True,91,17.019092219020173,0.8056709820642183,0.9423114781540736,0.9925964573379915,0.9343119596541787,0.9498198847262248,0.842724839609216,0.9884246527043227,0.9219853353963647
historical_display_2d_104,fixed,18,False,True,92,17.345100864553313,0.8066319585043747,0.9442111903735512,0.9945704565163669,0.9373198847262247,0.9492975504322767,0.8476367120313236,0.9878740232513817,0.9280342950266192
historical_display_2d_104,fixed,19,False,True,95,18.445605187319885,0.739714207503272,0.931567007391008,0.9477056087729853,0.9067903458213257,0.9398595100864553,0.8457395760295194,0.9910291331786438,0.891086681697062
