finalist,strategy,pca_refitted,conditional_on_fixed_projection,runs,candidate_cluster_count_median,candidate_cluster_count_min,candidate_cluster_count_max,degenerate_runs_lt5_clusters,candidate_noise_pct_median,ari_all_mean,ari_all_median,ari_all_q10,ari_all_min,cluster_jaccard_weighted_mean,cluster_jaccard_weighted_median,cluster_jaccard_weighted_q10,mapped_assignment_agreement_mean,noise_agreement_mean
current_30d_42,scaled,False,False,20,48.5,3,55,3,32.868335734870314,0.3748825216591737,0.41834190236616664,0.006842092738699671,0.0038516109309657187,0.5266913025325041,0.5923038913627738,0.06881821619906316,0.6212337896253601,0.7911788544668588
current_30d_42,fixed,False,False,20,39.5,2,48,3,32.25414265129683,0.37521947133376243,0.42407877993500576,0.00684070940030248,0.0038509278986041703,0.5122032612689312,0.5810241477327758,0.06417887320694834,0.6119488472622479,0.791141930835735
typical_30d_49,scaled,False,False,20,48.5,3,55,3,32.868335734870314,0.420410609349193,0.48123454292278767,0.007123667389232793,0.003992697960102069,0.5829197075181167,0.675240407044807,0.04380229620378854,0.655602485590778,0.7957934077809798
typical_30d_49,fixed,False,False,20,39.5,2,48,3,32.25414265129683,0.3997094164383275,0.46020302387750345,0.007122174347690542,0.003991979286776809,0.5579572247834892,0.6459062863232663,0.038887733966013,0.6394371397694524,0.785531340057637
robust_20d_49,scaled,False,False,20,49.5,3,58,4,33.15922190201729,0.3819844101660131,0.4336581619195663,0.004595915586106222,0.004217335163852501,0.5198873753265965,0.579262741800443,0.06125476052971725,0.6098432997118157,0.7810293587896254
robust_20d_49,fixed,False,False,20,42.0,3,50,4,32.116354466858795,0.38439199870417,0.4376304305869393,0.004595915586106222,0.004217335163852501,0.5180887129950185,0.5755048800435061,0.06125476052971725,0.6089220100864552,0.7811968659942363
robust_20d_29,scaled,False,False,20,30.0,2,35,1,31.03115994236311,0.48846991922764466,0.49647881033814484,0.4380500052402892,-0.002699870060104714,0.6265694888240196,0.6378532206436274,0.562431019776822,0.7160455691642651,0.8299657780979827
robust_20d_29,fixed,False,False,20,27.0,2,29,1,29.97658501440922,0.47889903017844554,0.4785950231949786,0.4452320498581368,-0.002699870060104714,0.6088584325750754,0.6226826902802238,0.5734768945474334,0.7043461815561959,0.8251359870317005
direct_2d_70,scaled,False,False,20,55.5,6,66,0,26.64985590778098,0.24315576924787777,0.2543046303657499,0.21170105557979124,0.00511668053382222,0.4690427648676857,0.4854521995392246,0.4567670785651658,0.5602071325648416,0.7264859510086454
direct_2d_70,fixed,False,False,20,45.0,3,53,2,25.16750720461095,0.21569178700836109,0.22796236042404275,0.17464692291244283,0.0018809875050113305,0.42123941526187725,0.4575997045618202,0.36756708163802504,0.513183537463977,0.719057096541787
direct_2d_historical_params,scaled,False,False,20,60.5,3,74,1,31.495857348703172,0.2670275502555374,0.3066017445733137,0.0055268365668247315,0.0018916144431630152,0.4765259836089558,0.5402051051336774,0.044548151303796905,0.5630628602305475,0.7192273054755043
direct_2d_historical_params,fixed,False,False,20,50.0,3,60,4,29.226404899135446,0.23100502994755828,0.29523302058879863,0.003716745187870114,0.001904119081218384,0.4145088620600538,0.5231591522787397,0.03421318828232518,0.49703530259365997,0.7091210374639769
historical_display_2d_104,scaled,False,True,20,104.5,100,108,0,16.590417867435157,0.8250982099933413,0.8375546790576403,0.7649994512020293,0.734040681974822,0.9340758858962506,0.9401976673255557,0.8982281345838719,0.9450612391930837,0.9605034221902017
historical_display_2d_104,fixed,False,True,20,90.0,86,95,0,16.72370317002882,0.7790441941316323,0.7892718975219173,0.7388676936295279,0.682547054169296,0.9004498103145568,0.9012373317189224,0.877076841084747,0.9171541786743516,0.9454025576368877
