finalist,cluster,size,coverage_share,persistence,membership_mean,validation_n,specter_knn15_purity,specter_knn50_purity,specter_cosine_cohesion,text_npmi,text_term_exclusivity,best_current_cluster,best_current_jaccard
current_30d_42,0,218,0.0031412103746397695,0.5843303228447964,0.982127295440468,20,0.95,0.9309999999999998,0.9180991500616074,0.1999532267934994,0.617240846157074,0,1.0
current_30d_42,1,273,0.00393371757925072,0.8852798022289879,0.8952098799585215,25,0.9013333333333334,0.8344,0.9137899899482727,-0.24699407167748264,0.12643709778785706,1,1.0
current_30d_42,2,406,0.0058501440922190204,0.6474058899300555,0.7801031659756837,36,0.7333333333333333,0.6766666666666666,0.889638771613439,0.10086409157594096,0.29831746220588684,2,1.0
current_30d_42,3,1843,0.02655619596541787,0.2702061051143641,0.8362026479913914,163,0.7746421267893662,0.7139877300613496,0.8964596778337209,0.14473023394056755,0.2802453935146332,3,1.0
current_30d_42,4,346,0.0049855907780979826,0.20693216306966564,0.8609732924507129,26,0.6948717948717948,0.5276923076923077,0.7829558482536902,0.13193899092912575,0.4426814019680023,4,1.0
current_30d_42,5,2823,0.04067723342939481,0.14908819796351103,0.9166277619252213,244,0.7732240437158471,0.7045901639344262,0.8489304631948471,0.1148542020154807,0.360262006521225,5,1.0
current_30d_42,6,285,0.004106628242074928,0.12654521239163988,0.9146805293969538,15,0.5777777777777777,0.36666666666666664,0.8871514916419982,-0.09319242177740479,0.45181939005851746,6,1.0
current_30d_42,7,2790,0.04020172910662824,0.245610058335079,0.8542997533000498,224,0.8324404761904762,0.7777678571428571,0.8890786128384727,0.15888289533891872,0.35884901881217957,7,1.0
current_30d_42,8,549,0.007910662824207493,0.12534753527513165,0.8419036783149163,40,0.7116666666666667,0.632,0.9313237443566322,-0.13005165586337875,0.35118183493614197,8,1.0
current_30d_42,9,380,0.00547550432276657,0.1972673528695202,0.8777222892620844,27,0.8074074074074075,0.6925925925925925,0.9394541228259051,0.09133594350798599,0.42285895347595215,9,1.0
current_30d_42,10,1166,0.01680115273775216,0.19231079543163856,0.6541303136490895,96,0.6555555555555556,0.5377083333333333,0.8877077878763279,0.0967455687732606,0.5526865124702454,10,1.0
current_30d_42,11,210,0.0030259365994236313,0.02381226433930256,0.9977216329382288,14,0.7142857142857143,0.6385714285714286,0.9172480957848685,0.11282149252728592,0.43209946155548096,11,1.0
current_30d_42,12,323,0.004654178674351585,0.363068050792928,0.8930811992365888,31,0.8430107526881722,0.7683870967741935,0.9245548555927892,0.08686191634102593,0.46275627613067627,12,1.0
current_30d_42,13,626,0.009020172910662825,0.43323145906991545,0.7328110744656479,56,0.8238095238095238,0.7271428571428571,0.8875658320529121,0.0996866073602101,0.4866037666797638,13,1.0
current_30d_42,14,645,0.009293948126801153,0.2562056970748535,0.7976697964153255,65,0.7723076923076924,0.7178461538461538,0.8990482486211336,0.07936769823092739,0.3561125695705414,14,1.0
current_30d_42,15,207,0.002982708933717579,0.052502562649690894,0.9967549641178586,15,0.8,0.6666666666666667,0.9320338884989421,0.08062387305007561,0.42882439494132996,15,1.0
current_30d_42,16,414,0.005965417867435158,0.2822435127683192,0.7920143121992614,36,0.8574074074074074,0.813888888888889,0.8933785872326957,-0.00537219876722895,0.6662526726722717,16,1.0
current_30d_42,17,1224,0.017636887608069165,0.1387710580128101,0.9164766357498069,98,0.6823129251700681,0.5638775510204082,0.8698523719700015,0.04040094985588601,0.3983507454395294,17,1.0
current_30d_42,18,1060,0.01527377521613833,0.21961822160378436,0.8232283203406531,86,0.7992248062015505,0.697906976744186,0.8719935715198517,0.11200940481109242,0.3858310878276825,18,1.0
current_30d_42,19,262,0.00377521613832853,0.27962183295261317,0.9381610922099098,32,0.7833333333333333,0.6725,0.9257254991680384,0.009561116190211248,0.6781039237976074,19,1.0
current_30d_42,20,217,0.0031268011527377524,0.011460701032347552,0.9986463810982303,24,0.7472222222222222,0.5708333333333333,0.9402282064159712,0.15857462113379783,0.40854111313819885,20,1.0
current_30d_42,21,477,0.006873198847262248,0.14553100845163733,0.8389461237041533,46,0.6884057971014493,0.5286956521739131,0.9056593477725983,0.18895640264616145,0.06008908152580261,21,1.0
current_30d_42,22,558,0.008040345821325649,0.06063832387360123,0.9208050967370427,52,0.6141025641025641,0.47884615384615387,0.9143226662507424,0.11797787824089406,0.28290775418281555,22,1.0
current_30d_42,23,1244,0.01792507204610951,0.11688264138862865,0.7601710773287997,91,0.7501831501831502,0.6835164835164834,0.9230023458763793,0.09216892075584517,0.22315531969070435,23,1.0
current_30d_42,24,1860,0.02680115273775216,0.19473264762253897,0.6745873171902973,171,0.831578947368421,0.7858479532163742,0.9101269241662053,0.06917512618518125,0.3398332893848419,24,1.0
current_30d_42,25,226,0.0032564841498559077,0.06612318886167971,0.9837519408318661,21,0.6857142857142858,0.5857142857142857,0.921671606245495,0.040024745790766134,0.6318530440330505,25,1.0
current_30d_42,26,9877,0.14231988472622478,0.06462952928715178,0.977838800574707,893,0.8486748786860769,0.8087793952967526,0.8527237023378139,0.040051610475342614,0.17447008192539215,26,1.0
current_30d_42,27,4187,0.060331412103746394,0.09721620260929478,0.940120433751132,365,0.8500456621004566,0.81013698630137,0.921651899488005,0.03289076238993918,0.15971843898296356,27,1.0
current_30d_42,28,665,0.009582132564841498,0.2366315412535357,0.6997257023755373,51,0.7437908496732025,0.6423529411764707,0.92204062611449,-0.0355995570914175,0.3958810567855835,28,1.0
current_30d_42,29,547,0.007881844380403458,0.11173353573088245,0.9091903813447483,64,0.6625000000000001,0.5259375000000001,0.9149073800072074,0.03656800337504869,0.44470587372779846,29,1.0
current_30d_42,30,246,0.0035446685878962538,0.040663679748364885,0.9865293493235204,13,0.7179487179487178,0.5984615384615385,0.9177568921676049,-0.12683920291465306,0.5354465842247009,30,1.0
current_30d_42,31,252,0.0036311239193083573,0.09190497461836668,0.9701035463244334,22,0.6272727272727272,0.49090909090909096,0.9186550189148296,0.020311576499140567,0.44950759410858154,31,1.0
current_30d_42,32,327,0.004711815561959654,0.3894795077451252,0.8617208660240872,18,0.8629629629629629,0.8322222222222222,0.9150993095503913,-0.014402752839435717,0.4893479645252228,32,1.0
current_30d_42,33,1273,0.01834293948126801,0.26942316133537414,0.7717986993937801,101,0.8534653465346537,0.8299009900990096,0.921537187429938,0.060021095237908155,0.33687713742256165,33,1.0
current_30d_42,34,474,0.006829971181556196,0.05046371014753366,0.92031084546516,46,0.6130434782608696,0.47782608695652157,0.9064303558805714,-0.012074349207519585,0.4490478038787842,34,1.0
current_30d_42,35,336,0.00484149855907781,0.030505256335347324,0.9837206250375762,20,0.7033333333333334,0.591,0.9522192418575287,-0.031156984179365698,0.284029483795166,35,1.0
current_30d_42,36,2992,0.043112391930835735,0.07244955765478588,0.8885047848310441,279,0.725925925925926,0.6594982078853047,0.9181510889402,-0.011444859120688405,0.27151569724082947,36,1.0
current_30d_42,37,300,0.004322766570605188,0.034881227371224406,0.9741054312604429,20,0.4866666666666667,0.396,0.9386556386947632,-0.17223900490289137,0.36167004704475403,37,1.0
current_30d_42,38,1766,0.025446685878962535,0.15203147515010262,0.8015648088848942,169,0.7960552268244576,0.7443786982248523,0.9311190448569123,0.10684198145847841,0.2122378796339035,38,1.0
current_30d_42,39,2306,0.03322766570605187,0.056011591565317924,0.9100946317692855,178,0.7194756554307116,0.6424719101123596,0.899241416976693,0.09155994816084086,0.23442457616329193,39,1.0
current_30d_42,40,1490,0.021469740634005762,0.07135572514692316,0.9605600098984244,128,0.7244791666666668,0.66390625,0.9052173076197505,0.09423756318535913,0.3272199034690857,40,1.0
current_30d_42,41,449,0.0064697406340057636,0.16373307831122533,0.8725121291889358,34,0.7333333333333334,0.6723529411764706,0.9386866197866552,0.09736947566460541,0.3966710567474365,41,1.0
typical_30d_49,0,217,0.0031268011527377524,0.5531320800051244,0.9827209840039951,19,0.9964912280701754,0.9757894736842104,0.9262225784753498,0.1999532267934994,0.6069946885108948,0,0.9954128440366973
typical_30d_49,1,274,0.003948126801152738,0.8663304254864093,0.8850618935526033,25,0.8959999999999999,0.8344,0.9138161945343017,-0.2492391621096459,0.10644697397947311,1,0.9890909090909091
typical_30d_49,2,401,0.005778097982708934,0.7657914404496335,0.8428767224089166,36,0.7351851851851852,0.6805555555555556,0.8896918876303567,0.1070463981395197,0.2859901487827301,2,0.9539951573849879
typical_30d_49,3,348,0.005014409221902018,0.18480743646876924,0.8370402074622182,27,0.6691358024691358,0.508888888888889,0.7812974121835496,0.13121286952549677,0.4236204922199249,4,0.9828571428571429
typical_30d_49,4,2864,0.041268011527377524,0.15872332548978418,0.9211339620305912,246,0.775609756097561,0.7048780487804879,0.8488258433535816,0.1168660920503616,0.3347208797931671,5,0.9678200692041522
typical_30d_49,5,1816,0.0261671469740634,0.3052968549871087,0.6180938178496278,162,0.7699588477366256,0.711604938271605,0.8963564549699242,0.14434561379784253,0.2511906325817108,3,0.9380296610169492
typical_30d_49,6,268,0.003861671469740634,0.14179950324146198,0.9343860486939946,13,0.6307692307692307,0.38153846153846155,0.8843068388792185,-0.07084922282933534,0.5056590437889099,6,0.8809523809523809
typical_30d_49,7,1288,0.01855907780979827,0.11860566136432407,0.9406178519699495,109,0.6605504587155964,0.5436697247706422,0.8682344402741948,0.04072745568714489,0.37931132316589355,17,0.9204892966360856
typical_30d_49,8,417,0.00600864553314121,0.30235153565067063,0.7571858418685288,37,0.8522522522522523,0.8070270270270271,0.8882972195341781,-0.008951187639469917,0.6599181294441223,16,0.9691943127962085
typical_30d_49,9,2741,0.039495677233429394,0.21787500752739494,0.865767843207811,221,0.8304675716440424,0.7735746606334841,0.8879687872407663,0.15457639523897232,0.3465239107608795,7,0.9502820874471086
typical_30d_49,10,397,0.005720461095100864,0.1948558005680715,0.8723344270900857,29,0.7839080459770117,0.6682758620689655,0.9368385652015949,0.093177800164861,0.3857501745223999,9,0.8951219512195122
typical_30d_49,11,634,0.009135446685878963,0.11973240557668136,0.7889590786119638,43,0.7534883720930231,0.661860465116279,0.9282848128052645,-0.15448478653739015,0.28394070267677307,8,0.7843137254901961
typical_30d_49,12,214,0.0030835734870317,0.023769432006563136,0.9957729752855397,14,0.6857142857142857,0.61,0.9137938150337764,0.11474777229142455,0.4160795509815216,11,0.9360730593607306
typical_30d_49,13,680,0.009798270893371758,0.44476169014023326,0.6669308215695978,61,0.7989071038251365,0.7022950819672131,0.8738572617046169,0.11989435220512384,0.403757780790329,13,0.8845598845598845
typical_30d_49,14,1050,0.015129682997118156,0.18614086181927095,0.9157112497197084,103,0.8233009708737865,0.7796116504854369,0.8954060014011791,0.0875995291426888,0.32316139340400696,14,0.6066350710900474
typical_30d_49,15,1132,0.016311239193083575,0.16385105586930887,0.6917753578683445,91,0.6754578754578753,0.5512087912087913,0.8885438697678703,0.05019257643070552,0.4848277270793915,10,0.9007444168734491
typical_30d_49,16,269,0.003876080691642651,0.05743200624898657,0.969325869763062,30,0.7044444444444445,0.5633333333333334,0.938592924674352,0.19068697627505168,0.39004817605018616,20,0.7867647058823529
typical_30d_49,17,205,0.002953890489913545,0.03396451226651696,0.9978232917091723,15,0.7911111111111111,0.66,0.9319772601127625,0.10690139583994793,0.4044691026210785,15,0.9252336448598131
typical_30d_49,18,531,0.007651296829971181,0.1120410903847738,0.8209134882600061,51,0.6679738562091503,0.5584313725490195,0.9058659123439415,0.1716928773121263,0.049398645758628845,21,0.7055837563451777
typical_30d_49,19,263,0.0037896253602305477,0.3178539203372229,0.9304649981137155,31,0.7892473118279572,0.6774193548387097,0.926406495032772,0.011505396127188233,0.6617889404296875,19,0.9736842105263158
typical_30d_49,20,1017,0.014654178674351585,0.18714019214139277,0.8514336057398393,85,0.7929411764705883,0.6898823529411763,0.8726331949234009,0.10831481292366628,0.38051602244377136,18,0.9267161410018553
typical_30d_49,21,576,0.00829971181556196,0.11277094187194948,0.8936428571941892,66,0.6656565656565656,0.5315151515151515,0.9147125762520414,0.026531519435504435,0.3905620872974396,29,0.9196581196581196
typical_30d_49,22,4035,0.05814121037463977,0.07932236234457873,0.9607491059849825,362,0.8430939226519338,0.8034254143646408,0.9225879439991482,0.040357031695423484,0.13123492896556854,27,0.9080993269900209
typical_30d_49,23,680,0.009798270893371758,0.23066917851256855,0.6823168989941233,52,0.7397435897435897,0.6373076923076924,0.9208296273763363,-0.03267754777462959,0.38685593008995056,28,0.9464544138929089
typical_30d_49,24,514,0.007406340057636887,0.05412608561753967,0.9243186046284978,44,0.6166666666666666,0.4954545454545455,0.9137923026626761,0.10813753141816126,0.28309619426727295,22,0.771900826446281
typical_30d_49,25,1568,0.022593659942363113,0.1895985931580396,0.7228017188187321,154,0.8125541125541125,0.7699999999999999,0.9107438031729166,0.052903293387498274,0.3361099660396576,24,0.8118393234672304
typical_30d_49,26,1313,0.018919308357348702,0.08417045286317784,0.7837577542007839,95,0.7347368421052628,0.6726315789473684,0.9232206683409842,0.07560768356087257,0.18191128969192505,23,0.7370923913043478
typical_30d_49,27,201,0.0028962536023054756,0.006929090892245556,0.9999007838022627,12,0.8388888888888887,0.6983333333333333,0.9304871459801992,0.050471231336386466,0.5739256739616394,-1,0.0
typical_30d_49,28,210,0.0030259365994236313,0.008888975365132761,0.9992084350859067,21,0.6317460317460317,0.5266666666666667,0.9434867983772641,-0.006938391018394685,0.28035199642181396,-1,0.0
typical_30d_49,29,229,0.00329971181556196,0.0035170234672024943,0.9999447408903498,11,0.7454545454545454,0.6418181818181818,0.9234165440906178,-0.2967660454603723,0.5145518183708191,30,0.8849206349206349
typical_30d_49,30,221,0.0031844380403458212,0.05329619333328283,0.9891037472492163,21,0.6761904761904763,0.5742857142857144,0.9217546894436791,-0.01811433425767079,0.6718263626098633,25,0.9184549356223176
typical_30d_49,31,227,0.003270893371757925,0.041394087723267324,0.9933020511548681,20,0.6333333333333334,0.5040000000000001,0.9201287180185318,-0.008917467027426672,0.46582815051078796,31,0.8784313725490196
typical_30d_49,32,484,0.006974063400576369,0.06067085333102441,0.8816798377151608,47,0.624113475177305,0.4914893617021277,0.9070521035092942,-0.001665983828440376,0.42112550139427185,34,0.904572564612326
typical_30d_49,33,1196,0.01723342939481268,0.25526285318772224,0.7781128691399717,99,0.8094276094276094,0.7874747474747475,0.9196716842025218,0.06071268517327999,0.3360818922519684,33,0.8934049079754601
typical_30d_49,34,295,0.004250720461095101,0.29595953114764373,0.9251891803689509,18,0.8333333333333335,0.8033333333333333,0.914403670363956,-0.019057004313416934,0.4732763469219208,32,0.879154078549849
typical_30d_49,35,821,0.011829971181556195,0.0961688349316641,0.8319566143782331,71,0.7652582159624414,0.6935211267605635,0.902698427018985,-0.05123555929579217,0.5072023868560791,26,0.08279352226720647
typical_30d_49,36,281,0.004048991354466859,0.0022272114776927814,0.9999141260834681,16,0.7166666666666667,0.625,0.9553292207419872,-0.12665404030816083,0.2418389767408371,35,0.7832369942196532
typical_30d_49,37,2717,0.03914985590778098,0.06206358341111917,0.9228438563062084,256,0.7190104166666667,0.6515625,0.9194058717694134,-0.018460163312218482,0.2483760118484497,36,0.8100824350031706
typical_30d_49,38,316,0.004553314121037464,0.03698407195298554,0.9647760366459757,25,0.43733333333333335,0.3632,0.9364506816864013,-0.2562115080760628,0.3441924750804901,37,0.76
typical_30d_49,39,800,0.011527377521613832,0.1391051905039335,0.8774615051962169,71,0.7971830985915492,0.7292957746478873,0.9169942518355141,0.03608995325117288,0.3328084647655487,26,0.08044930176077716
typical_30d_49,40,751,0.010821325648414986,0.06877206340674998,0.9547264305495473,56,0.6416666666666667,0.5332142857142858,0.8679898349302155,0.0700580109650002,0.361753910779953,26,0.0757085020242915
typical_30d_49,41,211,0.0030403458213256484,0.07318732938734203,0.9959194771563096,30,0.7666666666666667,0.664,0.9132303833961487,0.11022977842717668,0.6229304671287537,26,0.021259364243774042
typical_30d_49,42,1840,0.026512968299711816,0.0946906355772121,0.8504751018720658,169,0.7928994082840237,0.7500591715976331,0.923488712169715,0.09962360598320354,0.23588036000728607,26,0.18569115563651084
typical_30d_49,43,2185,0.03148414985590778,0.1402490281481495,0.7245651917711957,203,0.7980295566502463,0.7456157635467981,0.9284767446846798,0.10743355590663586,0.18606339395046234,38,0.7677852348993288
typical_30d_49,44,2337,0.03367435158501441,0.05895311529110842,0.9536023436042466,192,0.7052083333333335,0.6375000000000001,0.8988588623081645,0.08496709877774725,0.23325122892856598,39,0.8087261394624075
typical_30d_49,45,408,0.005878962536023055,0.10128804171494543,0.8634194081978478,43,0.6868217054263567,0.5506976744186047,0.8602788171102834,0.06627495980716906,0.33558955788612366,26,0.04109727705233323
typical_30d_49,46,1779,0.02563400576368876,0.13412928787241543,0.9484145447280165,152,0.8232456140350878,0.7857894736842105,0.8764568359444016,0.15499443929176063,0.3658648431301117,26,0.179518316130338
typical_30d_49,47,490,0.0070605187319884724,0.2133470195885506,0.8014994296717493,36,0.737037037037037,0.6866666666666666,0.9368256959650252,0.10295531489150495,0.36011549830436707,41,0.8630952380952381
typical_30d_49,48,1802,0.02596541786743516,0.09334973231784559,0.9031318520986072,154,0.7415584415584415,0.6788311688311689,0.9051153377279059,0.08467159115953425,0.295272558927536,40,0.7651474530831099
robust_20d_49,0,218,0.0031412103746397695,0.872517672283856,0.8774189083885005,19,0.9964912280701754,0.9757894736842104,0.9262239838901319,0.20177236993480896,0.5938788652420044,0,0.9908675799086758
robust_20d_49,1,272,0.003919308357348703,0.5129121885267481,0.86757867204018,25,0.8959999999999999,0.8328,0.9137416362762452,-0.24754636869420793,0.1251096874475479,1,0.9963369963369964
robust_20d_49,2,400,0.005763688760806916,0.37755084374318354,0.7730271311618696,38,0.7035087719298246,0.6494736842105263,0.8895252111711001,0.10805399567202227,0.3047982156276703,2,0.9658536585365853
robust_20d_49,3,1168,0.016829971181556196,0.16408309510616217,0.8173745015118005,98,0.7741496598639455,0.6775510204081632,0.8682600861909439,0.12306871998465672,0.38566815853118896,18,0.86756077116513
robust_20d_49,4,314,0.004524495677233429,0.11798646481323838,0.8401160055837794,22,0.7606060606060605,0.5809090909090909,0.788928823037581,0.11375337827941541,0.413239985704422,4,0.896551724137931
robust_20d_49,5,1779,0.02563400576368876,0.15404483408641043,0.8245429587442398,156,0.7752136752136753,0.7164102564102564,0.8965510198703179,0.14017600706289354,0.27002665400505066,3,0.9441760601180891
robust_20d_49,6,1593,0.022953890489913545,0.06191400177800966,0.9190918099285008,124,0.7591397849462367,0.701451612903226,0.858114511255295,0.06988717481492139,0.3618523180484772,5,0.5637393767705382
robust_20d_49,7,813,0.011714697406340058,0.15906099930464918,0.7018834485847063,74,0.7504504504504504,0.6559459459459459,0.8729260241663134,0.025027389636159095,0.4900827407836914,5,0.2879914984059511
robust_20d_49,8,173,0.0024927953890489913,0.0638725904705316,0.9777930139980567,12,0.8000000000000002,0.5916666666666667,0.940521647532781,0.06386815988589756,0.35523155331611633,-1,0.0
robust_20d_49,9,173,0.0024927953890489913,0.06597232568906859,0.9796403742189129,17,0.8941176470588236,0.7305882352941176,0.8297870334456948,0.3620871122076181,0.4611365795135498,-1,0.0
robust_20d_49,10,2908,0.04190201729106628,0.12602286324652767,0.8695573807583112,229,0.8259097525473073,0.7775545851528385,0.8890781150114068,0.16126595342075686,0.3374856412410736,7,0.948034188034188
robust_20d_49,11,185,0.0026657060518731988,0.03478519358372705,0.975322189375976,12,0.7555555555555555,0.6716666666666667,0.9172979046901067,0.09772340690769672,0.43442264199256897,11,0.8287037037037037
robust_20d_49,12,909,0.013097982708933718,0.10006327245996902,0.9467241408273268,92,0.8166666666666665,0.7684782608695649,0.9022741628729779,0.0910367402210323,0.36709868907928467,14,0.5824847250509165
robust_20d_49,13,599,0.008631123919308358,0.21416493627188712,0.6903481649988531,54,0.7987654320987652,0.7037037037037038,0.8882735426779147,0.0953710349175324,0.4869331419467926,13,0.9382911392405063
robust_20d_49,14,334,0.0048126801152737755,0.05122738973103875,0.8130063459009365,25,0.6399999999999999,0.45520000000000005,0.8961632513999939,0.002010678901200522,0.30277302861213684,6,0.7005494505494505
robust_20d_49,15,415,0.005979827089337176,0.234495620885506,0.6410503788915359,37,0.836036036036036,0.7929729729729731,0.8896564519083178,-0.04212495456151507,0.6885520815849304,16,0.9832535885167464
robust_20d_49,16,1127,0.016239193083573487,0.10487638865229347,0.6303000991632877,94,0.6375886524822696,0.5348936170212766,0.8903622354598756,0.049296008552079815,0.5351409912109375,10,0.8981788079470199
robust_20d_49,17,1255,0.018083573487031702,0.06648412501961956,0.9327625375240324,101,0.6666666666666667,0.5574257425742574,0.869370713092313,0.038574845303571595,0.39621391892433167,17,0.9113338473400154
robust_20d_49,18,193,0.0027809798270893374,0.15723345682737755,0.9230122071076011,14,0.7476190476190476,0.6214285714285713,0.9325705298355648,0.0860348997961062,0.4201338291168213,15,0.8957345971563981
robust_20d_49,19,474,0.006829971181556196,0.07346588482683106,0.819997313780912,48,0.6569444444444444,0.5045833333333333,0.905034619073073,0.2021877113428031,0.05683201178908348,21,0.9096385542168675
robust_20d_49,20,10140,0.14610951008645534,0.0480181448796924,0.9658572339791143,930,0.8508243727598566,0.8137204301075269,0.8541815609060308,0.041596183782477265,0.1722339391708374,26,0.9177045410998276
robust_20d_49,21,337,0.004855907780979827,0.06938514467246609,0.9190629012241168,38,0.6105263157894736,0.4947368421052632,0.9148926436901093,-0.040332185754604656,0.4444338381290436,34,0.6450304259634888
robust_20d_49,22,3960,0.057060518731988474,0.0487702521952035,0.9533174375780918,353,0.8462700661000945,0.8111614730878188,0.9227669809762884,0.029314086631430567,0.1547825187444687,27,0.8906938964957066
robust_20d_49,23,534,0.007694524495677233,0.15398595625501615,0.6997992887717107,42,0.7222222222222223,0.6380952380952382,0.9244110655216944,-0.05163390463470984,0.4397963583469391,28,0.7922272047832586
robust_20d_49,24,205,0.002953890489913545,0.12745648531920006,0.9558501217740831,12,0.8444444444444444,0.7066666666666666,0.9305827071269354,0.05586746200874616,0.5588846802711487,-1,0.0
robust_20d_49,25,170,0.0024495677233429395,0.0020324133112505,0.99989174833827,13,0.5333333333333333,0.4030769230769231,0.9153922750399663,-0.26714997580586614,0.4957179129123688,7,0.0003379520108144643
robust_20d_49,26,198,0.002853025936599424,0.03955612844509495,0.9759854299576133,22,0.6696969696969698,0.5272727272727273,0.9366972771557894,0.09074681283743313,0.32369092106819153,29,0.3594890510948905
robust_20d_49,27,202,0.0029106628242074927,0.019247930908801097,0.9894209034671723,21,0.6603174603174603,0.5161904761904763,0.9235523740450541,0.08590777939247618,0.4263341426849365,29,0.36678832116788324
robust_20d_49,28,511,0.007363112391930836,0.10300684113322368,0.7214008264205176,34,0.7313725490196078,0.6594117647058824,0.9364147098625407,0.06533437084096855,0.29844895005226135,8,0.811965811965812
robust_20d_49,29,400,0.005763688760806916,0.14013647717900385,0.8119029413028261,27,0.8049382716049384,0.6918518518518518,0.9395333109078584,0.0866144101219637,0.37894412875175476,9,0.8615751789976134
robust_20d_49,30,215,0.0030979827089337177,0.0416909357113331,0.9646526384265038,20,0.7033333333333334,0.601,0.9212664484977722,-0.02265078694150211,0.6405878067016602,25,0.925764192139738
robust_20d_49,31,171,0.0024639769452449566,0.005537890938476105,0.9976492945789617,18,0.7148148148148148,0.5622222222222223,0.9444815748267703,0.06980051243945677,0.435281902551651,20,0.7399103139013453
robust_20d_49,32,314,0.004524495677233429,0.20820468276429352,0.8405650375670042,17,0.8666666666666667,0.8364705882352942,0.9155731446602765,0.0030994410436545007,0.4885232150554657,32,0.9134328358208955
robust_20d_49,33,262,0.00377521613832853,0.15237113952704756,0.8911434519541944,31,0.78494623655914,0.6729032258064517,0.9263974466631489,0.010751427496958416,0.6767445206642151,19,0.9552238805970149
robust_20d_49,34,215,0.0030979827089337177,0.04595861698820969,0.9630778626940586,19,0.656140350877193,0.508421052631579,0.9192721561381691,0.02035908974345693,0.45602288842201233,31,0.8385826771653543
robust_20d_49,35,1165,0.016786743515850144,0.15559765423306077,0.8119182738274964,87,0.8689655172413794,0.8514942528735628,0.924215057800556,0.05559098274006847,0.340450644493103,33,0.8782742681047766
robust_20d_49,36,204,0.0029394812680115273,0.013728372307239509,0.988855521943616,21,0.419047619047619,0.3438095238095238,0.9377571514674595,-0.04925470438441665,0.2294800877571106,37,0.5652173913043478
robust_20d_49,37,209,0.0030115273775216138,0.03603578693620263,0.9631219271689522,6,0.9111111111111111,0.8466666666666667,0.9464777608712515,-0.12889029554768097,0.5511345267295837,30,0.8127490039840638
robust_20d_49,38,506,0.00729106628242075,0.03226461198541294,0.9032239180503188,46,0.6115942028985508,0.47565217391304354,0.9173947274684906,0.1480279757645153,0.25653862953186035,22,0.7244732576985413
robust_20d_49,39,250,0.0036023054755043226,0.03760271509073916,0.9287576652743165,17,0.7019607843137255,0.6200000000000001,0.9564379523782169,-0.1167808378983308,0.27663353085517883,35,0.6507042253521127
robust_20d_49,40,2641,0.03805475504322767,0.041704742075982855,0.9023714507005619,250,0.7045333333333335,0.65384,0.9207833380699157,0.007865026738997494,0.2653902769088745,36,0.7691582914572864
robust_20d_49,41,164,0.0023631123919308356,0.012131306072753914,0.9968204289035442,20,0.64,0.53,0.9307384580373764,0.050052804031391375,0.4758300483226776,38,0.0005184033177812338
robust_20d_49,42,455,0.006556195965417867,0.116844476686389,0.7867126285842497,33,0.7555555555555554,0.6981818181818181,0.9390253569140579,0.10153607756694637,0.37354549765586853,41,0.8448979591836735
robust_20d_49,43,1757,0.02531700288184438,0.0496318459346975,0.9053716708545236,146,0.7228310502283105,0.6617808219178083,0.905584259392464,0.03671370086648394,0.3358955383300781,40,0.7125527426160337
robust_20d_49,44,1834,0.02642651296829971,0.08463970374379491,0.7585678584892523,170,0.8070588235294117,0.7470588235294118,0.9320064267691444,0.10777651750602063,0.17589867115020752,38,0.8036072144288577
robust_20d_49,45,1404,0.020230547550432278,0.09623621333450072,0.7490289264877799,133,0.8360902255639099,0.7966917293233083,0.9132101907765955,0.05659542435710353,0.39361080527305603,24,0.7288135593220338
robust_20d_49,46,689,0.009927953890489914,0.04861332070527472,0.8581895924390864,44,0.7000000000000001,0.6468181818181818,0.9270901829004288,0.1257392678479035,0.26963314414024353,23,0.5476381104883907
robust_20d_49,47,269,0.003876080691642651,0.030652055366374716,0.968768710357053,19,0.519298245614035,0.4242105263157895,0.9192778217165094,0.08178914370041593,0.5240998268127441,39,0.11231101511879049
robust_20d_49,48,1145,0.0164985590778098,0.040740557998758094,0.8434913063181252,95,0.6512280701754386,0.568,0.9126387909839028,0.12253107017263783,0.2363041788339615,39,0.4716417910447761
robust_20d_29,0,400,0.005763688760806916,0.6311250330891089,0.8966229707837118,38,0.7035087719298246,0.6494736842105263,0.8895252111711001,0.10805399567202227,0.38341689109802246,2,0.9658536585365853
robust_20d_29,1,1168,0.016829971181556196,0.38171727720814486,0.8107081509378278,98,0.7741496598639455,0.6775510204081632,0.8682600861909439,0.12306871998465672,0.4700763523578644,18,0.86756077116513
robust_20d_29,2,314,0.004524495677233429,0.09267138625163718,0.9959701859202543,22,0.7606060606060605,0.5809090909090909,0.788928823037581,0.11375337827941541,0.49609455466270447,4,0.896551724137931
robust_20d_29,3,1779,0.02563400576368876,0.4044735519271834,0.6924868546208621,156,0.7752136752136753,0.7164102564102564,0.8965510198703179,0.14017600706289354,0.33219170570373535,3,0.9441760601180891
robust_20d_29,4,1593,0.022953890489913545,0.21025875115687773,0.7347604288149387,124,0.7591397849462367,0.701451612903226,0.858114511255295,0.06988717481492139,0.3831535577774048,5,0.5637393767705382
robust_20d_29,5,813,0.011714697406340058,0.3485424410370263,0.7239956669734912,74,0.7504504504504504,0.6559459459459459,0.8729260241663134,0.025027389636159095,0.5235472321510315,5,0.2879914984059511
robust_20d_29,6,2908,0.04190201729106628,0.29156660272192714,0.8695573807583112,229,0.8259097525473073,0.7775545851528385,0.8890781150114068,0.16126595342075686,0.44130995869636536,7,0.948034188034188
robust_20d_29,7,909,0.013097982708933718,0.2641890656393437,0.8800187809349241,92,0.8166666666666665,0.7684782608695649,0.9022741628729779,0.0910367402210323,0.4411984384059906,14,0.5824847250509165
robust_20d_29,8,599,0.008631123919308358,0.3494319958710511,0.812303971890097,54,0.7987654320987652,0.7037037037037038,0.8882735426779147,0.0953710349175324,0.510254442691803,13,0.9382911392405063
robust_20d_29,9,334,0.0048126801152737755,0.005893243154037235,0.9998957432186202,25,0.6399999999999999,0.45520000000000005,0.8961632513999939,0.002010678901200522,0.33987557888031006,6,0.7005494505494505
robust_20d_29,10,415,0.005979827089337176,0.1386585983892994,0.9800535740502241,37,0.836036036036036,0.7929729729729731,0.8896564519083178,-0.04212495456151507,0.7281906008720398,16,0.9832535885167464
robust_20d_29,11,1127,0.016239193083573487,0.21400553006505685,0.7171347329530262,94,0.6375886524822696,0.5348936170212766,0.8903622354598756,0.049296008552079815,0.5830358862876892,10,0.8981788079470199
robust_20d_29,12,1255,0.018083573487031702,0.1845752539712559,0.8364660074371684,101,0.6666666666666667,0.5574257425742574,0.869370713092313,0.038574845303571595,0.44270554184913635,17,0.9113338473400154
robust_20d_29,13,474,0.006829971181556196,0.08516351526093227,0.9619854308709092,48,0.6569444444444444,0.5045833333333333,0.905034619073073,0.2021877113428031,0.08469907194375992,21,0.9096385542168675
robust_20d_29,14,10140,0.14610951008645534,0.11109482050247711,0.9658572339791143,930,0.8508243727598566,0.8137204301075269,0.8541815609060308,0.041596183782477265,0.22007691860198975,26,0.9177045410998276
robust_20d_29,15,337,0.004855907780979827,0.03677656804425595,0.9920464701573523,38,0.6105263157894736,0.4947368421052632,0.9148926436901093,-0.040332185754604656,0.5064694285392761,34,0.6450304259634888
robust_20d_29,16,3960,0.057060518731988474,0.1703810655501339,0.7573932425119259,353,0.8462700661000945,0.8111614730878188,0.9227669809762884,0.029314086631430567,0.20219635963439941,27,0.8906938964957066
robust_20d_29,17,6019,0.08672910662824207,0.07588811267762896,0.9588641109736735,523,0.8458891013384321,0.8130019120458891,0.8994940204784474,0.10587923230262894,0.3228083550930023,24,0.3025293436931724
robust_20d_29,18,534,0.007694524495677233,0.15864717600370368,0.9256582577342203,42,0.7222222222222223,0.6380952380952382,0.9244110655216944,-0.05163390463470984,0.4937475621700287,28,0.7922272047832586
robust_20d_29,19,464,0.006685878962536023,0.04687058896095849,0.9919954811727367,53,0.6654088050314464,0.5230188679245283,0.9171294097630482,-0.03354863458802493,0.4401867389678955,29,0.8315217391304348
robust_20d_29,20,511,0.007363112391930836,0.09561229199172572,0.962546196209337,34,0.7313725490196078,0.6594117647058824,0.9364147098625407,0.06533437084096855,0.3654792606830597,8,0.811965811965812
robust_20d_29,21,400,0.005763688760806916,0.13469873506011892,0.9606260002049402,27,0.8049382716049384,0.6918518518518518,0.9395333109078584,0.0866144101219637,0.4647950232028961,9,0.8615751789976134
robust_20d_29,22,4129,0.0594956772334294,0.10987490145935608,0.7662442478644382,379,0.7509234828496043,0.7047493403693932,0.9175388655750607,0.013637870109201557,0.2894865572452545,36,0.6430549146285187
robust_20d_29,23,1603,0.023097982708933717,0.3367350131300302,0.7075199963711304,127,0.8225721784776904,0.784251968503937,0.9135517487375755,0.0617792989612351,0.4092508852481842,33,0.7547284929835265
robust_20d_29,24,314,0.004524495677233429,0.04674368765594964,0.9962233534742394,17,0.8666666666666667,0.8364705882352942,0.9155731446602765,0.0030994410436545007,0.5309152603149414,32,0.9134328358208955
robust_20d_29,25,455,0.006556195965417867,0.11648198262081111,0.9415277279752493,33,0.7555555555555554,0.6981818181818181,0.9390253569140579,0.10153607756694637,0.47879496216773987,41,0.8448979591836735
robust_20d_29,26,1757,0.02531700288184438,0.11482828062467912,0.9053716708545236,146,0.7228310502283105,0.6617808219178083,0.905584259392464,0.03671370086648394,0.4390690326690674,40,0.7125527426160337
robust_20d_29,27,1834,0.02642651296829971,0.18678071129810978,0.8189113745885821,170,0.8070588235294117,0.7470588235294118,0.9320064267691444,0.10777651750602063,0.26489004492759705,38,0.8036072144288577
robust_20d_29,28,1871,0.026959654178674353,0.09610362179577343,0.843438263872161,151,0.6701986754966888,0.606887417218543,0.904895173003342,0.12215135681436977,0.367390513420105,39,0.6890416498180347
direct_2d_70,0,267,0.0038472622478386165,,,23,0.9478260869565218,0.8930434782608695,0.9251780795014423,-0.24423350553192666,0.08600363880395889,1,0.9217081850533808
direct_2d_70,1,232,0.0033429394812680116,,,19,1.0,0.9842105263157894,0.9263532318566975,0.2074914020216529,0.49234387278556824,0,0.9313304721030042
direct_2d_70,2,225,0.0032420749279538905,,,23,0.8086956521739131,0.6295652173913043,0.7973604383675948,-0.18025707854281417,0.6008215546607971,4,0.13972055888223553
direct_2d_70,3,488,0.007031700288184438,,,45,0.8103703703703704,0.7444444444444445,0.8818285014894274,0.0334812897753337,0.5881761908531189,16,0.6611418047882136
direct_2d_70,4,436,0.006282420749279539,,,37,0.7423423423423423,0.6778378378378379,0.8885066589793643,0.11850671921364817,0.24382074177265167,2,0.8669623059866962
direct_2d_70,5,206,0.002968299711815562,,,15,0.7822222222222223,0.6573333333333334,0.9318442861239116,0.08759214198369265,0.3565049469470978,15,0.9209302325581395
direct_2d_70,6,772,0.01112391930835735,,,74,0.6252252252252252,0.5256756756756757,0.8846812514034478,0.08011208938715081,0.17919348180294037,17,0.4287759484609878
direct_2d_70,7,258,0.0037175792507204613,,,20,0.6733333333333333,0.547,0.7978918880224228,0.0871344908525675,0.3711206912994385,4,0.7257142857142858
direct_2d_70,8,737,0.010619596541786744,,,54,0.608641975308642,0.455925925925926,0.8663059495113514,0.04876147079685669,0.35483071208000183,17,0.44191176470588234
direct_2d_70,9,1872,0.02697406340057637,,,160,0.77125,0.7113750000000001,0.8961721733212471,0.1377680081885849,0.2004661113023758,3,0.7981606969990319
direct_2d_70,10,541,0.007795389048991354,,,47,0.7999999999999999,0.705531914893617,0.900457889475721,0.09497979990153102,0.37748339772224426,13,0.8009259259259259
direct_2d_70,11,247,0.003559077809798271,,,20,0.7033333333333333,0.437,0.8210064947605134,-0.20945198681699534,0.3605649769306183,13,0.09261576971214018
direct_2d_70,12,202,0.0029106628242074927,,,12,0.8333333333333331,0.6866666666666666,0.9303363611300787,0.0375528143358293,0.5417448282241821,8,0.0013333333333333333
direct_2d_70,13,290,0.004178674351585014,,,31,0.827956989247312,0.7438709677419353,0.9257298957916998,-0.00787739116545787,0.41638872027397156,12,0.8189910979228486
direct_2d_70,14,607,0.008746397694524496,,,58,0.735632183908046,0.669655172413793,0.9059394474687248,0.059716948466993415,0.3540933430194855,14,0.7510489510489511
direct_2d_70,15,954,0.013746397694524496,,,69,0.761352657004831,0.6834782608695653,0.8956292919490648,0.14538258767147608,0.2881063222885132,5,0.3289936664320901
direct_2d_70,16,288,0.00414985590778098,,,23,0.6289855072463768,0.5617391304347826,0.8656652362450309,0.20951283991867672,0.5015559792518616,5,0.09929328621908128
direct_2d_70,17,610,0.008789625360230547,,,51,0.7450980392156863,0.647843137254902,0.8745835587090137,0.04585650256731373,0.44428983330726624,5,0.21565155807365438
direct_2d_70,18,328,0.004726224783861671,,,23,0.518840579710145,0.348695652173913,0.8866111662076868,0.001338051181061958,0.29601559042930603,6,0.5440806045340051
direct_2d_70,19,235,0.0033861671469740634,,,18,0.588888888888889,0.4588888888888889,0.8958599964777628,-0.1988865936290617,0.6134446263313293,26,0.022240194096239386
direct_2d_70,20,526,0.007579250720461095,,,54,0.6679012345679012,0.6048148148148149,0.9120641041685034,0.08663045830307595,0.3841705024242401,26,0.044058610999598555
direct_2d_70,21,369,0.00531700288184438,,,39,0.6410256410256411,0.4917948717948717,0.9118146468431522,-0.018089323212506427,0.3842204511165619,34,0.6529411764705882
direct_2d_70,22,261,0.003760806916426513,,,19,0.5859649122807018,0.4368421052631579,0.931427023912731,0.14325927896844018,0.31671735644340515,-1,0.0
direct_2d_70,23,267,0.0038472622478386165,,,33,0.703030303030303,0.6163636363636363,0.9212796959010038,0.01130312267251418,0.6322876811027527,19,0.9097472924187726
direct_2d_70,24,340,0.004899135446685879,,,18,0.837037037037037,0.7888888888888889,0.9097170068158044,0.00895243870550544,0.41687455773353577,32,0.793010752688172
direct_2d_70,25,947,0.013645533141210375,,,81,0.7703703703703704,0.677530864197531,0.8741018286457768,0.09711439737883083,0.3389641046524048,18,0.8212341197822142
direct_2d_70,26,642,0.0092507204610951,,,48,0.7583333333333333,0.6729166666666666,0.9150510765612125,0.16284689751195625,0.34918317198753357,7,0.2191829484902309
direct_2d_70,27,870,0.012536023054755043,,,69,0.77487922705314,0.7107246376811595,0.9161995182866636,0.05508623123722854,0.25227445363998413,7,0.3034188034188034
direct_2d_70,28,855,0.012319884726224783,,,71,0.72018779342723,0.6230985915492957,0.8906510967603871,0.12466977981547374,0.3743912875652313,7,0.3003924366749911
direct_2d_70,29,485,0.0069884726224783865,,,45,0.6074074074074075,0.46133333333333326,0.9211523519621955,0.10622877013269516,0.2505473792552948,29,0.35255570117955437
direct_2d_70,30,1398,0.020144092219020172,,,111,0.8240240240240242,0.792072072072072,0.9181123955829723,0.06696332571626015,0.31241753697395325,33,0.8035111411208643
direct_2d_70,31,316,0.004553314121037464,,,28,0.5261904761904762,0.3742857142857143,0.9090294752802167,-0.11609704184882871,0.3753241300582886,31,0.5268817204301075
direct_2d_70,32,233,0.0033573487031700287,,,20,0.6866666666666668,0.588,0.9196085721254349,0.06235866397418256,0.5211340188980103,25,0.8142292490118577
direct_2d_70,33,452,0.006512968299711815,,,34,0.7098039215686276,0.6299999999999999,0.9366026012336507,0.10966506252646874,0.31417301297187805,9,0.7084188911704312
direct_2d_70,34,349,0.005028818443804034,,,24,0.41944444444444445,0.2516666666666667,0.8913893202940623,0.018936519178367167,0.18582792580127716,10,0.031313818924438394
direct_2d_70,35,212,0.0030547550432276655,,,16,0.6416666666666666,0.5362500000000001,0.950421180576086,0.015268641922611586,0.17835605144500732,35,0.38734177215189874
direct_2d_70,36,247,0.003559077809798271,,,20,0.5199999999999998,0.42399999999999993,0.9323938161134719,0.1456178524334864,0.25928810238838196,20,0.35276967930029157
direct_2d_70,37,2098,0.030230547550432276,,,184,0.8014492753623188,0.7672826086956522,0.8717704930383227,0.11046371025902793,0.28894349932670593,26,0.20557736836806603
direct_2d_70,38,280,0.004034582132564841,,,20,0.53,0.404,0.9032003045082092,-0.013715859345028125,0.38446807861328125,30,0.5701492537313433
direct_2d_70,39,414,0.005965417867435158,,,43,0.5441860465116278,0.43162790697674425,0.9037899374961853,0.10454114752200526,0.09912494570016861,21,0.6654205607476635
direct_2d_70,40,424,0.006109510086455331,,,38,0.6596491228070176,0.5405263157894735,0.9343387280639849,0.0012474937577941281,0.2992986738681793,36,0.12147078135259357
direct_2d_70,41,262,0.00377521613832853,,,16,0.7375,0.625,0.9344118982553482,0.12624176520287667,0.33203011751174927,27,0.05702066999287242
direct_2d_70,42,3075,0.04430835734870317,,,283,0.8047114252061249,0.7419787985865725,0.9206624513380098,0.11392715427535721,0.11384409666061401,38,0.5280934343434344
direct_2d_70,43,1141,0.01644092219020173,,,88,0.6704545454545454,0.5463636363636364,0.8591863045638258,0.08153680910297803,0.30360129475593567,26,0.10578081091930952
direct_2d_70,44,375,0.005403458213256484,,,37,0.6828828828828829,0.5605405405405406,0.8584760427474976,0.0720255030851814,0.365915447473526,26,0.03723188992310805
direct_2d_70,45,246,0.0035446685878962538,,,22,0.40303030303030307,0.30727272727272725,0.9142289026217028,0.10167290111517331,0.40638282895088196,39,0.09387055293613374
direct_2d_70,46,373,0.005374639769452449,,,31,0.6064516129032257,0.4619354838709678,0.9304123751578792,-0.04769592665145336,0.2334873527288437,27,0.07572540693559802
direct_2d_70,47,238,0.003429394812680115,,,21,0.4095238095238095,0.3190476190476191,0.9344720443089803,-0.09807571689691112,0.3055330216884613,37,0.4308510638297872
direct_2d_70,48,819,0.011801152737752162,,,60,0.6188888888888889,0.53,0.9160734415054321,-0.010648720806391709,0.2164122462272644,8,0.5634285714285714
direct_2d_70,49,3362,0.048443804034582136,,,296,0.8322072072072073,0.7862162162162162,0.9273066941548038,0.07161854526934444,0.08830543607473373,27,0.6471743399519965
direct_2d_70,50,742,0.01069164265129683,,,68,0.5813725490196078,0.4891176470588236,0.8949232127736596,0.026115586354637146,0.4705064296722412,10,0.6006711409395973
direct_2d_70,51,583,0.00840057636887608,,,45,0.674074074074074,0.5857777777777777,0.9185329476992289,0.01656894374549015,0.3608566224575043,28,0.6910569105691057
direct_2d_70,52,252,0.0036311239193083573,,,26,0.5538461538461539,0.4238461538461539,0.9137705816672399,-0.021431576922635108,0.3508874475955963,29,0.34060402684563756
direct_2d_70,53,675,0.009726224783861672,,,56,0.6904761904761906,0.6128571428571429,0.9320654730711665,0.01461368977053276,0.31319954991340637,41,0.4336734693877551
direct_2d_70,54,271,0.003904899135446686,,,21,0.47301587301587295,0.3428571428571428,0.8914763274646941,0.06338284072428688,0.1349165141582489,39,0.07419758232596915
direct_2d_70,55,204,0.0029394812680115273,,,16,0.38749999999999996,0.27249999999999996,0.9166945815086365,-0.15141215814961223,0.22154533863067627,39,0.06808510638297872
direct_2d_70,56,1027,0.014798270893371757,,,93,0.6480286738351255,0.5705376344086021,0.9144822160402933,0.11636365440447864,0.16352832317352295,39,0.3189552829442026
direct_2d_70,57,1054,0.015187319884726224,,,85,0.6792156862745097,0.6115294117647058,0.9180160319103914,0.08213869458823309,0.1680809110403061,40,0.3524720893141946
direct_2d_70,58,778,0.011210374639769453,,,65,0.8174358974358974,0.7341538461538462,0.9176941889982957,0.07848556997171452,0.27297571301460266,26,0.07593658487327072
direct_2d_70,59,215,0.0030979827089337177,,,15,0.43111111111111117,0.368,0.9136440475781759,0.10155357259932832,0.5341907143592834,26,0.017954407908008875
direct_2d_70,60,225,0.0032420749279538905,,,18,0.4444444444444444,0.31222222222222223,0.9165235128667619,0.10160114027539492,0.21094447374343872,40,0.11435997400909681
direct_2d_70,61,332,0.00478386167146974,,,21,0.48571428571428577,0.40380952380952373,0.9156337607474554,0.07952330201245505,0.2835095524787903,40,0.17095115681233933
direct_2d_70,62,3306,0.04763688760806917,,,304,0.69890350877193,0.6542763157894737,0.9210893460794499,0.04383848529708866,0.1162671223282814,36,0.4888888888888889
direct_2d_70,63,286,0.0041210374639769455,,,17,0.3058823529411765,0.18941176470588236,0.9257584915441626,-0.09205524934199995,0.10888289660215378,35,0.23412698412698413
direct_2d_70,64,379,0.005461095100864554,,,47,0.6354609929078014,0.5404255319148936,0.9056831217826681,0.16445593601274575,0.4586588442325592,26,0.0372168284789644
direct_2d_70,65,2569,0.03701729106628242,,,243,0.7626886145404665,0.7263374485596709,0.9172396995893721,0.09321368381963603,0.15661518275737762,26,0.23914774990043808
direct_2d_70,66,208,0.0029971181556195966,,,25,0.48266666666666674,0.3104,0.9255170083045959,-0.02237816644605813,0.3280216157436371,23,0.04310344827586207
direct_2d_70,67,1303,0.01877521613832853,,,137,0.7907542579075425,0.7527007299270073,0.9144633007745673,0.09066803585439541,0.31201037764549255,24,0.6270576131687243
direct_2d_70,68,429,0.006181556195965418,,,35,0.5200000000000001,0.38,0.9055078966276986,0.08754825385161462,0.19340263307094574,22,0.44933920704845814
direct_2d_70,69,1233,0.01776657060518732,,,82,0.6260162601626016,0.5543902439024391,0.9167379780513484,0.10520005453644651,0.12404205650091171,23,0.516840171463564
direct_2d_historical_params,0,235,0.0033861671469740634,,0.8214102453510845,19,1.0,0.9863157894736844,0.92634979360982,0.20779082823673198,0.49862992763519287,0,0.9194915254237288
direct_2d_historical_params,1,293,0.004221902017291067,,0.7826648636253893,23,0.8028985507246378,0.6443478260869565,0.810542415017667,-0.10323886954695997,0.4623410701751709,4,0.5623471882640587
direct_2d_historical_params,2,265,0.0038184438040345823,,0.8363652126150782,23,0.9478260869565218,0.8913043478260869,0.9250768293505129,-0.25068752176285347,0.09585108608007431,1,0.9214285714285714
direct_2d_historical_params,3,208,0.0029971181556195966,,0.808436239581554,21,0.8444444444444443,0.7647619047619048,0.8920197799092248,-0.2262754649115413,0.4647822380065918,18,0.14647377938517178
direct_2d_historical_params,4,411,0.005922190201729106,,0.666061760852119,36,0.7703703703703703,0.7061111111111111,0.8898911906613244,0.10359725910264278,0.262905091047287,2,0.7995594713656388
direct_2d_historical_params,5,311,0.004481268011527377,,0.7864372554076962,19,0.7999999999999999,0.7673684210526315,0.9130000754406578,0.00881796237235334,0.4277702867984772,32,0.8764705882352941
direct_2d_historical_params,6,554,0.007982708933717579,,0.7141129033460514,47,0.8028368794326239,0.7165957446808509,0.9011377857086507,0.09752065537536847,0.4187738597393036,13,0.8153846153846154
direct_2d_historical_params,7,161,0.002319884726224784,,0.994274870589018,16,0.8999999999999999,0.73,0.8302313052117825,0.2725963363179543,0.4290114939212799,4,0.001976284584980237
direct_2d_historical_params,8,161,0.002319884726224784,,0.9940906937538937,6,0.6777777777777777,0.6333333333333333,0.8935602307319641,0.09882846949294201,0.5965513586997986,16,0.35933806146572106
direct_2d_historical_params,9,235,0.0033861671469740634,,0.8367718703799026,30,0.8377777777777778,0.7833333333333333,0.9126666426658631,0.018336129382543066,0.4895218312740326,16,0.548926014319809
direct_2d_historical_params,10,197,0.0028386167146974063,,0.9592494568257404,19,0.6421052631578948,0.5242105263157896,0.8987327374910054,0.11208833971466503,0.34012141823768616,11,0.6023622047244095
direct_2d_historical_params,11,194,0.0027953890489913545,,0.9603421561240936,10,0.5133333333333334,0.32399999999999995,0.8829299151897431,0.05328330238835853,0.44758638739585876,6,0.6127946127946128
direct_2d_historical_params,12,799,0.011512968299711816,,0.6284761086475429,64,0.7395833333333333,0.66125,0.9310410674661398,0.12383270090824752,0.3310158848762512,9,0.45376078914919854
direct_2d_historical_params,13,562,0.008097982708933717,,0.8063131524181396,51,0.7751633986928104,0.6721568627450981,0.8861969545775769,-0.04848211222713138,0.5073738694190979,5,0.196113074204947
direct_2d_historical_params,14,968,0.013948126801152738,,0.7759783032069878,76,0.6912280701754385,0.6139473684210527,0.8840647833911996,0.14017730016328425,0.3266353905200958,5,0.33532934131736525
direct_2d_historical_params,15,245,0.0035302593659942362,,0.9699604009013674,20,0.6933333333333334,0.635,0.8753666430711746,0.19338846537838078,0.5350416898727417,5,0.08601769911504424
direct_2d_historical_params,16,1251,0.01802593659942363,,0.9164307421384115,125,0.8133333333333334,0.75456,0.8847211885452271,0.10907963172541664,0.28289133310317993,14,0.48472983555207516
direct_2d_historical_params,17,1092,0.01573487031700288,,0.7214591202357596,95,0.632280701754386,0.536,0.8905815871138322,-0.03762139422728208,0.49670514464378357,10,0.7093111279333838
direct_2d_historical_params,18,416,0.005994236311239193,,0.9307621927754306,44,0.6590909090909091,0.4890909090909092,0.9055714417587627,0.18399797916050614,0.05718696117401123,21,0.7718253968253969
direct_2d_historical_params,19,1688,0.024322766570605187,,0.9073766358461473,148,0.8027027027027028,0.7470270270270271,0.8989742615738431,0.1390971418721741,0.2563788592815399,3,0.8732095490716181
direct_2d_historical_params,20,2858,0.04118155619596542,,0.956300922424815,246,0.805149051490515,0.7455284552845529,0.8873044543149995,0.16068652639327413,0.3272567093372345,7,0.8933959101575595
direct_2d_historical_params,21,186,0.0026801152737752163,,0.9854867789704839,19,0.5543859649122808,0.3568421052631579,0.9069737227339494,0.09343102922525921,0.33309414982795715,18,0.0008032128514056225
direct_2d_historical_params,22,213,0.003069164265129683,,0.9726782503129658,16,0.6708333333333334,0.55,0.9202780425548553,0.06801230582334979,0.5329402089118958,7,0.00033311125916055963
direct_2d_historical_params,23,225,0.0032420749279538905,,0.9499652863438094,15,0.5733333333333334,0.48933333333333334,0.9051372090975444,0.13176874533162639,0.28593531250953674,15,0.5373665480427047
direct_2d_historical_params,24,272,0.003919308357348703,,0.9576541486688555,20,0.5899999999999999,0.378,0.9196801304817199,-0.07263102114160461,0.2599041163921356,35,0.0016474464579901153
direct_2d_historical_params,25,456,0.006570605187319885,,0.8538571690939012,33,0.6060606060606062,0.4993939393939393,0.9438065434947158,0.02959966142011059,0.3324066400527954,35,0.44789762340036565
direct_2d_historical_params,26,2031,0.029265129682997118,,0.8890660801538858,176,0.8056818181818183,0.7677272727272727,0.8721350621093403,0.11003920053330683,0.30260953307151794,26,0.20040322580645162
direct_2d_historical_params,27,222,0.003198847262247839,,0.9514909269893465,21,0.6571428571428571,0.5704761904761904,0.920386308715457,0.0660371222578265,0.6138821244239807,25,0.7707509881422925
direct_2d_historical_params,28,233,0.0033573487031700287,,0.9807160899041165,22,0.6090909090909091,0.44909090909090904,0.8939659622582522,0.055463261614712274,0.26780152320861816,18,0.16172506738544473
direct_2d_historical_params,29,325,0.004682997118155619,,0.9379169936508676,26,0.6794871794871794,0.5484615384615384,0.9003913333782783,0.08180034975278454,0.2299746721982956,18,0.29560336763330214
direct_2d_historical_params,30,593,0.008544668587896254,,0.6769934342293066,48,0.6611111111111111,0.555,0.9070185944437981,-0.20114554431646245,0.3159356415271759,8,0.4792746113989637
direct_2d_historical_params,31,1289,0.018573487031700288,,0.9492702913150138,128,0.8072916666666667,0.763125,0.9155198181979358,0.06498395611604968,0.32141372561454773,24,0.6148717948717949
direct_2d_historical_params,32,271,0.003904899135446686,,0.883770660060305,28,0.6357142857142858,0.5507142857142858,0.8660505967480796,0.1433661683747094,0.39125147461891174,26,0.027125506072874495
direct_2d_historical_params,33,714,0.010288184438040346,,0.8434360522282773,51,0.5738562091503268,0.4278431372549019,0.8729753178708693,0.08010489820289551,0.34071770310401917,17,0.4726443768996961
direct_2d_historical_params,34,368,0.005302593659942363,,0.931092301737213,32,0.53125,0.405625,0.867758771404624,-0.011978981612496805,0.3961615264415741,26,0.027582748244734202
direct_2d_historical_params,35,242,0.0034870317002881845,,0.8912636905424077,25,0.6506666666666667,0.5568,0.9151089477539063,0.02066522743187745,0.19924771785736084,17,0.18321226795803067
direct_2d_historical_params,36,250,0.0036023054755043226,,0.9435035379339554,23,0.5565217391304348,0.42608695652173906,0.9154525165972502,0.0011393265573159562,0.37837740778923035,31,0.6959459459459459
direct_2d_historical_params,37,1216,0.017521613832853025,,0.7826062671521705,85,0.8643137254901959,0.831529411764706,0.9239237497834598,0.059333203492148094,0.3102259337902069,33,0.7984104046242775
direct_2d_historical_params,38,315,0.0045389048991354465,,0.950973933711077,27,0.7407407407407409,0.5407407407407407,0.9211984387150517,-0.017804128021401282,0.344619482755661,29,0.2583941605839416
direct_2d_historical_params,39,3296,0.04749279538904899,,0.9218786838410065,254,0.7173228346456694,0.6670078740157481,0.9059201417945502,0.11698444152611734,0.17725272476673126,23,0.35522388059701493
direct_2d_historical_params,40,253,0.003645533141210375,,0.8825779377166478,28,0.7690476190476191,0.6671428571428571,0.926145362002509,0.022086826503928177,0.645568311214447,19,0.8458781362007168
direct_2d_historical_params,41,328,0.004726224783861671,,0.832130864002826,23,0.7188405797101448,0.5843478260869567,0.9214544451755026,0.04952266586576139,0.3068850338459015,28,0.4412191582002903
direct_2d_historical_params,42,301,0.004337175792507204,,0.9938495698028822,24,0.5555555555555555,0.4041666666666666,0.9066775167981783,-0.26235393373608107,0.3803606331348419,29,0.23795620437956205
direct_2d_historical_params,43,3881,0.05592219020172911,,0.927210509215851,357,0.7374416433239962,0.6775910364145658,0.9188454551857059,0.0067876391110349935,0.20278503000736237,36,0.5314171122994652
direct_2d_historical_params,44,197,0.0028386167146974063,,0.9988758595629124,16,0.44999999999999996,0.36625,0.9046187698841095,-0.21588579822118656,0.49819111824035645,30,0.610909090909091
direct_2d_historical_params,45,475,0.006844380403458214,,0.8506121720332951,50,0.584,0.45559999999999995,0.909100980758667,0.026753124816058706,0.3506876528263092,34,0.4645061728395062
direct_2d_historical_params,46,3170,0.045677233429394816,,0.9703585536237732,280,0.7954761904761904,0.7492857142857143,0.9264936664274761,0.027896213636743862,0.10468593239784241,27,0.6155028546332895
direct_2d_historical_params,47,466,0.0067146974063400575,,0.9141130331963456,32,0.5291666666666666,0.386875,0.9274846091866493,-0.0789004551776835,0.25281020998954773,37,0.45351043643263755
direct_2d_historical_params,48,493,0.007103746397694524,,0.8254314148506908,41,0.5577235772357723,0.4478048780487805,0.8940528834738383,0.030304150673510628,0.3207414448261261,26,0.04346951096800161
direct_2d_historical_params,49,412,0.005936599423631124,,0.9366355509354372,34,0.5588235294117647,0.4247058823529412,0.9099821711287779,-0.05878954248187972,0.39247116446495056,26,0.0264365522745411
direct_2d_historical_params,50,297,0.004279538904899135,,0.9116038395112678,31,0.6451612903225806,0.5658064516129032,0.9177446999857503,-0.052132002975321896,0.46601271629333496,26,0.028507885159725032
direct_2d_historical_params,51,250,0.0036023054755043226,,0.9907656612729181,24,0.4527777777777778,0.3083333333333333,0.9208374122778574,0.04416144504542272,0.4639945924282074,39,0.06102117061021171
direct_2d_historical_params,52,761,0.010965417867435158,,0.9409974901214052,73,0.7068493150684931,0.6526027397260274,0.9126627273755531,0.06710061158201114,0.31309548020362854,26,0.07270343853988101
direct_2d_historical_params,53,217,0.0031268011527377524,,0.973779360837229,22,0.49999999999999994,0.37000000000000005,0.9160554029724814,0.14487229545243197,0.2701103985309601,40,0.11495754408883083
direct_2d_historical_params,54,272,0.003919308357348703,,0.9567441170987145,21,0.4825396825396825,0.40761904761904766,0.9166875680287679,0.09514609633407013,0.3295554518699646,40,0.14788273615635178
direct_2d_historical_params,55,1104,0.01590778097982709,,0.8036001850995629,96,0.6750000000000002,0.5827083333333333,0.9155368761469921,0.11912581871689354,0.18968354165554047,39,0.34463722397476343
direct_2d_historical_params,56,396,0.005706051873198848,,0.9652949010213016,27,0.5234567901234567,0.3903703703703704,0.886836138036516,-0.04327344185522894,0.3311195373535156,39,0.12162723121627231
direct_2d_historical_params,57,1287,0.018544668587896253,,0.8207983149782305,123,0.7739837398373984,0.7271544715447154,0.937398621221868,0.0961746024500601,0.1513843685388565,38,0.5867983367983368
direct_2d_historical_params,58,300,0.004322766570605188,,0.9895029682026736,25,0.46666666666666673,0.3624,0.9184351515769958,-0.07403657258680078,0.4489626884460449,38,0.10304324612920449
direct_2d_historical_params,59,712,0.01025936599423631,,0.8557443051177835,64,0.621875,0.55375,0.9176806807518005,0.07063909397837392,0.19748325645923615,40,0.3467889908256881
direct_2d_historical_params,60,659,0.009495677233429395,,0.8087402388010626,51,0.7163398692810458,0.6498039215686274,0.9322561352860694,0.04410658604063087,0.30707696080207825,41,0.4205128205128205
direct_2d_historical_params,61,2051,0.029553314121037465,,0.9433154092475893,177,0.752919020715631,0.7181920903954802,0.9218583635691195,0.11069677083570165,0.20357364416122437,26,0.19722975007527854
direct_2d_historical_params,62,261,0.003760806916426513,,0.9222235705081854,34,0.6470588235294118,0.54,0.9106408462804907,0.17015969269906459,0.5264196991920471,26,0.025490592757434757
historical_display_2d_104,0,220,0.003170028818443804,,0.931058030195135,21,0.5746031746031746,0.4323809523809523,0.8648891761189416,0.01664510870518082,0.33084169030189514,5,0.0680940680940681
historical_display_2d_104,1,274,0.003948126801152738,,0.9395990544543985,17,0.5019607843137255,0.3729411764705882,0.8327034045668209,-0.5671679536342602,0.3944762647151947,16,0.18416523235800344
historical_display_2d_104,2,218,0.0031412103746397695,,0.9273919186542394,18,0.6777777777777777,0.5877777777777777,0.9289437433083853,0.10574376695929266,0.17890751361846924,28,0.31988041853512705
historical_display_2d_104,3,161,0.002319884726224784,,1.0,10,0.44000000000000006,0.26,0.8985173106193542,-0.2558747881560293,0.33855292201042175,18,0.08920606601248884
historical_display_2d_104,4,180,0.0025936599423631124,,1.0,18,0.7296296296296296,0.5788888888888889,0.8261386752128601,0.030950959493064194,0.3894936144351959,26,9.94431185361973e-05
historical_display_2d_104,5,200,0.002881844380403458,,0.9890632448955325,17,0.596078431372549,0.34352941176470586,0.872123609570896,-0.3011803522795388,0.46644270420074463,3,0.012890431333663858
historical_display_2d_104,6,258,0.0037175792507204613,,0.8453416219303306,18,0.5629629629629629,0.2822222222222222,0.8560535907745361,-0.26878601088354376,0.4170660972595215,10,0.08702290076335878
historical_display_2d_104,7,407,0.005864553314121037,,0.8519392387163888,36,0.7462962962962963,0.6461111111111112,0.9126960734526316,0.12635250371698517,0.332624226808548,13,0.6015503875968993
historical_display_2d_104,8,328,0.004726224783861671,,0.7082215444611442,34,0.5196078431372549,0.41294117647058826,0.9237132282818065,-0.0011429520896200911,0.2399207502603531,3,0.0004608294930875576
historical_display_2d_104,9,151,0.002175792507204611,,0.9999862708430217,19,0.5157894736842106,0.3052631578947369,0.8285594143365559,-0.42879702411166604,0.3476227819919586,26,0.0052125100240577385
historical_display_2d_104,10,280,0.004034582132564841,,0.6963744346903666,20,0.5133333333333333,0.362,0.9065423786640168,-0.20111978143648526,0.2145909070968628,26,0.016818500350385426
historical_display_2d_104,11,231,0.003328530259365994,,0.7694612201422196,15,0.4400000000000001,0.2546666666666667,0.7735141197840373,-0.15877329093343964,0.18972504138946533,5,0.052015156734412676
historical_display_2d_104,12,564,0.008126801152737752,,0.9921879481661111,51,0.764705882352941,0.6533333333333333,0.8845075742871154,-0.035674068952241754,0.39346814155578613,5,0.19893805309734514
historical_display_2d_104,13,257,0.0037031700288184437,,0.8232438724860005,30,0.8711111111111111,0.8100000000000002,0.9116411924362182,0.03409436136747603,0.4776616096496582,16,0.6091127098321343
historical_display_2d_104,14,230,0.003314121037463977,,0.9419775040676501,16,0.7708333333333333,0.64375,0.9217131249606609,-0.15224732256377946,0.45195677876472473,39,0.006349206349206349
historical_display_2d_104,15,383,0.005518731988472622,,0.8443282183865753,29,0.489655172413793,0.3979310344827586,0.8925970340597218,0.020331748240047024,0.42611804604530334,26,0.02846832397754611
historical_display_2d_104,16,243,0.0035014409221902016,,0.777916122824107,28,0.7523809523809524,0.527142857142857,0.8890462645462581,-0.0788762957442594,0.39589110016822815,26,0.018621036738802214
historical_display_2d_104,17,341,0.004913544668587897,,0.8262141295900186,34,0.6509803921568628,0.5529411764705883,0.8610545957789701,0.11911409514667892,0.3781769573688507,26,0.033582844426461665
historical_display_2d_104,18,181,0.00260806916426513,,0.9645861854848695,19,0.6842105263157895,0.6168421052631579,0.9275073503193102,0.211432866889007,0.4826163947582245,19,0.6654135338345865
historical_display_2d_104,19,272,0.003919308357348703,,0.846223280922176,28,0.4833333333333333,0.31928571428571434,0.8696251213550568,-0.036021958542162225,0.1943025439977646,17,0.08641975308641975
historical_display_2d_104,20,160,0.0023054755043227667,,1.0,17,0.3450980392156863,0.21411764705882352,0.8889689024756936,-0.33118728249943385,0.23528970777988434,3,0.03997923156801662
historical_display_2d_104,21,260,0.0037463976945244955,,0.8085284655940526,26,0.7564102564102565,0.6423076923076922,0.8818090397578019,-0.0697752314526458,0.163987398147583,1,0.6102719033232629
historical_display_2d_104,22,242,0.0034870317002881845,,0.8396781768836802,23,0.9188405797101449,0.8556521739130435,0.8860102114470109,0.22876794737365455,0.5267181396484375,0,0.8930041152263375
historical_display_2d_104,23,400,0.005763688760806916,,0.7352457054692897,41,0.6373983739837399,0.4902439024390243,0.9178166636606542,0.04999470051450128,0.36373183131217957,34,0.4689075630252101
historical_display_2d_104,24,222,0.003198847262247839,,0.8711246464349331,22,0.47878787878787876,0.38727272727272727,0.9117317037148909,-0.0876037170470597,0.03738545626401901,21,0.36257309941520466
historical_display_2d_104,25,224,0.003227665706051873,,0.9998573756252033,20,0.5533333333333333,0.379,0.8782191842794418,0.165295873594254,0.22924701869487762,21,0.19829059829059828
historical_display_2d_104,26,289,0.004164265129682997,,0.7285321117826585,19,0.7087719298245613,0.5705263157894737,0.9065741520178946,0.05666157024952105,0.21276837587356567,15,0.6813559322033899
historical_display_2d_104,27,283,0.004077809798270894,,1.0,30,0.6044444444444443,0.4626666666666667,0.8697128415107727,-0.26546593668159013,0.2534884512424469,2,0.25272727272727274
historical_display_2d_104,28,422,0.006080691642651297,,0.8405168307894388,45,0.5481481481481482,0.4471111111111111,0.848584794998169,0.12126097079458634,0.2110668271780014,18,0.3103448275862069
historical_display_2d_104,29,201,0.0028962536023054756,,0.9779827740447388,23,0.5217391304347826,0.36869565217391304,0.9287808381992838,0.104449748365479,0.16504044830799103,27,0.03588290840415486
historical_display_2d_104,30,305,0.004394812680115274,,0.866129702594806,32,0.5979166666666667,0.468125,0.9068828392773867,-0.03349831971834884,0.5353052616119385,25,0.7352941176470589
historical_display_2d_104,31,2226,0.03207492795389049,,0.9645523108640554,191,0.8111692844677139,0.7716230366492148,0.8713821943517754,0.15577773093852465,0.24073797464370728,26,0.2158931082981716
historical_display_2d_104,32,368,0.005302593659942363,,0.8985070626860281,23,0.7333333333333334,0.5878260869565218,0.9132017130437105,-0.35010439836583684,0.4323458969593048,27,0.035227272727272725
historical_display_2d_104,33,725,0.010446685878962535,,0.87895409341552,66,0.7656565656565655,0.7275757575757577,0.9175156436183236,0.2070862787361494,0.2156888097524643,3,0.3873581847649919
historical_display_2d_104,34,264,0.003804034582132565,,0.73553815657112,15,0.6355555555555555,0.4053333333333333,0.8884445190429687,-0.27048071000883683,0.3930574953556061,28,0.1759493670886076
historical_display_2d_104,35,448,0.006455331412103746,,0.7777897679928356,33,0.7212121212121212,0.6103030303030303,0.9246033682967677,0.12060544009830697,0.30761465430259705,27,0.0939343875383526
historical_display_2d_104,36,527,0.007593659942363112,,0.7622321915845865,43,0.5674418604651161,0.41813953488372085,0.8868977191836335,0.09769763643480614,0.21939386427402496,3,0.2735088662009672
historical_display_2d_104,37,206,0.002968299711815562,,0.9951066007839644,18,0.674074074074074,0.5744444444444444,0.9507204426659478,0.030683927332992925,0.24073581397533417,36,0.06493506493506493
historical_display_2d_104,38,306,0.004409221902017291,,0.8742883731751678,16,0.5499999999999999,0.33625,0.8808362260460854,-0.058336635745636446,0.31421568989753723,6,0.8184615384615385
historical_display_2d_104,39,216,0.003112391930835735,,0.8719866911888351,16,0.7333333333333334,0.62875,0.9580677375197411,-0.17824091040129023,0.20131967961788177,35,0.47989276139410186
historical_display_2d_104,40,617,0.008890489913544668,,0.8391121309106397,49,0.5251700680272108,0.42040816326530617,0.8979248209875457,0.041003640818439865,0.1990218609571457,39,0.14582516660133282
historical_display_2d_104,41,271,0.003904899135446686,,0.9998561987263852,27,0.42962962962962964,0.2674074074074074,0.8748704018416228,-0.19196510326604654,0.12408328801393509,2,0.20677361853832443
historical_display_2d_104,42,544,0.007838616714697407,,0.8513952638395059,38,0.756140350877193,0.6321052631578948,0.9342862461742601,0.06530806291855325,0.21692264080047607,9,0.6296296296296297
historical_display_2d_104,43,527,0.007593659942363112,,0.8104066276276102,37,0.6630630630630631,0.5605405405405405,0.8689924559077701,0.12696989966854538,0.22738033533096313,5,0.18584070796460178
historical_display_2d_104,44,277,0.003991354466858789,,0.8673909470963175,19,0.6456140350877193,0.5189473684210526,0.9016081345708746,0.12795893245532625,0.20628143846988678,18,0.25187265917602997
historical_display_2d_104,45,219,0.0031556195965417866,,0.9402248284517641,13,0.758974358974359,0.7323076923076923,0.9196160389826848,-0.15373413752711476,0.4715496599674225,32,0.6445783132530121
historical_display_2d_104,46,205,0.002953890489913545,,0.9978112298564283,21,0.5428571428571429,0.34761904761904755,0.9008188645044962,-0.0776564684414863,0.2329450100660324,18,0.013621794871794872
historical_display_2d_104,47,614,0.008847262247838618,,0.8727171811068022,41,0.6260162601626016,0.5209756097560975,0.9186683631524807,0.12452394016424619,0.15737156569957733,8,0.39951865222623345
historical_display_2d_104,48,169,0.0024351585014409224,,0.9921900027688222,9,0.6518518518518519,0.40444444444444444,0.9314352671305338,0.05732895417523992,0.5340635776519775,39,0.0514018691588785
historical_display_2d_104,49,291,0.0041930835734870315,,0.7005499947907511,31,0.4623655913978495,0.35290322580645167,0.8807657053393703,0.07481201821039908,0.18419276177883148,5,0.09996467679265278
historical_display_2d_104,50,168,0.002420749279538905,,0.9671411669748781,13,0.5948717948717949,0.44461538461538463,0.8933569147036626,0.2600386335981171,0.3045431971549988,5,0.05614406779661017
historical_display_2d_104,51,343,0.004942363112391931,,0.9218465451123368,29,0.7425287356321839,0.6724137931034483,0.9416103835763603,0.1327338694596439,0.28572097420692444,41,0.5776892430278885
historical_display_2d_104,52,374,0.005389048991354467,,0.6439651940533886,33,0.4505050505050505,0.3212121212121212,0.8796747254602837,-0.1093674835521276,0.14920778572559357,8,0.15087281795511223
historical_display_2d_104,53,314,0.004524495677233429,,0.8635338664956927,30,0.6866666666666666,0.572,0.9075563093026479,0.12297765963798563,0.16711793839931488,17,0.23434991974317818
historical_display_2d_104,54,822,0.011844380403458213,,0.7866907149223602,57,0.5929824561403508,0.4631578947368421,0.8685365727073268,0.049143827770999404,0.22469083964824677,17,0.5429864253393665
historical_display_2d_104,55,178,0.0025648414985590777,,0.9476198466901888,17,0.5725490196078431,0.39764705882352946,0.938172764637891,0.07913946793331086,0.26405462622642517,36,0.034595300261096605
historical_display_2d_104,56,261,0.003760806916426513,,0.8882116663685559,30,0.43555555555555553,0.24533333333333332,0.8883775174617767,-0.35364464154540615,0.34344205260276794,19,0.1127659574468085
historical_display_2d_104,57,249,0.0035878962536023055,,0.991679165936103,17,0.5058823529411763,0.35058823529411764,0.9080046169898089,-0.23815980599490522,0.5133851170539856,38,0.04188210961737332
historical_display_2d_104,58,1617,0.02329971181556196,,0.944707648885879,156,0.8474358974358975,0.8082051282051281,0.9127905238897372,0.074568938948602,0.2758958339691162,24,0.6837772397094432
historical_display_2d_104,59,537,0.007737752161383286,,0.7158680577619781,39,0.6222222222222223,0.5046153846153846,0.8888439138730367,0.11528402202084938,0.1766316443681717,5,0.18226600985221675
historical_display_2d_104,60,336,0.00484149855907781,,0.6927601854423036,35,0.5257142857142857,0.36800000000000005,0.913470356804984,0.25492451946080286,0.2656727135181427,36,0.010935601458080195
historical_display_2d_104,61,881,0.012694524495677234,,0.7338857385832236,87,0.7088122605363986,0.646896551724138,0.8938782448056101,0.04694414313208764,0.1991988867521286,14,0.6623093681917211
historical_display_2d_104,62,185,0.0026657060518731988,,0.9831508967902295,17,0.6392156862745099,0.49058823529411766,0.890302861438078,0.02718290596853403,0.45857930183410645,13,0.26127527216174184
historical_display_2d_104,63,3379,0.04868876080691643,,0.9438628355486948,259,0.7541827541827542,0.7084169884169885,0.9076823534652533,0.10162442470382221,0.09717827290296555,23,0.33844817602779387
historical_display_2d_104,64,256,0.0036887608069164266,,0.9614349910010107,14,0.48095238095238096,0.3485714285714286,0.9212763139179775,0.08560486038975221,0.1664169430732727,3,0.002387774594078319
historical_display_2d_104,65,333,0.004798270893371758,,0.7164776125932947,23,0.6521739130434784,0.548695652173913,0.9390118614487026,-0.06783965560126,0.2811742126941681,27,0.0004426737494466578
historical_display_2d_104,66,1854,0.026714697406340058,,0.9605026073431291,148,0.8,0.7256756756756757,0.8926661425345653,0.17710649999585457,0.2898530662059784,7,0.5367306419589676
historical_display_2d_104,67,309,0.004452449567723343,,0.8239150604472593,28,0.911904761904762,0.8221428571428572,0.9290012802396502,-0.007870967925841743,0.3972192108631134,12,0.9386503067484663
historical_display_2d_104,68,2646,0.038126801152737755,,0.9125453815480163,258,0.7754521963824289,0.7237209302325581,0.9224235833615295,0.10999915693728496,0.0682658776640892,38,0.5695482034863039
historical_display_2d_104,69,263,0.0037896253602305477,,0.9832962211876681,21,0.6952380952380953,0.5904761904761905,0.9333116894676572,0.10214577305598631,0.29694998264312744,3,0.14084507042253522
historical_display_2d_104,70,383,0.005518731988472622,,0.8790424897419276,31,0.26236559139784943,0.18516129032258064,0.9052692036474904,-0.10074353653898298,0.12495835870504379,35,0.19833333333333333
historical_display_2d_104,71,154,0.0022190201729106627,,0.9995796805798205,16,0.375,0.24375,0.8874659985303879,-0.009244781030957749,0.38417449593544006,10,0.0891089108910891
historical_display_2d_104,72,256,0.0036887608069164266,,0.8422066653383201,21,0.6793650793650795,0.5152380952380953,0.930319417090643,-0.13841320500335275,0.19996792078018188,29,0.29516129032258065
historical_display_2d_104,73,261,0.003760806916426513,,0.9644630009072542,15,0.48888888888888893,0.38266666666666665,0.9326707402865092,-0.10096446736583828,0.20072631537914276,27,0.023234414538762366
historical_display_2d_104,74,213,0.003069164265129683,,0.9795989122143697,24,0.6222222222222222,0.48666666666666664,0.9235932330290476,0.13281120272403116,0.2103990763425827,29,0.32867132867132864
historical_display_2d_104,75,1169,0.016844380403458214,,0.8785215759744871,91,0.698901098901099,0.6252747252747254,0.9113032667191474,0.06149370840666671,0.1731233447790146,7,0.3205470313542362
historical_display_2d_104,76,162,0.0023342939481268013,,0.9991269105492833,15,0.4755555555555555,0.3,0.9207566301027934,-0.06454017420089442,0.18315474689006805,35,0.002012072434607646
historical_display_2d_104,77,609,0.00877521613832853,,0.78625397715519,36,0.49074074074074076,0.39444444444444443,0.9341617839203941,0.02601737063927373,0.11554253101348877,37,0.39631336405529954
historical_display_2d_104,78,446,0.006426512968299712,,0.8116461369663336,40,0.3783333333333333,0.2875,0.8924144849181175,-0.15645515206759256,0.10165229439735413,24,0.032691446484549934
historical_display_2d_104,79,1368,0.019711815561959653,,0.8747537926251345,126,0.7174603174603174,0.6312698412698412,0.9277489138027978,0.1059974387910059,0.0890699028968811,27,0.22681095406360424
historical_display_2d_104,80,795,0.011455331412103746,,0.7128142982118131,68,0.596078431372549,0.49764705882352933,0.8973578503903221,-0.02270815748279471,0.34534502029418945,10,0.5700560448358687
historical_display_2d_104,81,189,0.002723342939481268,,0.9864584713003981,18,0.4296296296296297,0.32000000000000006,0.9220837851365408,-0.137972640870161,0.05754254385828972,21,0.13651877133105803
historical_display_2d_104,82,212,0.0030547550432276655,,0.9744428629778973,15,0.6311111111111111,0.56,0.9059811194737752,0.03615581485808205,0.2753501832485199,11,0.4859154929577465
historical_display_2d_104,83,2059,0.029668587896253602,,0.9636928333847237,187,0.7208556149732621,0.658716577540107,0.9024544045886892,0.08727506423344016,0.15001271665096283,40,0.6530041918956684
historical_display_2d_104,84,302,0.004351585014409222,,0.9792220526417823,26,0.5051282051282052,0.4030769230769231,0.9323151272076827,-0.15692417063955955,0.34701645374298096,28,0.34305555555555556
historical_display_2d_104,85,2336,0.03365994236311239,,0.9875901214346602,207,0.7107890499194847,0.6373913043478261,0.9117184007801296,0.06572854293760251,0.0668710246682167,27,0.38905451448040884
historical_display_2d_104,86,226,0.0032564841498559077,,0.9235239705841967,19,0.5578947368421051,0.40736842105263166,0.9367205281006662,0.096843294464876,0.15097039937973022,27,0.05021418372203713
historical_display_2d_104,87,685,0.009870317002881844,,0.884089147900009,57,0.6690058479532164,0.5859649122807017,0.9086114816498339,0.07794016250950798,0.20617395639419556,26,0.058634860178410346
historical_display_2d_104,88,1608,0.023170028818443805,,0.9521409742635666,131,0.6575063613231552,0.6103816793893131,0.9117879462606124,0.14097700920347278,0.11132196336984634,39,0.3482604202549087
historical_display_2d_104,89,378,0.005446685878962536,,0.9289326592743995,30,0.52,0.4026666666666667,0.9095658520857494,0.07763493749244434,0.36308225989341736,39,0.1282051282051282
historical_display_2d_104,90,212,0.0030547550432276655,,0.962082673513864,16,0.4875,0.28375,0.9048587866127491,-0.03865371001255284,0.20271511375904083,30,0.26519337016574585
historical_display_2d_104,91,382,0.0055043227665706055,,0.7356989090008701,40,0.3983333333333333,0.3055,0.9132691919803619,-0.01165327964348243,0.1728486567735672,39,0.06878727634194831
historical_display_2d_104,92,256,0.0036887608069164266,,0.9531976793247774,20,0.6666666666666667,0.5160000000000001,0.9201966762542725,-0.009769376604200892,0.42792877554893494,31,0.8273381294964028
historical_display_2d_104,93,1399,0.02015850144092219,,0.9799977566922893,107,0.8062305295950156,0.7839252336448598,0.9186389741496505,0.06471476320564225,0.24065391719341278,33,0.8301369863013699
historical_display_2d_104,94,487,0.007017291066282421,,0.9087006884089388,53,0.6503144654088049,0.531320754716981,0.9296816430001889,0.05262014806688726,0.23156166076660156,20,0.408
historical_display_2d_104,95,481,0.006930835734870317,,0.9136482403791364,34,0.4784313725490196,0.36235294117647054,0.861812091925565,0.09121093390074271,0.1810023933649063,26,0.03943803311590567
historical_display_2d_104,96,325,0.004682997118155619,,0.8701412420054794,25,0.6186666666666667,0.43920000000000003,0.8929658317565918,0.06548723609200738,0.3120303153991699,26,0.031129977764301597
historical_display_2d_104,97,366,0.005273775216138328,,0.9064137904438889,32,0.6083333333333334,0.5387500000000001,0.920506177470088,0.04070994074347654,0.24812602996826172,26,0.03308119011598588
historical_display_2d_104,98,202,0.0029106628242074927,,0.9704714598193732,17,0.21960784313725493,0.1635294117647059,0.9030651695588056,0.08018010651159438,0.06617560982704163,26,0.010324779470729751
historical_display_2d_104,99,4747,0.06840057636887609,,0.984240950366138,443,0.7215951843491346,0.6845598194130925,0.9171056316883784,0.04094849822763171,0.06262049823999405,36,0.44249767008387697
historical_display_2d_104,100,2197,0.03165706051873199,,0.9619466848004121,216,0.7092592592592593,0.6598148148148147,0.9194330942851526,0.10371054140389968,0.10557925701141357,26,0.19520886953078598
historical_display_2d_104,101,391,0.005634005763688761,,0.8938054814474551,29,0.37701149425287356,0.3075862068965517,0.9071768028982754,0.10491989954497104,0.19929111003875732,26,0.0337259639585221
historical_display_2d_104,102,256,0.0036887608069164266,,0.9932853243397467,24,0.40277777777777773,0.3458333333333334,0.9164998879035314,0.0631181003135576,0.35412833094596863,26,0.02239935425285037
historical_display_2d_104,103,396,0.005706051873198848,,0.8986833510210068,41,0.5056910569105691,0.3585365853658537,0.9158869502021045,0.06980684285202653,0.1770155280828476,26,0.035062972292191436
