finalist,repeat,knn50_purity
current_30d_42,0,0.05074020319303338
current_30d_42,1,0.05032845840326061
current_30d_42,2,0.049065827686350434
current_30d_42,3,0.04899713467048711
current_30d_42,4,0.05161321206318813
current_30d_42,5,0.0509592384671711
current_30d_42,6,0.05068037200195791
current_30d_42,7,0.050667311411992266
current_30d_42,8,0.04945848375451264
current_30d_42,9,0.05207519884309472
current_30d_42,10,0.049820736434108524
current_30d_42,11,0.05018940302085831
current_30d_42,12,0.04894711538461539
current_30d_42,13,0.050622586872586875
current_30d_42,14,0.051
current_30d_42,15,0.0520666344760985
current_30d_42,16,0.05032888465204957
current_30d_42,17,0.05062804284323272
current_30d_42,18,0.05067139479905437
current_30d_42,19,0.04900024324981756
current_30d_42,20,0.05036046789209835
current_30d_42,21,0.050281086231538825
current_30d_42,22,0.050406543180178016
current_30d_42,23,0.050913450011987535
current_30d_42,24,0.05090205562273277
current_30d_42,25,0.05122385188747295
current_30d_42,26,0.04909963985594238
current_30d_42,27,0.051560386473429955
current_30d_42,28,0.05245219885277247
current_30d_42,29,0.04991588560442201
current_30d_42,30,0.050596624673163774
current_30d_42,31,0.051489565843127846
current_30d_42,32,0.050065170166545984
current_30d_42,33,0.04913147792706334
current_30d_42,34,0.04969360675512666
current_30d_42,35,0.050183551847437426
current_30d_42,36,0.050463228271251194
current_30d_42,37,0.05150975198651577
current_30d_42,38,0.05061668681983071
current_30d_42,39,0.050518662142510905
current_30d_42,40,0.05174503150751333
current_30d_42,41,0.050883054892601434
current_30d_42,42,0.05160047562425684
current_30d_42,43,0.049973728206353
current_30d_42,44,0.05181317365269461
current_30d_42,45,0.04878567972907596
current_30d_42,46,0.05056687116564417
current_30d_42,47,0.05078689308777804
current_30d_42,48,0.05024354955389438
current_30d_42,49,0.048613384689455946
current_30d_42,50,0.04948438634713145
current_30d_42,51,0.05038377986965967
current_30d_42,52,0.052514563106796114
current_30d_42,53,0.050697786333012515
current_30d_42,54,0.050693069306930696
current_30d_42,55,0.0508279646862324
current_30d_42,56,0.051257142857142855
current_30d_42,57,0.05105596107055961
current_30d_42,58,0.050667313758796406
current_30d_42,59,0.05031965648854962
current_30d_42,60,0.05091745340111353
current_30d_42,61,0.0500830078125
current_30d_42,62,0.050950182260024304
current_30d_42,63,0.05029525653436592
current_30d_42,64,0.05100797679477882
current_30d_42,65,0.05002180760843228
current_30d_42,66,0.05023446942228668
current_30d_42,67,0.05077441077441078
current_30d_42,68,0.0520152817574021
current_30d_42,69,0.05021440616718863
current_30d_42,70,0.0506740758637352
current_30d_42,71,0.050295519542421355
current_30d_42,72,0.05102040816326531
current_30d_42,73,0.05129110251450677
current_30d_42,74,0.049978545887961856
current_30d_42,75,0.050218173099976025
current_30d_42,76,0.05079470198675497
current_30d_42,77,0.05175763404664583
current_30d_42,78,0.049400191938579655
current_30d_42,79,0.051093039942597465
current_30d_42,80,0.05092296684951109
current_30d_42,81,0.05013377926421405
current_30d_42,82,0.05082278481012658
current_30d_42,83,0.050640346653827634
current_30d_42,84,0.05025458006186058
current_30d_42,85,0.04966991213488482
current_30d_42,86,0.050683020683020684
current_30d_42,87,0.050735826296743065
current_30d_42,88,0.051414092664092664
current_30d_42,89,0.04997146932952924
current_30d_42,90,0.0517975650513249
current_30d_42,91,0.049344183820009574
current_30d_42,92,0.048976301001710236
current_30d_42,93,0.051087855926016064
current_30d_42,94,0.04972792362768497
current_30d_42,95,0.04922666666666667
current_30d_42,96,0.05009204625914562
current_30d_42,97,0.051644100580270795
current_30d_42,98,0.05015032211882606
current_30d_42,99,0.05060090974383529
typical_30d_49,0,0.025930824008138353
typical_30d_49,1,0.025184807545245984
typical_30d_49,2,0.0249087728067983
typical_30d_49,3,0.024823410696266396
typical_30d_49,4,0.024787100025195262
typical_30d_49,5,0.024574602373138098
typical_30d_49,6,0.024702881917878092
typical_30d_49,7,0.025456846368008098
typical_30d_49,8,0.024966139954853275
typical_30d_49,9,0.02560040363269425
typical_30d_49,10,0.02444500377548452
typical_30d_49,11,0.02537987679671458
typical_30d_49,12,0.025228464419475655
typical_30d_49,13,0.025740551583248214
typical_30d_49,14,0.02558690176322418
typical_30d_49,15,0.024646983311938382
typical_30d_49,16,0.02520423600605144
typical_30d_49,17,0.025070422535211266
typical_30d_49,18,0.025304957176226318
typical_30d_49,19,0.025373512281590276
typical_30d_49,20,0.025169404517453798
typical_30d_49,21,0.025934010152284265
typical_30d_49,22,0.024860578152980303
typical_30d_49,23,0.024677093844601414
typical_30d_49,24,0.02584963954685891
typical_30d_49,25,0.025162755488266464
typical_30d_49,26,0.025518292682926828
typical_30d_49,27,0.02495389344262295
typical_30d_49,28,0.02536030341340076
typical_30d_49,29,0.025412608918503332
typical_30d_49,30,0.025104113763331642
typical_30d_49,31,0.024564717896349248
typical_30d_49,32,0.0245289762573398
typical_30d_49,33,0.024886306215260234
typical_30d_49,34,0.025119876256767208
typical_30d_49,35,0.025531370038412292
typical_30d_49,36,0.025767370832272842
typical_30d_49,37,0.02490809736711376
typical_30d_49,38,0.025493951612903226
typical_30d_49,39,0.025175107079868985
typical_30d_49,40,0.02503949044585987
typical_30d_49,41,0.025175394001016777
typical_30d_49,42,0.02540045766590389
typical_30d_49,43,0.025171276325805632
typical_30d_49,44,0.024825121266275212
typical_30d_49,45,0.025732801595214357
typical_30d_49,46,0.024992311635058943
typical_30d_49,47,0.0246047227926078
typical_30d_49,48,0.02532503113325031
typical_30d_49,49,0.025526046986721142
typical_30d_49,50,0.024812861090178346
typical_30d_49,51,0.02469836400817996
typical_30d_49,52,0.024771573604060914
typical_30d_49,53,0.02485878530367408
typical_30d_49,54,0.025360877327212445
typical_30d_49,55,0.02522855675398048
typical_30d_49,56,0.025230455818691114
typical_30d_49,57,0.024618937644341803
typical_30d_49,58,0.025181634712411704
typical_30d_49,59,0.025544252288911495
typical_30d_49,60,0.025287239450940517
typical_30d_49,61,0.025376235115277427
typical_30d_49,62,0.026326059050064184
typical_30d_49,63,0.02545092177379173
typical_30d_49,64,0.024820253164556962
typical_30d_49,65,0.02499748869914616
typical_30d_49,66,0.024904137235116044
typical_30d_49,67,0.025074854097944684
typical_30d_49,68,0.02540608498868494
typical_30d_49,69,0.025266599597585513
typical_30d_49,70,0.025234117944824094
typical_30d_49,71,0.0253613999492772
typical_30d_49,72,0.02550213944122829
typical_30d_49,73,0.025327868852459016
typical_30d_49,74,0.023804951995957554
typical_30d_49,75,0.025326278659611994
typical_30d_49,76,0.025006525711302532
typical_30d_49,77,0.024704065877509007
typical_30d_49,78,0.024717078189300412
typical_30d_49,79,0.02563959390862944
typical_30d_49,80,0.025777890209967114
typical_30d_49,81,0.026258955987717502
typical_30d_49,82,0.025098241985522234
typical_30d_49,83,0.025194805194805193
typical_30d_49,84,0.02620689655172414
typical_30d_49,85,0.02552766393442623
typical_30d_49,86,0.024996172492982905
typical_30d_49,87,0.025458248472505093
typical_30d_49,88,0.025021667091511598
typical_30d_49,89,0.02548494983277592
typical_30d_49,90,0.024545220304045347
typical_30d_49,91,0.025666751983619146
typical_30d_49,92,0.024833714140644832
typical_30d_49,93,0.02642192607493085
typical_30d_49,94,0.025221851756860734
typical_30d_49,95,0.02500253164556962
typical_30d_49,96,0.025517418032786884
typical_30d_49,97,0.025606523955147807
typical_30d_49,98,0.025052316890881915
typical_30d_49,99,0.025275113579000506
robust_20d_49,0,0.05076493011435832
robust_20d_49,1,0.050917801311144734
robust_20d_49,2,0.05301700076122812
robust_20d_49,3,0.051907281431090954
robust_20d_49,4,0.05153905249679898
robust_20d_49,5,0.05110498621899273
robust_20d_49,6,0.05023267577137076
robust_20d_49,7,0.04910709743067922
robust_20d_49,8,0.04966269338067461
robust_20d_49,9,0.048772819472616635
robust_20d_49,10,0.0498933468765871
robust_20d_49,11,0.050072846018588295
robust_20d_49,12,0.05068240123140072
robust_20d_49,13,0.05155
robust_20d_49,14,0.049501151189562546
robust_20d_49,15,0.04997747183979975
robust_20d_49,16,0.050571355367665896
robust_20d_49,17,0.051797235023041475
robust_20d_49,18,0.04999744310917924
robust_20d_49,19,0.05134170854271357
robust_20d_49,20,0.0503917629331994
robust_20d_49,21,0.05016137165910237
robust_20d_49,22,0.052119969238656756
robust_20d_49,23,0.051333502667005336
robust_20d_49,24,0.05165818921668362
robust_20d_49,25,0.05012993503248376
robust_20d_49,26,0.05091000250689396
robust_20d_49,27,0.05068118511015447
robust_20d_49,28,0.051694915254237285
robust_20d_49,29,0.04993978926241847
robust_20d_49,30,0.0520190380761523
robust_20d_49,31,0.05126063418406806
robust_20d_49,32,0.05092850049652433
robust_20d_49,33,0.0499040404040404
robust_20d_49,34,0.04962591011800151
robust_20d_49,35,0.04998991935483871
robust_20d_49,36,0.04955001285677552
robust_20d_49,37,0.04908629441624365
robust_20d_49,38,0.0512
robust_20d_49,39,0.048314321926489226
robust_20d_49,40,0.0505858170606372
robust_20d_49,41,0.05112348178137652
robust_20d_49,42,0.05122227698373583
robust_20d_49,43,0.04983450351053159
robust_20d_49,44,0.052200969140525376
robust_20d_49,45,0.049070063694267516
robust_20d_49,46,0.050571644422059935
robust_20d_49,47,0.050857285678580354
robust_20d_49,48,0.05152267544970864
robust_20d_49,49,0.050878274268104776
robust_20d_49,50,0.05073652239939256
robust_20d_49,51,0.05166153846153846
robust_20d_49,52,0.048825012607160864
robust_20d_49,53,0.05052790346907994
robust_20d_49,54,0.050170511534603814
robust_20d_49,55,0.05016335762754461
robust_20d_49,56,0.04935692921236291
robust_20d_49,57,0.05023290758827949
robust_20d_49,58,0.04906257853732093
robust_20d_49,59,0.051378963261197785
robust_20d_49,60,0.05214178731902147
robust_20d_49,61,0.050605984410359565
robust_20d_49,62,0.04972972972972973
robust_20d_49,63,0.04893238434163701
robust_20d_49,64,0.05099468488990129
robust_20d_49,65,0.050200904068307385
robust_20d_49,66,0.049110105580693814
robust_20d_49,67,0.050057745418026614
robust_20d_49,68,0.05127957262783007
robust_20d_49,69,0.04977899180531413
robust_20d_49,70,0.05043390002537427
robust_20d_49,71,0.05067404426559356
robust_20d_49,72,0.049984909456740445
robust_20d_49,73,0.05051829268292683
robust_20d_49,74,0.04954175152749491
robust_20d_49,75,0.05001264222503161
robust_20d_49,76,0.05118437737763124
robust_20d_49,77,0.04971616827166751
robust_20d_49,78,0.050438752219122494
robust_20d_49,79,0.050042896795357054
robust_20d_49,80,0.0494403646492783
robust_20d_49,81,0.05064233941514621
robust_20d_49,82,0.049929754139488206
robust_20d_49,83,0.05119029567854435
robust_20d_49,84,0.05109992449030959
robust_20d_49,85,0.05044671824307462
robust_20d_49,86,0.05001035196687371
robust_20d_49,87,0.051981845688350986
robust_20d_49,88,0.051840120663650076
robust_20d_49,89,0.05363613296117736
robust_20d_49,90,0.05108920899671468
robust_20d_49,91,0.050083607803394985
robust_20d_49,92,0.04975114271203657
robust_20d_49,93,0.04997435897435897
robust_20d_49,94,0.050745669093648006
robust_20d_49,95,0.05056775170325511
robust_20d_49,96,0.050945674044265594
robust_20d_49,97,0.0497542242703533
robust_20d_49,98,0.05000502008032129
robust_20d_49,99,0.04937108494111751
robust_20d_29,0,0.061097186096003786
robust_20d_29,1,0.06214691943127962
robust_20d_29,2,0.06195180147936053
robust_20d_29,3,0.06100553283617994
robust_20d_29,4,0.06217349857006673
robust_20d_29,5,0.06118346007604563
robust_20d_29,6,0.06179424670892247
robust_20d_29,7,0.06160248744319541
robust_20d_29,8,0.061594134342478714
robust_20d_29,9,0.061736441484300665
robust_20d_29,10,0.06078450363196126
robust_20d_29,11,0.06169491525423729
robust_20d_29,12,0.06215384615384616
robust_20d_29,13,0.061933491686460805
robust_20d_29,14,0.060498203592814374
robust_20d_29,15,0.06280306660277911
robust_20d_29,16,0.061879449454200285
robust_20d_29,17,0.06155974242785595
robust_20d_29,18,0.061432992144727444
robust_20d_29,19,0.061838359469240045
robust_20d_29,20,0.06054642166344294
robust_20d_29,21,0.06305854241338112
robust_20d_29,22,0.061698473282442746
robust_20d_29,23,0.06072538860103627
robust_20d_29,24,0.06186685962373372
robust_20d_29,25,0.06179505639548836
robust_20d_29,26,0.06076484560570071
robust_20d_29,27,0.060692416391898256
robust_20d_29,28,0.06136407300672431
robust_20d_29,29,0.05915539739027283
robust_20d_29,30,0.0615730880929332
robust_20d_29,31,0.06225883476599809
robust_20d_29,32,0.0626481170544495
robust_20d_29,33,0.06214473369954621
robust_20d_29,34,0.060348499515972896
robust_20d_29,35,0.06086455331412104
robust_20d_29,36,0.06024407753050969
robust_20d_29,37,0.060950095969289825
robust_20d_29,38,0.06152137963619183
robust_20d_29,39,0.06317588416805127
robust_20d_29,40,0.06066348448687351
robust_20d_29,41,0.06111137497031584
robust_20d_29,42,0.06272945699183086
robust_20d_29,43,0.061308056872037914
robust_20d_29,44,0.06131327602674307
robust_20d_29,45,0.062197749581039026
robust_20d_29,46,0.06196697774587222
robust_20d_29,47,0.06087082728592163
robust_20d_29,48,0.061623160892263884
robust_20d_29,49,0.06188030160226202
robust_20d_29,50,0.06161712247324613
robust_20d_29,51,0.061632265717674974
robust_20d_29,52,0.061746973652978876
robust_20d_29,53,0.06067658349328215
robust_20d_29,54,0.06165795724465558
robust_20d_29,55,0.062267595484025946
robust_20d_29,56,0.06175824175824176
robust_20d_29,57,0.06130228136882129
robust_20d_29,58,0.0617310443490701
robust_20d_29,59,0.061654710664753705
robust_20d_29,60,0.06385576923076923
robust_20d_29,61,0.061215020330064575
robust_20d_29,62,0.061259578544061305
robust_20d_29,63,0.06307178631051753
robust_20d_29,64,0.06288232491662697
robust_20d_29,65,0.06297923132012413
robust_20d_29,66,0.06063393708293613
robust_20d_29,67,0.06279401282965075
robust_20d_29,68,0.059721622270218384
robust_20d_29,69,0.062422096317280455
robust_20d_29,70,0.060981740573867675
robust_20d_29,71,0.06203655352480418
robust_20d_29,72,0.06181343460716829
robust_20d_29,73,0.06196958725561188
robust_20d_29,74,0.06134377967711301
robust_20d_29,75,0.06090033702455465
robust_20d_29,76,0.06081573896353167
robust_20d_29,77,0.06263083451202263
robust_20d_29,78,0.0583996189568945
robust_20d_29,79,0.06267595484025942
robust_20d_29,80,0.06106064209274673
robust_20d_29,81,0.06179856115107914
robust_20d_29,82,0.05909090909090909
robust_20d_29,83,0.062242990654205604
robust_20d_29,84,0.062265495131797674
robust_20d_29,85,0.06083111862768785
robust_20d_29,86,0.06147834274952919
robust_20d_29,87,0.06028860028860029
robust_20d_29,88,0.0632618025751073
robust_20d_29,89,0.06259268117675197
robust_20d_29,90,0.06184938036224976
robust_20d_29,91,0.06091059995257292
robust_20d_29,92,0.06200188412623646
robust_20d_29,93,0.061688404078728956
robust_20d_29,94,0.06106186300071107
robust_20d_29,95,0.060142959256611866
robust_20d_29,96,0.06184772065955383
robust_20d_29,97,0.061381308862593575
robust_20d_29,98,0.060743034055727556
robust_20d_29,99,0.06315304390007276
direct_2d_70,0,0.020048007681228996
direct_2d_70,1,0.01964734299516908
direct_2d_70,2,0.021376101860920666
direct_2d_70,3,0.019906565035652815
direct_2d_70,4,0.02035965978128797
direct_2d_70,5,0.020994688556253017
direct_2d_70,6,0.020432069131060968
direct_2d_70,7,0.019809337570276215
direct_2d_70,8,0.01980259990370727
direct_2d_70,9,0.020961444607125426
direct_2d_70,10,0.020371275036638985
direct_2d_70,11,0.020296013368345668
direct_2d_70,12,0.02
direct_2d_70,13,0.02004884004884005
direct_2d_70,14,0.021087061087061088
direct_2d_70,15,0.020135494797967578
direct_2d_70,16,0.020173535791757048
direct_2d_70,17,0.020158311345646437
direct_2d_70,18,0.02078747860112497
direct_2d_70,19,0.020958637469586375
direct_2d_70,20,0.02007278020378457
direct_2d_70,21,0.020305751031303082
direct_2d_70,22,0.02041156295933366
direct_2d_70,23,0.02040677966101695
direct_2d_70,24,0.020805013256206314
direct_2d_70,25,0.020586080586080586
direct_2d_70,26,0.020238322211630123
direct_2d_70,27,0.020494371023005383
direct_2d_70,28,0.020310077519379844
direct_2d_70,29,0.020082145445759845
direct_2d_70,30,0.020344911343211074
direct_2d_70,31,0.02046352768968041
direct_2d_70,32,0.02008825692571709
direct_2d_70,33,0.019970745977571917
direct_2d_70,34,0.020436450839328536
direct_2d_70,35,0.020215930902111323
direct_2d_70,36,0.02071616137502984
direct_2d_70,37,0.020669456066945608
direct_2d_70,38,0.02071530758226037
direct_2d_70,39,0.02047024246877296
direct_2d_70,40,0.021077931536780774
direct_2d_70,41,0.020437849671612746
direct_2d_70,42,0.020250180418571084
direct_2d_70,43,0.01944713870029098
direct_2d_70,44,0.02051749630359783
direct_2d_70,45,0.020716332378223495
direct_2d_70,46,0.02078909612625538
direct_2d_70,47,0.021121087114777965
direct_2d_70,48,0.020541979191870313
direct_2d_70,49,0.020730310262529833
direct_2d_70,50,0.020453777455949795
direct_2d_70,51,0.020072289156626507
direct_2d_70,52,0.019428850378325604
direct_2d_70,53,0.019880268199233716
direct_2d_70,54,0.020680106873937332
direct_2d_70,55,0.020343992248062017
direct_2d_70,56,0.020048367593712212
direct_2d_70,57,0.02045864845084167
direct_2d_70,58,0.02044280442804428
direct_2d_70,59,0.02000952607763753
direct_2d_70,60,0.019995146809026934
direct_2d_70,61,0.019965627301743186
direct_2d_70,62,0.02125780124819971
direct_2d_70,63,0.02042625333010414
direct_2d_70,64,0.02015488867376573
direct_2d_70,65,0.021015795868772783
direct_2d_70,66,0.020373333333333334
direct_2d_70,67,0.020894289185905225
direct_2d_70,68,0.020029161603888214
direct_2d_70,69,0.02053988912991082
direct_2d_70,70,0.019927184466019418
direct_2d_70,71,0.020117016089712336
direct_2d_70,72,0.020309852335996127
direct_2d_70,73,0.020833534088171526
direct_2d_70,74,0.020875665215287855
direct_2d_70,75,0.020112222493291046
direct_2d_70,76,0.02038619357953174
direct_2d_70,77,0.02007166746297181
direct_2d_70,78,0.020481695568400772
direct_2d_70,79,0.020934264387189983
direct_2d_70,80,0.02009661835748792
direct_2d_70,81,0.020723300970873788
direct_2d_70,82,0.020503388189738625
direct_2d_70,83,0.019789782449278905
direct_2d_70,84,0.020869565217391306
direct_2d_70,85,0.019559386973180076
direct_2d_70,86,0.020603700097370982
direct_2d_70,87,0.02004887585532747
direct_2d_70,88,0.020857973824527386
direct_2d_70,89,0.019908982035928145
direct_2d_70,90,0.020479041916167666
direct_2d_70,91,0.02080309627479439
direct_2d_70,92,0.02044998777207141
direct_2d_70,93,0.020628992628992628
direct_2d_70,94,0.01974513104111565
direct_2d_70,95,0.020324085440707094
direct_2d_70,96,0.020768672951414067
direct_2d_70,97,0.021289384391662627
direct_2d_70,98,0.02026341463414634
direct_2d_70,99,0.020811537521388413
direct_2d_historical_params,0,0.023607863974495217
direct_2d_historical_params,1,0.024077365394668062
direct_2d_historical_params,2,0.023151075408136823
direct_2d_historical_params,3,0.024106951871657754
direct_2d_historical_params,4,0.02343213728549142
direct_2d_historical_params,5,0.024044117647058823
direct_2d_historical_params,6,0.022733177448687972
direct_2d_historical_params,7,0.02303896103896104
direct_2d_historical_params,8,0.023572164948453607
direct_2d_historical_params,9,0.022748568453930244
direct_2d_historical_params,10,0.02355266579973992
direct_2d_historical_params,11,0.02327733264409408
direct_2d_historical_params,12,0.022579962992334127
direct_2d_historical_params,13,0.02377163523637303
direct_2d_historical_params,14,0.023779816513761466
direct_2d_historical_params,15,0.02417949386903209
direct_2d_historical_params,16,0.02411277806518365
direct_2d_historical_params,17,0.023580602883355176
direct_2d_historical_params,18,0.02404177545691906
direct_2d_historical_params,19,0.023390007847240386
direct_2d_historical_params,20,0.02324750394114556
direct_2d_historical_params,21,0.023554526748971193
direct_2d_historical_params,22,0.024056603773584907
direct_2d_historical_params,23,0.023295958279009127
direct_2d_historical_params,24,0.02338042640637041
direct_2d_historical_params,25,0.023145118733509235
direct_2d_historical_params,26,0.023590551181102364
direct_2d_historical_params,27,0.023293932230102444
direct_2d_historical_params,28,0.024767932489451475
direct_2d_historical_params,29,0.023770972037283622
direct_2d_historical_params,30,0.02304099636741048
direct_2d_historical_params,31,0.02399896265560166
direct_2d_historical_params,32,0.02323947300439163
direct_2d_historical_params,33,0.02312236286919831
direct_2d_historical_params,34,0.023030144167758847
direct_2d_historical_params,35,0.024353602452733776
direct_2d_historical_params,36,0.02321623731459797
direct_2d_historical_params,37,0.023784344219803008
direct_2d_historical_params,38,0.023553141970519782
direct_2d_historical_params,39,0.023410209898937547
direct_2d_historical_params,40,0.023889755590223608
direct_2d_historical_params,41,0.02343874568163699
direct_2d_historical_params,42,0.02389556135770235
direct_2d_historical_params,43,0.023732357553580764
direct_2d_historical_params,44,0.023633973179069154
direct_2d_historical_params,45,0.02370792335577421
direct_2d_historical_params,46,0.023098223615464996
direct_2d_historical_params,47,0.023787996882307094
direct_2d_historical_params,48,0.023287024901703802
direct_2d_historical_params,49,0.023598326359832635
direct_2d_historical_params,50,0.023505047890240747
direct_2d_historical_params,51,0.023604074170801775
direct_2d_historical_params,52,0.023849154746423927
direct_2d_historical_params,53,0.02333945917563665
direct_2d_historical_params,54,0.02325617283950617
direct_2d_historical_params,55,0.023909378292939938
direct_2d_historical_params,56,0.02346024346024346
direct_2d_historical_params,57,0.02287292817679558
direct_2d_historical_params,58,0.024440944881889765
direct_2d_historical_params,59,0.024081738230729437
direct_2d_historical_params,60,0.023346446367689483
direct_2d_historical_params,61,0.02404453650958053
direct_2d_historical_params,62,0.02340572033898305
direct_2d_historical_params,63,0.023737687921202694
direct_2d_historical_params,64,0.023324510322922182
direct_2d_historical_params,65,0.02358841778697001
direct_2d_historical_params,66,0.02362277763463025
direct_2d_historical_params,67,0.02401797515199577
direct_2d_historical_params,68,0.023780678851174936
direct_2d_historical_params,69,0.023824385083311292
direct_2d_historical_params,70,0.02376751427088739
direct_2d_historical_params,71,0.02370660401983816
direct_2d_historical_params,72,0.02377092050209205
direct_2d_historical_params,73,0.02293901156677182
direct_2d_historical_params,74,0.023955647240845798
direct_2d_historical_params,75,0.02356256463288521
direct_2d_historical_params,76,0.0234622372177524
direct_2d_historical_params,77,0.023314285714285714
direct_2d_historical_params,78,0.024020833333333335
direct_2d_historical_params,79,0.023581541688515995
direct_2d_historical_params,80,0.023523908523908524
direct_2d_historical_params,81,0.023526085839115907
direct_2d_historical_params,82,0.023527542372881356
direct_2d_historical_params,83,0.0237372415598011
direct_2d_historical_params,84,0.02414672216441207
direct_2d_historical_params,85,0.023991716282681853
direct_2d_historical_params,86,0.02410822169687418
direct_2d_historical_params,87,0.02345308865339881
direct_2d_historical_params,88,0.023154046997389034
direct_2d_historical_params,89,0.02374739039665971
direct_2d_historical_params,90,0.024373684210526315
direct_2d_historical_params,91,0.024315157839812158
direct_2d_historical_params,92,0.02362506473329881
direct_2d_historical_params,93,0.022807291666666667
direct_2d_historical_params,94,0.023689320388349516
direct_2d_historical_params,95,0.0235917515009136
direct_2d_historical_params,96,0.024089958158995815
direct_2d_historical_params,97,0.02313152400835073
direct_2d_historical_params,98,0.023707141015725703
direct_2d_historical_params,99,0.024125819134993447
historical_display_2d_104,0,0.02161919625438939
historical_display_2d_104,1,0.021226635514018693
historical_display_2d_104,2,0.021747189903372117
historical_display_2d_104,3,0.021183923975450405
historical_display_2d_104,4,0.021942330796956348
historical_display_2d_104,5,0.0217670054730258
historical_display_2d_104,6,0.02149502982107356
historical_display_2d_104,7,0.02101514853433012
historical_display_2d_104,8,0.02161576354679803
historical_display_2d_104,9,0.021569560047562424
historical_display_2d_104,10,0.020848196591359492
historical_display_2d_104,11,0.021121200157915514
historical_display_2d_104,12,0.020877779964573902
historical_display_2d_104,13,0.021026252983293556
historical_display_2d_104,14,0.021824644549763034
historical_display_2d_104,15,0.021084962106102913
historical_display_2d_104,16,0.021092917735253503
historical_display_2d_104,17,0.02117879746835443
historical_display_2d_104,18,0.021526657485736768
historical_display_2d_104,19,0.021325467059980334
historical_display_2d_104,20,0.02055522971652004
historical_display_2d_104,21,0.0208515625
historical_display_2d_104,22,0.021430531060160688
historical_display_2d_104,23,0.020926944226237233
historical_display_2d_104,24,0.02084518167456556
historical_display_2d_104,25,0.02139031114612052
historical_display_2d_104,26,0.020798887122416534
historical_display_2d_104,27,0.021850185800899667
historical_display_2d_104,28,0.022231372549019607
historical_display_2d_104,29,0.02147884539343614
historical_display_2d_104,30,0.021565319733228717
historical_display_2d_104,31,0.021562130177514793
historical_display_2d_104,32,0.0209105242412298
historical_display_2d_104,33,0.02142520612485277
historical_display_2d_104,34,0.02165100939436338
historical_display_2d_104,35,0.021044334975369457
historical_display_2d_104,36,0.02097137216189536
historical_display_2d_104,37,0.02124113475177305
historical_display_2d_104,38,0.021376997435391596
historical_display_2d_104,39,0.022022204599524187
historical_display_2d_104,40,0.020950128129312046
historical_display_2d_104,41,0.02143965851765619
historical_display_2d_104,42,0.021670286278381048
historical_display_2d_104,43,0.02104639684106614
historical_display_2d_104,44,0.021526957890594254
historical_display_2d_104,45,0.021199842643587725
historical_display_2d_104,46,0.021940181031090123
historical_display_2d_104,47,0.021246526399364828
historical_display_2d_104,48,0.021235843433339955
historical_display_2d_104,49,0.021161957819339435
historical_display_2d_104,50,0.020716406095388877
historical_display_2d_104,51,0.020425867507886435
historical_display_2d_104,52,0.02108712715855573
historical_display_2d_104,53,0.02077720207253886
historical_display_2d_104,54,0.021369117075068066
historical_display_2d_104,55,0.021219272369714846
historical_display_2d_104,56,0.020644654088050315
historical_display_2d_104,57,0.020930415927459096
historical_display_2d_104,58,0.020874901029295328
historical_display_2d_104,59,0.021128103277060575
historical_display_2d_104,60,0.020536098610839364
historical_display_2d_104,61,0.02125838264299803
historical_display_2d_104,62,0.020546705998033432
historical_display_2d_104,63,0.02176028481012658
historical_display_2d_104,64,0.021599842767295596
historical_display_2d_104,65,0.021013207175241473
historical_display_2d_104,66,0.021329650818701914
historical_display_2d_104,67,0.021637107776261936
historical_display_2d_104,68,0.02147945205479452
historical_display_2d_104,69,0.021062859409081897
historical_display_2d_104,70,0.021270653029110936
historical_display_2d_104,71,0.020797172589829178
historical_display_2d_104,72,0.021754523996852872
historical_display_2d_104,73,0.02111924065651572
historical_display_2d_104,74,0.021798858492422753
historical_display_2d_104,75,0.022310882875765357
historical_display_2d_104,76,0.02181818181818182
historical_display_2d_104,77,0.022214242968282467
historical_display_2d_104,78,0.021747839748625295
historical_display_2d_104,79,0.02176056338028169
historical_display_2d_104,80,0.021233064991164344
historical_display_2d_104,81,0.020363852086217125
historical_display_2d_104,82,0.02052034428794992
historical_display_2d_104,83,0.020561708860759493
historical_display_2d_104,84,0.021573033707865168
historical_display_2d_104,85,0.02099547511312217
historical_display_2d_104,86,0.021225218080888186
historical_display_2d_104,87,0.021295819298593224
historical_display_2d_104,88,0.02214033712269698
historical_display_2d_104,89,0.02129746835443038
historical_display_2d_104,90,0.020974268316637203
historical_display_2d_104,91,0.0204698512137823
historical_display_2d_104,92,0.02137726913970008
historical_display_2d_104,93,0.020433412135539796
historical_display_2d_104,94,0.021343577620173367
historical_display_2d_104,95,0.02158196559224837
historical_display_2d_104,96,0.02100453023439039
historical_display_2d_104,97,0.021365795724465557
historical_display_2d_104,98,0.020413793103448277
historical_display_2d_104,99,0.021303832477281705
