dimension,n_neighbors,min_dist,min_cluster_size,min_samples,medoid_seed,cluster_count_median,cluster_count_min,cluster_count_max,noise_pct_median,relative_validity_median,pairwise_seed_ari_mean,pairwise_seed_ari_min,pairwise_seed_cluster_jaccard_weighted_mean
2,10,0.0,200,15,211,58.0,45,62,21.719020172910664,0.22892281468378825,0.28876379594627904,0.2805325168415384,0.49978639437222155
2,10,0.1,200,15,211,4.0,3,6,0.4207492795389049,0.03425190475656449,0.5321472729476983,0.37214916031355605,0.968315075646808
2,15,0.0,200,15,547,55.0,4,56,22.217579250720462,0.26732103026876397,0.10354080083118539,0.0020184590817039147,0.25063534244239694
2,15,0.1,200,15,211,7.0,3,44,0.7665706051873199,0.37685675217143355,0.13344858049701888,0.004075681029998509,0.36147905144586295
2,30,0.0,200,15,211,50.0,5,57,22.64121037463977,0.27599665433820336,0.10273854713256121,0.005056712568018651,0.20844890369629307
2,30,0.1,200,15,211,5.0,4,5,0.2968299711815562,0.22184747213632336,0.5596679272515935,0.4372098608499276,0.980899669339048
2,50,0.0,200,15,211,56.0,42,59,26.047550432276655,0.3098758094268127,0.2599831006934408,0.23683500198926052,0.4957701825419146
2,50,0.1,200,15,211,40.0,6,50,32.69308357348703,0.3167862763492335,0.10476001723599898,0.008526904390819745,0.21277884469673816
20,10,0.0,150,50,42,54.0,53,55,33.554755043227665,0.28041202454500525,0.5948258111974892,0.5284626299300405,0.720374895193333
20,10,0.0,300,50,42,31.0,28,33,32.3328530259366,0.32913881383710525,0.6356520037343244,0.5864612135991273,0.737718914596137
20,10,0.1,150,50,42,3.0,3,3,0.07636887608069164,0.28896352874474707,0.9529529849458322,0.9405988604546225,0.9989924742320294
20,10,0.1,300,50,42,26.0,2,28,41.21613832853026,0.13783669036913115,0.1902178232034608,-0.016615617362212173,0.2652992850728641
20,15,0.0,150,50,547,55.0,54,58,38.37031700288184,0.2716719514595826,0.7218922527499173,0.7014791305088776,0.8150028346396723
20,15,0.0,300,50,547,33.0,32,34,35.62391930835735,0.21986258950650572,0.658192494177393,0.625168168215816,0.7164618490709876
20,15,0.1,150,50,211,3.0,2,4,0.03890489913544669,0.02026350253583213,0.5020653946388823,0.30880092301258816,0.9904739783127043
20,15,0.1,300,50,42,24.0,2,26,41.893371757925074,0.32238100693302163,0.2524888787883826,-0.007265364435540951,0.32170181556835953
20,30,0.0,150,50,42,3.0,3,52,0.037463976945244955,0.5899645848784156,0.3358570851178378,0.0047881518410564945,0.37315623891901306
20,30,0.0,300,50,547,31.0,31,35,35.976945244956774,0.29780465849444265,0.682717593896259,0.6056800529153705,0.7918347920036565
20,30,0.1,150,50,42,2.0,2,2,0.012968299711815562,0.5671175134104711,1.0,1.0,1.0
20,30,0.1,300,50,42,24.0,23,31,44.35014409221902,0.20146199325980058,0.6368859221330673,0.5965261604733161,0.6566953703661733
20,50,0.0,150,50,547,48.0,3,55,34.514409221902014,0.3309472966504898,0.21565889848191963,0.004538053457541556,0.3122487362658782
20,50,0.0,300,50,211,32.0,31,34,40.237752161383284,0.2667902645354235,0.7464598379436312,0.7017603331377962,0.8169819597993802
20,50,0.1,150,50,42,2.0,2,2,0.012968299711815562,0.04919197709313902,1.0,1.0,1.0
20,50,0.1,300,50,42,26.0,24,27,48.14985590778098,0.28052870136687286,0.7133220364240724,0.6478155737285856,0.7443626676898308
30,10,0.0,200,15,42,52.0,48,52,33.13112391930836,0.2383545982237075,0.6445090121645866,0.6438148155837524,0.7845040061933556
30,10,0.1,200,15,211,4.0,3,4,0.5144092219020173,0.007517437609217788,0.6754483243502868,0.5717388769390995,0.9870426141518059
30,15,0.0,200,15,42,48.0,47,49,35.31123919308357,0.26123707443639943,0.6800900272699165,0.6363372497087947,0.8053050483663169
30,15,0.1,200,15,211,3.0,3,3,0.05907780979827089,0.27818904134883105,0.975833678273343,0.9676440146695974,0.9995209690476358
30,30,0.0,200,15,547,3.0,3,50,0.037463976945244955,0.6579795302029878,0.33581328465587307,0.004709316390688998,0.3677594153227848
30,30,0.1,200,15,211,3.0,2,3,0.03890489913544669,0.09579792262287404,0.7366877521264072,0.6067679063317151,0.9971898219325183
30,50,0.0,200,15,547,41.0,41,44,37.768011527377524,0.19163836238877946,0.6287824548936753,0.5915628413647553,0.7120754110074389
30,50,0.1,200,15,42,2.0,2,2,0.012968299711815562,0.36652066799113253,1.0,1.0,1.0
