left,right,ari_all,ami_all,ari_common_assigned,mapped_assignment_agreement,noise_agreement,cluster_jaccard_mean,cluster_jaccard_median,cluster_jaccard_weighted,dimension,min_cluster_size,min_samples
nn10-md0.0,nn10-md0.1,0.003105319554688659,0.04243966012465069,0.002401758861401195,0.09210374639769453,0.7540489913544669,0.04552657228563202,0.006130301833238233,0.04526672523569248,2,200,15
nn10-md0.0,nn15-md0.0,0.30000380528836523,0.6349763361762744,0.6831797886754011,0.6106628242074928,0.7654178674351585,0.4214245659708954,0.4638921129718676,0.5209744516040214,2,200,15
nn10-md0.0,nn15-md0.1,0.002572689422184465,0.0781739749779296,0.0054927992358187695,0.109164265129683,0.7598414985590778,0.07813901108490667,0.006937192301954349,0.06031933161105025,2,200,15
nn10-md0.0,nn30-md0.0,0.26963288394158097,0.6077732768663738,0.7646030103808179,0.6065706051873199,0.7324495677233429,0.41200306693768984,0.44791428515979825,0.5195912417863116,2,200,15
nn10-md0.0,nn30-md0.1,0.00214359014936369,0.043093883475158024,0.002838591188723589,0.09442363112391931,0.756700288184438,0.05031822666370421,0.006136496777973052,0.04677963828278161,2,200,15
nn10-md0.0,nn50-md0.0,0.2604139103434039,0.6099332719879542,0.7212599329213532,0.5977665706051873,0.7339193083573488,0.4360223761975032,0.45815976086749133,0.5105715913120716,2,200,15
nn10-md0.0,nn50-md0.1,0.21061926666011477,0.5591743125596648,0.7805927218071086,0.5812536023054755,0.6877665706051873,0.3849127644209194,0.36737954916258786,0.47911619179527043,2,200,15
nn10-md0.1,nn15-md0.0,0.001196968587259231,0.039675833760590355,0.003197996898672149,0.13051873198847264,0.7815129682997118,0.5631419459082009,0.6269717856548751,0.12447613303167601,2,200,15
nn10-md0.1,nn15-md0.1,0.46099635889046175,0.43325879140016277,0.5515939343781185,0.9736167146974063,0.9897694524495677,0.8749773659464426,0.8835326953748006,0.9724687865991893,2,200,15
nn10-md0.1,nn30-md0.0,0.0017809156108110377,0.039773167670825706,0.002295841460710751,0.07494236311239193,0.6870749279538905,0.5792574724106909,0.6905814883729292,0.06939353386698818,2,200,15
nn10-md0.1,nn30-md0.1,0.5051155310069797,0.4774147626035177,0.6114828742491704,0.9846541786743516,0.9937752161383285,0.7144334906943252,0.9309484326583224,0.9809777174404994,2,200,15
nn10-md0.1,nn50-md0.0,0.0016507481118618634,0.040376298886482025,0.0028589610408900333,0.10799711815561959,0.7422046109510086,0.5838685977582876,0.6844500815089051,0.10259732425256422,2,200,15
nn10-md0.1,nn50-md0.1,0.0028944986152903513,0.043889923392945535,0.0026681628991156235,0.07337175792507204,0.6393083573487032,0.6449418556146134,0.8033834793629802,0.06849979825737995,2,200,15
nn15-md0.0,nn15-md0.1,0.004822665417470291,0.08453092053501503,0.0076276551979141075,0.14453890489913546,0.7819452449567723,0.08367235139630616,0.006534387587647322,0.07347370684631548,2,200,15
nn15-md0.0,nn30-md0.0,0.2931387074080119,0.6407372951844816,0.7603585905530111,0.639193083573487,0.7467146974063401,0.5028855684291474,0.5464684014869888,0.5590441000104204,2,200,15
nn15-md0.0,nn30-md0.1,0.0026564447276355594,0.045700338326770715,0.0039020337318775894,0.13146974063400577,0.7805331412103746,0.05651564690284514,0.0057995635681961305,0.060678856075754455,2,200,15
nn15-md0.0,nn50-md0.0,0.27593491622576216,0.6209274837996505,0.7051286381899474,0.6046685878962536,0.7444092219020173,0.45105241661022166,0.4326424870466321,0.5265652003653378,2,200,15
nn15-md0.0,nn50-md0.1,0.2134086900433869,0.570777628502519,0.7459602510097323,0.5705619596541787,0.6907925072046109,0.3902791231336991,0.37579617834394907,0.48093824857925827,2,200,15
nn15-md0.1,nn30-md0.0,0.006947144475961414,0.08823661630630682,0.00550059515465479,0.09113832853025937,0.6885734870317003,0.6741372710636482,0.7095709570957096,0.08231703074563969,2,200,15
nn15-md0.1,nn30-md0.1,0.39892826555267585,0.3843174759202514,0.35891459668134496,0.9701440922190202,0.9946685878962536,0.4072201982783285,0.007952548330404218,0.9514636969532752,2,200,15
nn15-md0.1,nn50-md0.0,0.008220345100303362,0.08586117427650881,0.0070588117406646415,0.12145533141210374,0.739207492795389,0.5771661370457644,0.5194274028629857,0.11266901150307061,2,200,15
nn15-md0.1,nn50-md0.1,0.009063993872729449,0.09089575349823274,0.006275739574381728,0.08851585014409222,0.6399423631123919,0.6798060487729944,0.760806916426513,0.0801217423874622,2,200,15
nn30-md0.0,nn30-md0.1,0.003637983418617472,0.04898930886563934,0.0029134073791546315,0.07610951008645533,0.6866138328530259,0.05953562128145098,0.006502636203866432,0.04352248347978013,2,200,15
nn30-md0.0,nn50-md0.0,0.27985553145849107,0.6289851427508545,0.7749051302318529,0.6172766570605187,0.7330835734870317,0.4618615444360585,0.4725609756097561,0.5280946449583328,2,200,15
nn30-md0.0,nn50-md0.1,0.27470361169070623,0.5819647700665441,0.8192509230222162,0.6146974063400577,0.7119740634005763,0.3977658982758944,0.45288326300984527,0.497550461672269,2,200,15
nn30-md0.1,nn50-md0.0,0.003884123591121838,0.04816143288463135,0.0035332137408787944,0.10903458213256484,0.7396685878962536,0.6989110269141241,0.8787306288136025,0.10609786768676076,2,200,15
nn30-md0.1,nn50-md0.1,0.005897643588023871,0.049607747712664706,0.0032030787786215447,0.07412103746397694,0.6376080691642652,0.6446462770345066,0.8149169337569455,0.07012325857813743,2,200,15
nn50-md0.0,nn50-md0.1,0.3680241877193546,0.6704809006928809,0.8289217133536313,0.6852017291066282,0.7722334293948127,0.5258040091818542,0.5500205361436128,0.588318472862964,2,200,15
nn10-md0.0,nn10-md0.1,0.0036774464707395945,0.03159022705719792,0.0023734883715002845,0.10427953890489913,0.6726801152737752,0.04904748038656727,0.005446860429648351,0.0458336455857491,20,150,50
nn10-md0.0,nn15-md0.0,0.5928889097073122,0.7849182164365673,0.9163376641200761,0.8121037463976946,0.8545389048991354,0.7360512092273918,0.8368789584799436,0.7318231328053302,20,150,50
nn10-md0.0,nn15-md0.1,0.003957174816500631,0.030668658995363546,0.0023350432168237957,0.10378962536023055,0.6722766570605188,0.048545510105144504,0.00544425087108014,0.04566754078839413,20,150,50
nn10-md0.0,nn30-md0.0,0.003838086078214676,0.029537261375338252,0.002267123704027217,0.10360230547550432,0.6722910662824207,0.04762194566001061,0.005443223549562365,0.045362805093192723,20,150,50
nn10-md0.0,nn30-md0.1,0.0017804448056607505,0.013878505252556926,0.0010262422537648112,0.09959654178674351,0.6720461095100865,0.030446248773395926,0.0048140170297659495,0.03968799615664672,20,150,50
nn10-md0.0,nn50-md0.0,0.4848720506501023,0.7105808271473207,0.8760881299266982,0.752521613832853,0.8093804034582133,0.6685070157515802,0.7282003647909208,0.6451701823868444,20,150,50
nn10-md0.0,nn50-md0.1,0.001731786432878014,0.014003243169577139,0.001049285950427109,0.09965417867435158,0.6720461095100865,0.030145951745069684,0.004814852301152384,0.03961530826971977,20,150,50
nn10-md0.1,nn15-md0.0,0.004431643465234692,0.03151244868650199,0.00189464754376062,0.06414985590778098,0.6277089337175793,0.6747830788127303,0.9819004524886877,0.06342045221202808,20,150,50
nn10-md0.1,nn15-md0.1,0.965019329579538,0.9397806311603157,0.9907874811387299,0.9994668587896254,0.9995965417867435,0.9884869694637929,0.990909090909091,0.9993372995414243,20,150,50
nn10-md0.1,nn30-md0.0,0.95212380445116,0.9178679764715671,0.9761764881898196,0.9992795389048992,0.9996109510086455,0.9719050879104799,0.990909090909091,0.998949972915766,20,150,50
nn10-md0.1,nn30-md0.1,0.5791797010776742,0.5758780718621319,0.6047499018949926,0.9953025936599423,0.9993659942363112,0.6634146971865446,0.990909090909091,0.9912709961497537,20,150,50
nn10-md0.1,nn50-md0.0,0.005015264963005057,0.031064555430319322,0.0019258615687721753,0.06726224783861671,0.5917723342939482,0.6564843654807248,0.9184397163120568,0.06652289386083574,20,150,50
nn10-md0.1,nn50-md0.1,0.5701779737043737,0.5509679562787598,0.5945780995885191,0.9951296829971181,0.9993659942363112,0.6462724657678227,0.9396551724137931,0.9909361711168213,20,150,50
nn15-md0.0,nn15-md0.1,0.0048473616586320436,0.031066617076828347,0.0018757660287812385,0.06370317002881844,0.6273054755043228,0.04796686866535292,0.0068451910936771715,0.0360504464552978,20,150,50
nn15-md0.0,nn30-md0.0,0.0046806526966849974,0.029980728852694184,0.0018193814159461776,0.06353025936599424,0.6273198847262248,0.04716873185815625,0.006851204041049164,0.03577317618470823,20,150,50
nn15-md0.0,nn30-md0.1,0.0021687320654908263,0.014179845406261108,0.0008260400713006945,0.05953890489913544,0.6270749279538905,0.02993896628977853,0.00629580905844766,0.029787342201733475,20,150,50
nn15-md0.0,nn50-md0.0,0.5883880273491536,0.7568896674543173,0.9595705084438133,0.8186167146974064,0.8459077809798271,0.7150056925475395,0.7758621620357209,0.7293047852372003,20,150,50
nn15-md0.0,nn50-md0.1,0.0020148323408510273,0.013963745794680214,0.0008303342463734474,0.05955331412103746,0.6270749279538905,0.029143912489998727,0.006296901432888477,0.029575996533930626,20,150,50
nn15-md0.1,nn30-md0.0,0.9812023608695529,0.9611495929262808,0.983308228741336,0.9997262247838616,0.9999567723342939,0.9806541630546022,0.9997242220157919,0.9994972098066027,20,150,50
nn15-md0.1,nn30-md0.1,0.6051605156577994,0.6096487496222691,0.6107860713573362,0.9957780979827089,0.9997406340057637,0.6665799276210853,0.9957642432741098,0.9918460258329278,20,150,50
nn15-md0.1,nn50-md0.0,0.005520982428394928,0.031132562318392492,0.001926471780083358,0.06688760806916426,0.5913976945244956,0.6650311813845318,0.9350180505415162,0.06649748409177803,20,150,50
nn15-md0.1,nn50-md0.1,0.5953665725854037,0.5831545190533631,0.6004180821925696,0.9956051873198847,0.9997406340057637,0.6491310271724324,0.9478260869565217,0.9915098302774397,20,150,50
nn30-md0.0,nn30-md0.1,0.6159987060547119,0.6189017404579712,0.6213795133830103,0.9959654178674352,0.9997550432276657,0.6665847464569509,0.9959521778728695,0.9922036113294542,20,150,50
nn30-md0.0,nn50-md0.0,0.005650253897993587,0.031486623377270186,0.001924913352535787,0.06687319884726224,0.5914121037463977,0.6791408826758696,0.9773584905660377,0.06649530491277522,20,150,50
nn30-md0.0,nn50-md0.1,0.6058640205778344,0.5918915753329702,0.6106619076622907,0.995792507204611,0.9997550432276657,0.6491358359750081,0.9478260869565217,0.9918673878785966,20,150,50
nn30-md0.1,nn50-md0.0,0.0026356456430570766,0.014783933084223162,0.0008713058647259533,0.06289625360230547,0.5911671469740634,0.5299105142179752,0.5299105142179752,0.06277471141790722,20,150,50
nn30-md0.1,nn50-md0.1,0.9739992617109093,0.9489624540180426,0.9729582231072164,0.9998270893371758,1.0,0.9738263044326795,0.9738263044326795,0.9996631564173526,20,150,50
nn50-md0.0,nn50-md0.1,0.0024420093946963695,0.014404259459198265,0.0008713058647259533,0.06289625360230547,0.5911671469740634,0.027959162481219706,0.0062752129090094125,0.028275720178015815,20,150,50
nn10-md0.0,nn10-md0.1,0.6300772950516144,0.7748627414968952,0.8529457277714753,0.8220749279538905,0.8720028818443804,0.6497352670588167,0.7763429752066116,0.7161359744464463,20,300,50
nn10-md0.0,nn15-md0.0,0.6446318310326098,0.7965474133075675,0.9412043262317492,0.8652593659942364,0.8781556195965418,0.8325734196102491,0.843241196516471,0.8034109576914811,20,300,50
nn10-md0.0,nn15-md0.1,0.4326780751873427,0.681852286844464,0.7727169853088267,0.7004322766570605,0.7879394812680115,0.5631990928285403,0.6486902927580893,0.6049365943730828,20,300,50
nn10-md0.0,nn30-md0.0,0.635458280027852,0.7738891600032897,0.967041669790306,0.8565850144092219,0.871628242074928,0.7541259975444804,0.7776886035313002,0.7958667006187585,20,300,50
nn10-md0.0,nn30-md0.1,0.4241013152861813,0.6530453587240197,0.7636133051392393,0.6906628242074928,0.7823342939481268,0.5194860636668023,0.6103286384976526,0.5733807589287743,20,300,50
nn10-md0.0,nn50-md0.0,0.4932714768951932,0.7065365207890658,0.8964280867362252,0.7646974063400577,0.8129394812680115,0.7095796024533516,0.7274052478134111,0.6634696867938038,20,300,50
nn10-md0.0,nn50-md0.1,0.4041880041451516,0.6321261133138593,0.7670972498371725,0.6806484149855908,0.7709798270893372,0.4956159822972313,0.5935223725286161,0.5556854826553183,20,300,50
nn10-md0.1,nn15-md0.0,0.5256990055621541,0.7130952489540735,0.8178737128386772,0.7834293948126801,0.8257204610951009,0.7153772794200702,0.7979445123333826,0.6818426628904376,20,300,50
nn10-md0.1,nn15-md0.1,0.5480932778341566,0.7340413405735263,0.7806804149487926,0.7568587896253602,0.8310086455331412,0.7201544801388308,0.8422777662597412,0.6757474180091648,20,300,50
nn10-md0.1,nn30-md0.0,0.5532728923027846,0.7126840395139311,0.8445122965579552,0.7986599423631124,0.836685878962536,0.6898465171516388,0.7244563328893265,0.7114363582403652,20,300,50
nn10-md0.1,nn30-md0.1,0.5337045075988676,0.7044447537945203,0.8428766963477854,0.7630403458213256,0.8209654178674352,0.6701083784310226,0.7679452809210595,0.6717190941995695,20,300,50
nn10-md0.1,nn50-md0.0,0.5120035621844629,0.6816008575767704,0.7880425060623816,0.7573631123919309,0.8151729106628242,0.6927927328541167,0.7125687242284143,0.618550726272696,20,300,50
nn10-md0.1,nn50-md0.1,0.5295386440049276,0.6893531532763314,0.842450025762163,0.7602449567723343,0.8190057636887608,0.6412782953015607,0.7475199565992405,0.6586670270672021,20,300,50
nn15-md0.0,nn15-md0.1,0.536345731346149,0.7233929617250395,0.7663438260626557,0.7449423631123919,0.8337896253602306,0.5682692401740903,0.7019824958756257,0.6432776791200875,20,300,50
nn15-md0.0,nn30-md0.0,0.6679910996298586,0.8035230942856029,0.9465858391600136,0.8656484149855908,0.8849135446685878,0.7565138480685099,0.8247208931419459,0.79979307678117,20,300,50
nn15-md0.0,nn30-md0.1,0.5039032579034015,0.6833998136155702,0.7292960443203196,0.7181268011527377,0.8182420749279539,0.5030791060539631,0.620520787545285,0.5830521936875971,20,300,50
nn15-md0.0,nn50-md0.0,0.6167268624140779,0.7571067609443338,0.9136232123533568,0.8191930835734871,0.8619596541786744,0.7194625719573338,0.7658057906323078,0.723535906296402,20,300,50
nn15-md0.0,nn50-md0.1,0.4799532460658916,0.6608842590085076,0.724317822850202,0.7045100864553314,0.8060518731988473,0.47964429317113566,0.5952439675221831,0.5581234616501498,20,300,50
nn15-md0.1,nn30-md0.0,0.4877896889703245,0.7068499157826548,0.782632066678582,0.7270893371757925,0.8113544668587896,0.6629124722296277,0.7538754509356103,0.6005715165030681,20,300,50
nn15-md0.1,nn30-md0.1,0.7410591368237941,0.8009367452946832,0.9587452654445651,0.8873919308357349,0.9054034582132565,0.7741420163404601,0.8364894763483174,0.8043941339853091,20,300,50
nn15-md0.1,nn50-md0.0,0.5622113072966733,0.7138084726817375,0.7536766622678871,0.7564265129682997,0.8401296829971182,0.7128661547561296,0.751011130851436,0.6109312247041,20,300,50
nn15-md0.1,nn50-md0.1,0.683556923473613,0.7667575858299082,0.9562606129731697,0.8636887608069165,0.8822046109510087,0.7352086112869299,0.7935885749860532,0.7692816542845008,20,300,50
nn30-md0.0,nn30-md0.1,0.5040320146885092,0.7054018718323133,0.7837010050557012,0.7323342939481268,0.8173919308357349,0.5580810769272012,0.6468531468531469,0.6237580414455298,20,300,50
nn30-md0.0,nn50-md0.0,0.654442413023495,0.7949020509260544,0.8970441026411256,0.8282276657060519,0.8801296829971181,0.7910039191633509,0.8503401360544217,0.7373064819555086,20,300,50
nn30-md0.0,nn50-md0.1,0.5066349273083145,0.6947972492345764,0.7833180981759421,0.7312103746397695,0.8181700288184438,0.547146300364204,0.6515620602307909,0.6125592591360315,20,300,50
nn30-md0.1,nn50-md0.0,0.5703334790511851,0.7066092630889887,0.7044006389255821,0.7499423631123919,0.8438904899135447,0.718336497995594,0.7797739647967583,0.5921085610237818,20,300,50
nn30-md0.1,nn50-md0.1,0.7804732466369799,0.8273689067769853,0.9981076321870885,0.9169020172910662,0.9173775216138329,0.8554100640809161,0.8780872911307693,0.8622352667469798,20,300,50
nn50-md0.0,nn50-md0.1,0.6052536666436682,0.7235536707060154,0.711194736077099,0.7499279538904899,0.8590489913544669,0.560340486126251,0.685100032121243,0.6150629907200126,20,300,50
nn10-md0.0,nn10-md0.1,0.003165350900725606,0.05331370164492308,0.003038810800977124,0.0750864553314121,0.684135446685879,0.06898481796099509,0.00895216335559254,0.04469993140261408,30,200,15
nn10-md0.0,nn15-md0.0,0.6159839606146972,0.7853995199552062,0.9703926929001957,0.8473198847262248,0.8663400576368876,0.724169774582141,0.7721655854185975,0.7822888926362319,30,200,15
nn10-md0.0,nn15-md0.1,0.0033305637915941612,0.029508626767065487,0.0016424608340387815,0.06533141210374639,0.680763688760807,0.05077892478015514,0.008008073415809955,0.03619651406558237,30,200,15
nn10-md0.0,nn30-md0.0,0.00344462598993296,0.028488811439038562,0.0015997580277422637,0.06495677233429395,0.6805475504322767,0.0499546184114376,0.008005167433556386,0.03593477380881145,30,200,15
nn10-md0.0,nn30-md0.1,0.003431433586616034,0.02849593472637975,0.0015997580277422637,0.06497118155619597,0.6805619596541786,0.0499548076442415,0.008005283632352088,0.03593514869476402,30,200,15
nn10-md0.0,nn50-md0.0,0.5041580376779619,0.7116562651703859,0.9347198603065999,0.7847982708933717,0.8180115273775216,0.5958203150840801,0.6447338460436367,0.6875375972994273,30,200,15
nn10-md0.0,nn50-md0.1,0.0014363049346938716,0.013130355908934384,0.000726621478816182,0.06095100864553314,0.6803025936599424,0.031134568776341926,0.007359639102962652,0.030131136077180556,30,200,15
nn10-md0.1,nn15-md0.0,0.0038457269564778494,0.05423088711708344,0.0032887591359115047,0.07436599423631124,0.6511959654178674,0.734137771847,0.9462336013542108,0.06942686175600353,30,200,15
nn10-md0.1,nn15-md0.1,0.5845897444808287,0.5873409781889534,0.6971267207022891,0.9894380403458213,0.9954466858789626,0.740015509682808,0.9823904512753434,0.9834919191522855,30,200,15
nn10-md0.1,nn30-md0.0,0.5623068913294077,0.5618687737770556,0.6847032366677949,0.9890201729106628,0.9952305475504323,0.7274493260147034,0.9574675324675325,0.9828806347024736,30,200,15
nn10-md0.1,nn30-md0.1,0.5631151978218134,0.562413996186008,0.6847032366677949,0.9890345821325648,0.9952449567723343,0.7274529360304625,0.9574675324675325,0.982894801367192,30,200,15
nn10-md0.1,nn50-md0.0,0.00599721314362555,0.05536399874732758,0.0036629642028788096,0.07389048991354467,0.6135590778097982,0.7169528797796966,0.9119592104598919,0.06891492981261406,30,200,15
nn10-md0.1,nn50-md0.1,0.3074734100216383,0.3092763468394037,0.38127349261285964,0.9850288184438041,0.994985590778098,0.4825893320960877,0.47062205304065624,0.9752275533198044,30,200,15
nn15-md0.0,nn15-md0.1,0.004041805460737171,0.030803426825441838,0.0017980435643134751,0.06427953890489914,0.6474783861671469,0.053456688936585395,0.008146018470116746,0.0363601032059835,30,200,15
nn15-md0.0,nn30-md0.0,0.0041327046043603205,0.02968815781463202,0.0017482149701455723,0.06390489913544668,0.6472622478386167,0.052569668849431817,0.008143062430145297,0.03608845049954802,30,200,15
nn15-md0.0,nn30-md0.1,0.004118384735954637,0.029694745422979858,0.0017482149701455723,0.0639193083573487,0.6472766570605187,0.0525698597738139,0.00814318063055217,0.036088821941679096,30,200,15
nn15-md0.0,nn50-md0.0,0.6016150956977889,0.7545497846316607,0.948010864285681,0.8276945244956773,0.8549567723342939,0.6491134456376709,0.6916735366859027,0.7398739850560011,30,200,15
nn15-md0.0,nn50-md0.1,0.001768989375117241,0.013825561638609362,0.0007983354912029783,0.05994236311239193,0.6470172910662825,0.03252647106470587,0.007836786628302077,0.030117999013108875,30,200,15
nn15-md0.1,nn30-md0.0,0.9677657719336321,0.9402574162775588,0.9832745015844226,0.9995244956772334,0.9997550432276657,0.9805166698815757,0.9995210241374806,0.9992962384599472,30,200,15
nn15-md0.1,nn30-md0.1,0.9687703343159517,0.9415828638302844,0.9832745015844226,0.9995389048991354,0.9997694524495677,0.9805215057744391,0.9995355318160706,0.9993106434370829,30,200,15
nn15-md0.1,nn50-md0.0,0.004789868615447014,0.03190281116104235,0.002015668161072651,0.06396253602305475,0.6110230547550433,0.6674583436737122,0.9454545454545454,0.06338195606783677,30,200,15
nn15-md0.1,nn50-md0.1,0.5859502573852864,0.5708058258951408,0.6021011738689764,0.9954322766570605,0.9995389048991354,0.6490635617980987,0.9478260869565217,0.9913652363844775,30,200,15
nn30-md0.0,nn30-md0.1,0.9969987869547522,0.9921603455047168,0.9978875853978442,0.9999567723342939,0.999985590778098,0.9974602324226384,0.9999564548436729,0.9999280367184064,30,200,15
nn30-md0.0,nn50-md0.0,0.005151474796908383,0.03210635331438415,0.002015029629731385,0.06374639769452449,0.610806916426513,0.6793439685477077,0.9811320754716981,0.06336722310734651,30,200,15
nn30-md0.0,nn50-md0.1,0.6058640205778344,0.5918915753329701,0.6106619076622907,0.995792507204611,0.9997550432276657,0.6491358359750081,0.9478260869565217,0.9918673878785966,30,200,15
nn30-md0.1,nn50-md0.0,0.005136745844656746,0.03223948898482715,0.0020167821545517503,0.06377521613832852,0.610821325648415,0.6818456732452552,0.9886363636363636,0.0633965860440858,30,200,15
nn30-md0.1,nn50-md0.1,0.6050406223793359,0.5908090264354422,0.6106618707043476,0.9957780979827089,0.9997406340057637,0.6491310171391426,0.9478260869565217,0.9918529752247792,30,200,15
nn50-md0.0,nn50-md0.1,0.0022079335816588344,0.014654446342060992,0.0009104231247829853,0.059755043227665706,0.6105619596541787,0.03539126754305828,0.00832839316956088,0.03070403252998166,30,200,15
