dimension,n_neighbors,min_dist,seed,min_cluster_size,min_samples,cluster_count,cluster_size_gini,cluster_size_max,cluster_size_median,cluster_size_min,coverage,fit_seconds,labels_sha256,membership_mean_assigned,membership_median_assigned,n_papers,noise_count,noise_pct,persistence_mean,persistence_median,persistence_weighted_coverage,relative_validity
2,10,0.0,42,200,15,58,0.5742565930574942,8053,368.5,202,0.7828097982708934,1.92302929982543,134c5f97ad175a7c74955cafd79f7ee27c32d35860b698e8b023d017c01d2ea5,0.9051068138257461,1.0,69400,15073,21.719020172910664,0.1032083252490873,0.06656213004517214,0.0676687437196608,0.37327160709285556
2,10,0.0,211,200,15,62,0.5371464337194646,5573,391.0,200,0.7548847262247839,1.864209600025788,b48a81d254ff17f5a51491325b14d0f9f1db8598f21f42a1fad78732c5fa52de,0.9072664040419517,1.0,69400,17011,24.511527377521613,0.07735027615174729,0.041297903273863776,0.04613810127148365,0.22332851836792791
2,10,0.0,547,200,15,45,0.5673120455514885,7453,566.0,207,0.8069884726224784,1.8389411000534892,8734f7730f34e0eed68c8d4db5c656cd2bfe222dd5a5b07e21d2566d08a6317e,0.9125679730861687,1.0,69400,13395,19.30115273775216,0.13626578680703064,0.09314176816648348,0.06944804095349055,0.22892281468378825
2,10,0.1,42,200,15,6,0.811846394543984,67097,335.0,226,0.991599423631124,1.6433266000822186,ed6aefc21e401952e0453a96a888b20f1027dcb3374991243c079e3301104144,0.9923943463439973,1.0,69400,583,0.840057636887608,0.4088025924294552,0.43479708757878915,0.08911216899939486,0.024863056515990363
2,10,0.1,211,200,15,4,0.7392125368987672,68349,261.5,236,0.995792507204611,1.6406262000091374,2ccb2ab0a0c183e8a0b39116a9f1b2a2f09dd6c8a848b84e7f6e243f0c26cab2,0.9935847821245458,1.0,69400,292,0.4207492795389049,0.6118324915441409,0.698684885866844,0.1307024177669288,0.03425190475656449
2,10,0.1,547,200,15,3,0.6594475287223379,68662,263.0,243,0.996657060518732,1.525833599967882,813745222d92f7777d1cba8edbbe9e4bb90179bd24c8c75d8fde3cfe57738688,0.9960264769593944,1.0,69400,232,0.3342939481268012,0.5984511253944315,0.7837514518111229,0.09463397644338306,0.039728369621167485
2,15,0.0,42,200,15,4,0.7396882632636249,68461,253.5,225,0.9970172910662825,1.5543416000436991,f695255770a95c403e3949d192f65c58634ed375c31b4b4e51569a68812ab789,0.9916855031625499,1.0,69400,207,0.2982708933717579,0.43755219144797375,0.4055566929514357,0.040081627949268006,0.05976423135846885
2,15,0.0,211,200,15,56,0.507899470058895,4568,462.5,200,0.7255907780979827,1.4058279998134822,4f6fc746d139863d9f097aafc0727f23ddcfa73358ea70545ef0e96fc5152cd4,0.8686910924681982,1.0,69400,19044,27.44092219020173,0.08405919869071059,0.04798332028185855,0.049969864691604415,0.26732103026876397
2,15,0.0,547,200,15,55,0.5710844388008576,8061,379.0,206,0.7778242074927953,1.5450488000642508,23c9836de8be32c20cc834e71e85182df9b01129895561f0d37c0b5660bb9baa,0.8988638440039705,1.0,69400,15419,22.217579250720462,0.07745155220905495,0.039257390499414,0.04684689801337545,0.3402979987650778
2,15,0.1,42,200,15,44,0.536893641814047,7537,546.5,210,0.6969740634005763,1.9409944000653923,2be6c5187af923f6ccd2612c2b2ab8f7bcfb56976b476b47a6e42c8601be2dbd,0.9127539135539251,1.0,69400,21030,30.30259365994236,0.11009044406890425,0.07619315250069673,0.06062177062165488,0.44263119321692124
2,15,0.1,211,200,15,7,0.8341506318505797,67030,276.0,234,0.9923342939481268,1.8267910999711603,5903e24897fafedddf00ef55fce765e7d870586d60be6d8286bc4af5610e9e94,0.9893435972155085,1.0,69400,532,0.7665706051873199,0.451227313264665,0.5166351973014964,0.11996605218146841,0.013748315639259526
2,15,0.1,547,200,15,3,0.6594527004280287,68793,284.0,233,0.9987031700288185,1.770178599981591,156dc04c4ca4db3ce74762a2802c9a97731c30d5896fa4279d4154e4c87fd4e9,0.9958992042580734,1.0,69400,90,0.12968299711815562,0.5368430963397807,0.6803917187301317,0.11196429939174024,0.37685675217143355
2,30,0.0,42,200,15,50,0.602154339039246,11064,434.0,217,0.7735878962536024,1.794915199978277,4fc2d72f8a1fa2a1ede867bd5a843ad0a1ada4d0625d366d53bf8c71596fab69,0.8993864731467047,1.0,69400,15713,22.64121037463977,0.07273080984883,0.037462938355293816,0.03854449518756981,0.4307652378548149
2,30,0.0,211,200,15,57,0.5017856594963038,4221,413.0,207,0.6838472622478386,1.6676133000291884,062340a7d414f2167a863465e59476b6d385a4f017cb486b59f5c76947c265c7,0.8954077478223704,1.0,69400,21941,31.615273775216142,0.06963102020885581,0.03580661704932745,0.04043047524030008,0.27599665433820336
2,30,0.0,547,200,15,5,0.7850700651634853,68262,294.0,223,0.9994812680115274,1.67250379989855,02b408eb7e6d0041018dd726e7c0e55418dfe06fcfc52be1893004178c6ffdc2,0.9934965820231584,1.0,69400,36,0.05187319884726225,0.3215290094600066,0.22392226238921298,0.024669272247194177,0.07926104326963522
2,30,0.1,42,200,15,5,0.7868227559758946,68404,248.0,211,0.9994524495677234,1.8347461000084877,25e5b5cca10087409fae77f72572b5573a24643591bccdf83ecc0e975c1e2b6d,0.9946800028038678,1.0,69400,38,0.0547550432276657,0.36659371391893136,0.36744255241421164,0.10203596445620428,0.3079523638905362
2,30,0.1,211,200,15,4,0.7376784991617044,68280,323.5,261,0.9969452449567723,1.8718721000477672,59183f934147053eea0f3102f472bf187a132dfd7c25605036031989afbe849c,0.9967625313556231,1.0,69400,212,0.30547550432276654,0.4230384689522565,0.383101827759662,0.06386815514739128,0.01569845028773889
2,30,0.1,547,200,15,5,0.7851432205104488,68073,290.0,223,0.9970317002881844,1.7826281001325697,a014d4093a49f7f64eb6cd8b520f517759bf943cfd714c0c137cd346d81d2a6f,0.9948773343401116,1.0,69400,206,0.2968299711815562,0.5513226792087569,0.617877128620627,0.11611632913357378,0.22184747213632336
2,50,0.0,42,200,15,42,0.5934232948401886,7261,427.0,208,0.7932276657060519,1.3834559000097215,021f3937193faca108f2045b132c7298fb266d7ff1fc8b1cf8e443bad5707ae8,0.9065717344237187,1.0,69400,14350,20.67723342939481,0.07144063286711919,0.032951405397010386,0.03187388437369641,0.3098758094268127
2,50,0.0,211,200,15,56,0.5287482498796141,6519,451.0,203,0.7395244956772334,1.5038882000371814,0e10d632b3da7dda469db532b067a91466fecde7010459ac1f76d2cb968d45f3,0.8826505395295932,0.9988365864034552,69400,18077,26.047550432276655,0.09736733365431971,0.05038358754976083,0.05769126359824714,0.34633284568495437
2,50,0.0,547,200,15,59,0.47702070239579836,3925,447.0,201,0.6684005763688761,1.5422024999279529,51f0dd80364de732849592faa43b055a783d3305f783e6918ccfd09e52c23bdf,0.8746650908879293,0.9718544661186806,69400,23013,33.15994236311239,0.07563032030550959,0.04146607846148081,0.04216128393615004,0.29863866204193806
2,50,0.1,42,200,15,40,0.5489044336451799,6503,470.0,208,0.6730691642651296,1.565298300003633,c6b1d458753d5572fba783c82bffa110099c331d696766e797d4c92613364ea5,0.9251958120818566,1.0,69400,22689,32.69308357348703,0.09436313512675816,0.05882049129528179,0.04594837370787704,0.32778950218701974
2,50,0.1,211,200,15,50,0.4757325475974614,4098,527.5,205,0.6357348703170029,1.5270156001206487,153f612c1c5332888e965ae951c205d37f158a254c6eb53f3ab4d2b3ce922550,0.8984981005433968,0.9888921458394194,69400,25280,36.42651296829971,0.1169787291814596,0.07052379453106188,0.0648165171232305,0.3167862763492335
2,50,0.1,547,200,15,6,0.8145545348286821,67608,287.5,227,0.9944380403458213,2.1422611998859793,6d3a6017101be3403857e045364492d4d3b57e43e190464871598e42b3f521e3,0.9948714421928309,1.0,69400,386,0.5561959654178674,0.3786116210345987,0.36786845212645325,0.06805930654476056,0.011099199342742977
20,10,0.0,42,150,50,54,0.5641823870148377,6685,309.5,158,0.6719164265129683,6.326266000047326,d7cf2ae8b9ca3fc1a4f5ce86c67cdfc3f47f5f6cc893ae8d2411379603283133,0.8961738483505399,1.0,69400,22769,32.80835734870317,0.13653612113782568,0.08944338576344905,0.07561651608946765,0.31871921245917556
20,10,0.0,211,150,50,55,0.5678840319136982,8147,376.0,152,0.6644524495677233,8.766626399941742,e0cdbb5e03ced46f06e8f662630358c8dd3f7b1eb42c674d6d74ae10b2f929df,0.8879870809723541,1.0,69400,23287,33.554755043227665,0.147377101521556,0.09305544711887656,0.07892543304377239,0.2437570299265056
20,10,0.0,547,150,50,53,0.5361104290012922,5224,400.0,155,0.6498991354466859,5.8192427000030875,4c59ae35b320e2379227f2c7c984d5c5a0f200b231410ade415d5b5c8baba2e3,0.88526264926252,1.0,69400,24297,35.01008645533141,0.13894017396557806,0.09357572671532818,0.07144600539872276,0.28041202454500525
20,10,0.0,42,300,50,31,0.4416760372883195,6685,962.0,305,0.676671469740634,6.427974599879235,7c6a87a354884836ffcf49e0911f8ba76ece9628a29dfec93b7970d80bb59f98,0.8796699112001086,0.9818457791676597,69400,22439,32.3328530259366,0.19057875777710084,0.16803321684795802,0.12235214504853298,0.32441053723449875
20,10,0.0,211,300,50,28,0.5423968494833441,9837,1014.0,306,0.7121757925072046,8.617596899857745,6fb4ff9d0ca0008ffe879de41c7d899acce06213f9ceaf51e8424a920307515a,0.8926339462773322,1.0,69400,19975,28.78242074927954,0.17825341685321458,0.12437813982112358,0.1167141808407303,0.32913881383710525
20,10,0.0,547,300,50,33,0.4484442169774586,6051,947.0,303,0.6705763688760807,6.043687999946997,d4833ddb12680586cdd4db50f7ac066156c438e2dc9483776228c2f96034a334,0.8779013036590888,0.9497501508135606,69400,22862,32.94236311239193,0.16977434402539768,0.14769106123348438,0.11392036944774632,0.3505564682434118
20,10,0.1,42,150,50,3,0.6597449541196208,68847,280.0,220,0.9992363112391931,10.249828399857506,d67b5c5c92025bd6907e8c700d0b8990c702902560a5c0660d2da1a7db9d17cb,0.9972456189839836,1.0,69400,53,0.07636887608069164,0.5423919277002165,0.6407132750558597,0.08415483581223844,0.22208628543460737
20,10,0.1,211,150,50,3,0.6597898482771887,68819,277.0,219,0.9987752161383285,10.064701600000262,052c40453b88175807dbf184c35f0be456e6a8781993f841704809f514ce955d,0.9974042523015618,1.0,69400,85,0.12247838616714697,0.60428731166749,0.7958475233323556,0.10958105907199626,0.5413855563575857
20,10,0.1,547,150,50,3,0.6598610029702685,68870,260.0,224,0.9993371757925072,7.3321543000638485,378268f1284b0ea6e145d44bbde902540c38a653fd8597da83fe02f287b23713,0.9969562722880617,1.0,69400,46,0.06628242074927954,0.5673442907403401,0.707552521619216,0.08827623026532266,0.28896352874474707
20,10,0.1,42,300,50,26,0.4549013100831907,8674,1105.5,369,0.5878386167146974,9.793960399925709,c8d4636ce5c6401fb875b9f6cbfdd255007822adbfeb4a571d3ec1b6ae61ce35,0.8789600167081902,0.9372072543635637,69400,28604,41.21613832853026,0.1750220564691352,0.1527621683735659,0.09576347915783581,0.3336013032385991
20,10,0.1,211,300,50,2,0.4945591435797895,67634,34002.0,370,0.9798847262247838,12.08371979999356,e2dfe4f2b1be5353c759a8e19bba10e4a1f81ad66a552183a09dfdbc1f6c75ea,0.9821668061894182,1.0,69400,1396,2.0115273775216136,0.26517967995671876,0.26517967995671876,0.11895952995040168,0.0005024812799386002
20,10,0.1,547,300,50,28,0.36376131048733007,3577,1251.5,333,0.5519020172910662,8.037534599890932,f8c15d8f93f479d653cac5d0f9e67ca70d52c87ceb22762aa624602fa05d9369,0.8702065421535856,0.9191111408538385,69400,31098,44.80979827089337,0.14959198412780395,0.14417995966255687,0.0860071312799662,0.13783669036913115
20,15,0.0,42,150,50,58,0.48739339110354335,3915,396.5,158,0.5955763688760807,8.64956899988465,63ca94747cb42eb30661b5c11de597cd16027764505bfa4eeddbfa2ee0a65d77,0.8459924939214429,0.9198535719523122,69400,28067,40.44236311239193,0.12490773086791593,0.08529438770590378,0.06682201359460115,0.2716719514595826
20,15,0.0,211,150,50,55,0.49508396725903914,3815,400.0,155,0.6162968299711815,9.253391500096768,d8937a03bdd007faf7c3246b617389b635decda1e53f4e333aa344c3b09956a0,0.8636167563392669,0.9481915724875123,69400,26629,38.37031700288184,0.1172484002396669,0.07082942250525302,0.05938166866560787,0.25714093545148375
20,15,0.0,547,150,50,54,0.5114005294653422,3906,415.5,150,0.6269452449567723,8.450576800154522,5ee43c9c1192a2fc24bf66585f5d3ae6bbdb3b1641d60058910a654522b86477,0.8700866938764352,0.9629026542058455,69400,25890,37.305475504322764,0.10424297047577152,0.06423360973122393,0.05289108444365178,0.29182991261265034
20,15,0.0,42,300,50,32,0.4898674665178572,9065,808.0,301,0.6455331412103746,9.415886600036174,4d49eb89bec1b95e71a41bce67b873ee72c40dfe5a523963f8fab610ce83a250,0.8715633660236681,0.9673321071798295,69400,24600,35.44668587896253,0.1750123452621402,0.14620140078592664,0.11013728960586776,0.1943193215234173
20,15,0.0,211,300,50,33,0.3849463367659164,3988,1040.0,344,0.6184726224783862,8.865429400000721,6eebe19965965cc87bcd1c06703b068c88791a5cb4b24cbe7338b8d7d9ce884c,0.8537971045001719,0.9186830990429431,69400,26478,38.15273775216138,0.17903473103731526,0.14806411936626115,0.11251089487967263,0.3322273064726703
20,15,0.0,547,300,50,34,0.43506067735866194,3906,782.0,309,0.6437608069164266,7.915740800090134,502b7b63e1f64e494a59493a45635d8aea29799462b930698165fbfb83bfb7f1,0.8679158383176002,0.944898072809171,69400,24723,35.62391930835735,0.17159030495531913,0.1523013077763369,0.11463804356711557,0.21986258950650572
20,15,0.1,42,150,50,2,0.4968583822109496,69173,34695.5,218,0.9998703170028819,8.339500200003386,04e16c74dbd6da905a63cbb951c355ddf503aa9459afdbdd575e0adace4c00f1,0.9989420468845623,1.0,69400,9,0.012968299711815562,0.4842370192399736,0.4842370192399736,0.06190225191827744,0.4562950980205346
20,15,0.1,211,150,50,3,0.6598340372575306,68880,275.0,218,0.9996109510086455,9.620564500102773,b36817bea0244606a965573e69c31d0568a28e3875583a7ad01a4ddcbc3cdd36,0.9947437517947648,1.0,69400,27,0.03890489913544669,0.5704007225218671,0.7018343820377487,0.10517162557638939,0.02026350253583213
20,15,0.1,547,150,50,4,0.7383190759477181,68189,339.5,219,0.9954899135446685,10.391628900077194,b1bd1787592754a5be13b8455cdbbf27072275a444388bdf6054fa23422ced46,0.9764840920772802,1.0,69400,313,0.45100864553314124,0.49032492851064363,0.4990113006817555,0.08020997889929882,0.0072424471157053385
20,15,0.1,42,300,50,26,0.49032309752440695,9239,833.5,318,0.5810662824207493,9.337297599995509,609bdc0f36c4301c38297db1fdcb1c0fe02c699732d54a6deca644b160b6738c,0.8896360811967619,0.9520922845381868,69400,29074,41.893371757925074,0.1645986038506525,0.14673572125451168,0.08738793573075238,0.3573744162438951
20,15,0.1,211,300,50,24,0.45465318737712024,8103,1212.0,368,0.5765417867435159,9.575124999973923,a84e9937419224ce1152327aa6e6052b8c8d605745dedd4d0464bccbfe3aa2c0,0.8802288639352527,0.9465521451271945,69400,29388,42.345821325648416,0.1625033667949153,0.13911686854571165,0.0872061322826095,0.32238100693302163
20,15,0.1,547,300,50,2,0.4941536667152646,68189,34295.0,401,0.988328530259366,9.298525999998674,89a9cf5945eb45230b8af07bee3b86275351f3e6116be40cc54baabb240d6460,0.9778389931163586,1.0,69400,810,1.1671469740634006,0.31209762557807386,0.31209762557807386,0.14630290613392957,0.00026580396705800686
20,30,0.0,42,150,50,3,0.6599494527248441,68893,263.0,218,0.9996253602305476,7.666410999838263,da09ea6fccc1b4a05ed4d7d85ef8ee9e5529c6994379ffa83c93941412cf463d,0.9957655973058046,1.0,69400,26,0.037463976945244955,0.5908915082558696,0.8396057319044353,0.06732253073076055,0.6912428868676597
20,30,0.0,211,150,50,3,0.6599494527248441,68893,263.0,218,0.9996253602305476,9.459123100154102,62c1537e8b051f03bf26c0af4c0e7a0ee555eed91a934d17128c0d77944f18b9,0.9940480627740799,1.0,69400,26,0.037463976945244955,0.5047787141394183,0.5872640283886289,0.051841374638269225,0.5899645848784156
20,30,0.0,547,150,50,52,0.5187174039704984,3667,416.0,151,0.6239769452449567,9.56760110007599,1611c1b17e0040aed917f0fefb04cf701ea48621d5fba09b79a5dba5a8b2d697,0.8676866203221796,0.974786665359175,69400,26096,37.60230547550432,0.08555738826777826,0.05446920108308867,0.04314521719930336,0.3282684180167674
20,30,0.0,42,300,50,31,0.4588323440240687,7766,734.0,312,0.6402305475504323,8.090794799849391,7b06ac82326e3de249acd092b267e0259468c659a77425dc1d88e870e924a472,0.8590706339605394,0.9457819442030602,69400,24968,35.976945244956774,0.15299770785800956,0.1264379735519591,0.10193556674458805,0.30138959320785674
20,30,0.0,211,300,50,35,0.4140392465827445,4114,748.0,307,0.5904755043227665,9.359922500094399,545f70d6014a5c35e1b1c5dcb7ce2d867a0b1b207b71cf07bfb6d25c19f8131d,0.8165343617561618,0.8557610784348111,69400,28421,40.95244956772334,0.16717844992414163,0.15395712480360926,0.11281113002340955,0.20349393957022688
20,30,0.0,547,300,50,31,0.4449523944862867,6170,1056.0,313,0.654178674351585,9.5536213000305,428b2f16cac170ba2ab28be6aa9165a4c610cc622c514a031aac29a0eec75cc7,0.8502341976202057,0.9169101482111948,69400,24000,34.5821325648415,0.1701554918592339,0.13570572038377304,0.11586696104545811,0.29780465849444265
20,30,0.1,42,150,50,2,0.4968583822109496,69173,34695.5,218,0.9998703170028819,10.304749300004914,04e16c74dbd6da905a63cbb951c355ddf503aa9459afdbdd575e0adace4c00f1,0.999302261331471,1.0,69400,9,0.012968299711815562,0.4863809819707361,0.4863809819707361,0.07470146403244243,0.5597385686692441
20,30,0.1,211,150,50,2,0.4968583822109496,69173,34695.5,218,0.9998703170028819,9.7159321999643,04e16c74dbd6da905a63cbb951c355ddf503aa9459afdbdd575e0adace4c00f1,0.9991977638643832,1.0,69400,9,0.012968299711815562,0.47988459759744634,0.47988459759744634,0.06742489282794417,0.5728513090277683
20,30,0.1,547,150,50,2,0.4968583822109496,69173,34695.5,218,0.9998703170028819,10.568294500000775,04e16c74dbd6da905a63cbb951c355ddf503aa9459afdbdd575e0adace4c00f1,0.9990920724443302,1.0,69400,9,0.012968299711815562,0.4738272593422298,0.4738272593422298,0.06647370209415361,0.5671175134104711
20,30,0.1,42,300,50,24,0.5067245367373536,8424,973.0,341,0.5564985590778098,8.892320699989796,a5521126f1cc86781931a096e703e45716e5750ba75fc7f334a104d6382e396f,0.8895177711590946,0.9623907636423727,69400,30779,44.35014409221902,0.16840621718521573,0.1410269910780675,0.0812779013434936,0.2241867005169385
20,30,0.1,211,300,50,31,0.39639370727947315,3415,927.0,306,0.5107636887608069,9.74060339992866,a77cce26d4f05ec4b92cfbe8bac3e3b8dea5893a877f8afc07edb7acf73180e9,0.8589952296576033,0.89787563989607,69400,33953,48.92363112391931,0.15419283189165975,0.13443842797223376,0.08651328222700451,0.18006691919059303
20,30,0.1,547,300,50,23,0.49619667928414535,8743,1077.0,331,0.5718299711815562,10.717014699941501,aabe12a0197ae6a99aeaafcc7796eed0fb229eca71ba386817dd08d21180fec6,0.8962720332164286,0.9710341681559054,69400,29715,42.81700288184438,0.17313603602201044,0.14580424662668034,0.07988987014211107,0.20146199325980058
20,50,0.0,42,150,50,3,0.6599684791174154,68893,261.0,218,0.9995965417867435,6.341846600174904,d40640930a33f784a472190e10cf091cb2acd8a2cbb9c5def4cd14b4fca2dbf5,0.9882254322098497,1.0,69400,28,0.040345821325648415,0.5004829670718185,0.6080568702233375,0.04380863698012566,0.05190449424405075
20,50,0.0,211,150,50,48,0.5837977020852129,9756,416.5,153,0.6548559077809798,7.298408699920401,56bfac7c5625c01cca37225d7363d3b66eaeb0435c0980ff49b7aeffa31f928e,0.8589001370967264,0.9901109074024513,69400,23953,34.514409221902014,0.10254810871171299,0.05744129756195221,0.04750070684649281,0.38305256474260096
20,50,0.0,547,150,50,55,0.5024658797246442,4138,409.0,150,0.5910374639769452,6.364188199862838,b94d9ca293fd729f843fbae3a32160ab41042f968d3eb65f5aa75145df033461,0.8379932467770183,0.9064296382605661,69400,28382,40.89625360230548,0.061033278560706804,0.0348190745989453,0.027946237523774935,0.3309472966504898
20,50,0.0,42,300,50,31,0.4522172975279088,6036,1091.0,310,0.6275504322766571,6.5530419000424445,4b90856679675a91aa0ec8214a5e79a9eff1d64a4bea923293ebeb038fac2712,0.8324709525107863,0.8762480557365209,69400,25848,37.24495677233429,0.17117320080615286,0.1372625240360356,0.10916733800290455,0.3151080024983973
20,50,0.0,211,300,50,34,0.4016010688142448,3831,897.5,309,0.5906484149855907,7.075351899955422,c853afc886e0f4e5d92f3f79015a8fd62ec7a62180256a7649605db337048c8f,0.8159536051420279,0.8349905520583355,69400,28409,40.935158501440924,0.17164532073014718,0.13926096543511246,0.11078496777366063,0.2501129093174448
20,50,0.0,547,300,50,32,0.3787756178420736,4138,1011.5,369,0.5976224783861671,6.416968900011852,70f69261a5bb013991f239517bdf401c4b336dab87e4e576010480b09ca04916,0.8120755549307906,0.8442764881054936,69400,27925,40.237752161383284,0.18022810641006293,0.15365055247773224,0.11287707847122072,0.2667902645354235
20,50,0.1,42,150,50,2,0.49668544912164403,69161,34695.5,230,0.9998703170028819,8.480263199890032,3e86ffae134b21c17578c5963f4598d30ecb8a83b6b1730e4d481de87beae043,0.9985054710231298,1.0,69400,9,0.012968299711815562,0.45680272154586893,0.45680272154586893,0.06563935729413779,0.13071063075807435
20,50,0.1,211,150,50,2,0.49668544912164403,69161,34695.5,230,0.9998703170028819,8.596332099987194,3e86ffae134b21c17578c5963f4598d30ecb8a83b6b1730e4d481de87beae043,0.9966503860445589,1.0,69400,9,0.012968299711815562,0.4641477215100093,0.4641477215100093,0.08106004039866972,0.04919197709313902
20,50,0.1,547,150,50,2,0.49668544912164403,69161,34695.5,230,0.9998703170028819,8.676106800092384,3e86ffae134b21c17578c5963f4598d30ecb8a83b6b1730e4d481de87beae043,0.9974855764621701,1.0,69400,9,0.012968299711815562,0.44012162900122204,0.44012162900122204,0.06025154283326842,0.02899329342673854
20,50,0.1,42,300,50,24,0.5081043703956165,7898,918.0,342,0.5496109510086455,8.233117899857461,104414a2e7019bb4ce6a5fd73bd3c143887cae60bec65db3720a4bcf2e47eb5c,0.8867356922296727,0.9593219025482203,69400,31257,45.038904899135446,0.16161873429491072,0.13246001748842512,0.08146318450405769,0.31010027911340077
20,50,0.1,211,300,50,26,0.4702902144542874,7995,901.5,311,0.5185014409221902,9.021269399905577,d69085469d5bf0ffdec8224252701b22871886eda2f2d2e12dcf695ff45779d2,0.8768281797404981,0.9324749168353295,69400,33416,48.14985590778098,0.1598860332054411,0.14086486123143177,0.07875812773785208,0.2011202926261927
20,50,0.1,547,300,50,27,0.43671585988543016,5964,934.0,328,0.5144380403458213,9.861207500100136,f5dd786b7c104ff262fd2ab16135a604049cc20c2b582066304146e10b1d95e7,0.8699730107361737,0.9107311330032662,69400,33698,48.55619596541787,0.16232504883625798,0.1391347558189879,0.08220312020483814,0.28052870136687286
30,10,0.0,42,200,15,52,0.4835264938434162,4003,487.5,209,0.6801729106628243,6.660871300147846,ffdaec737916f58fb3f98662ef760a02bbf1edf853b292777fb14f75ef635fc5,0.8724031427729932,1.0,69400,22196,31.98270893371758,0.18023684746929622,0.11871535393584295,0.11121118686172196,0.2383545982237075
30,10,0.0,211,200,15,52,0.4545684828479505,3060,513.0,207,0.6366570605187319,9.060700700152665,2aac838e06539886aa89a99aade138c1670c848d48d8de17e31af2a7182425da,0.8863318146288784,1.0,69400,25216,36.3342939481268,0.18002735066304598,0.13086013952150527,0.10410168096551442,0.22497557622395012
30,10,0.0,547,200,15,48,0.47448705655037676,4268,593.5,206,0.6686887608069164,7.1065173000097275,abf55eaf4979a585e2ae299c51f32a1331dffc818114669abe64b0797127b593,0.8870765072672805,1.0,69400,22993,33.13112391930836,0.18936287505366636,0.12999363248243076,0.10326669469108084,0.2812564931599398
30,10,0.1,42,200,15,4,0.7382128781731773,68108,344.0,220,0.9944668587896254,10.111965300049633,cb877eda9234874d75654a575896177c187ac8074e92bcccf49c7d71bf6a1c82,0.9858817571067824,1.0,69400,384,0.5533141210374639,0.6089838514184815,0.6878252018934519,0.10108436605918031,0.00748735125776866
30,10,0.1,211,200,15,4,0.7382754225627508,68139,342.5,219,0.9948559077809799,12.947163899894804,6bc3991758b23af44fa9b9ebb91cfb59c60653ffca2bb085791ef921b982dc26,0.9705665772933314,1.0,69400,357,0.5144092219020173,0.5930110102005282,0.6851064076716007,0.13086474655725938,0.007517437609217788
30,10,0.1,547,200,15,3,0.6598321654122329,68867,263.0,224,0.9993371757925072,9.68208170006983,3b9c218c6ffe7c493ef6a62e46dfbc18930169f5092411cde5039d5446fe8f8a,0.9954828521331448,1.0,69400,46,0.06628242074927954,0.6447545768134542,0.8422912263315335,0.1330677156694799,0.09353377139607416
30,15,0.0,42,200,15,49,0.48168338480756945,3933,533.0,200,0.6468876080691642,8.501963300164789,0b52f3ee2db1ec891e83eb3a1adf50ef12e6bf6ce3d967d41a11c397ceeafa95,0.887144702046882,1.0,69400,24506,35.31123919308357,0.16562967625549577,0.10510684267185537,0.0902542080881775,0.300568746517983
30,15,0.0,211,200,15,48,0.4795020157197134,3113,501.0,200,0.6624207492795389,8.54004650004208,ae23cb01a3089952e90e2dec8a61c5de34db29a44daa4f76d7b406bb69e0994d,0.890488357604987,1.0,69400,23428,33.757925072046106,0.1690846309958565,0.11092145485803603,0.0911588446835608,0.26123707443639943
30,15,0.0,547,200,15,47,0.46167197680527655,3992,578.0,205,0.6436455331412104,8.547359799966216,2ad175ed55a959f88775d5b9888cb805aa3385c28eb740ccc21cffe643f70863,0.8899167459674603,1.0,69400,24731,35.63544668587896,0.15798462209772296,0.10690900938081782,0.08591398499263113,0.2528320396035475
30,15,0.1,42,200,15,3,0.6598531588152761,68880,275.0,217,0.9995965417867435,9.798024199903011,ae8026710d7b3d433b3c466e7ac6b7d85c44b1ca864f904609d56d2f0c5d620a,0.9971574506440315,1.0,69400,28,0.040345821325648415,0.597732093297627,0.8441969265653174,0.09497755701745243,0.17707234654368342
30,15,0.1,211,200,15,3,0.6598518817553118,68868,273.0,218,0.9994092219020173,9.95402120007202,7754e52ba75153afbafa65628332c42f4822850ee71806b34f29d3d753ced5b7,0.9959686412628836,1.0,69400,41,0.05907780979827089,0.6531643987841443,0.8602137800285565,0.1372794086658265,0.2782199115708943
30,15,0.1,547,200,15,3,0.6598124462260931,68854,277.0,218,0.9992651296829971,9.740608499851078,ba5e0aeefb8b1db2f720e5a7fd72ffaef176f552d90eda8ee57e670d4d019259,0.9955842812194117,1.0,69400,51,0.07348703170028818,0.6043341341453156,0.8217439536159268,0.13497042600675738,0.27818904134883105
30,30,0.0,42,200,15,3,0.6599494527248441,68893,263.0,218,0.9996253602305476,8.475845200009644,da09ea6fccc1b4a05ed4d7d85ef8ee9e5529c6994379ffa83c93941412cf463d,0.9916805970028687,1.0,69400,26,0.037463976945244955,0.5486793442098749,0.7328806823452536,0.11068068805301247,0.6579795302029878
30,30,0.0,211,200,15,50,0.4904484232413076,4175,467.0,203,0.6237031700288185,8.339236200088635,c0a3d2dc42ae4d8da988e532426254ffba44e98831d910fd38147e154c1ea61d,0.8782855617547923,0.9955130926064449,69400,26115,37.62968299711816,0.1530674426086464,0.09975307678102305,0.0853956782861294,0.27334256800859225
30,30,0.0,547,200,15,3,0.6599494527248441,68893,263.0,218,0.9996253602305476,8.879492900101468,f67069a11cba0e83ed90240530229f9e17b45fb0e2e8cbd7fed4b9d2cace97b5,0.992376820745095,1.0,69400,26,0.037463976945244955,0.5311017691677223,0.609894537699008,0.09489521064733289,0.6874644408599709
30,30,0.1,42,200,15,2,0.4968583822109496,69173,34695.5,218,0.9998703170028819,9.105813700007275,04e16c74dbd6da905a63cbb951c355ddf503aa9459afdbdd575e0adace4c00f1,0.9995848014931161,1.0,69400,9,0.012968299711815562,0.45609337678805884,0.45609337678805884,0.09086664610152774,0.6706049691056739
30,30,0.1,211,200,15,3,0.6599493558973473,68892,263.0,218,0.9996109510086455,10.985665099928156,98286f1ea0c102c5d92330d7008c96237637814cc77679d3b06d82278679f21f,0.9915720535746525,1.0,69400,27,0.03890489913544669,0.5635348315482939,0.7119102273756052,0.11682694668729623,0.09579792262287404
30,30,0.1,547,200,15,3,0.6599579020212797,68882,262.0,218,0.9994524495677234,9.13348209997639,6397bc374bb7c06d5073f94f0418a7aaafb674c9f6cc1ad3b731aad6cbbf9de4,0.9854765759842659,1.0,69400,38,0.0547550432276657,0.5912629782340334,0.7756261582991203,0.12455137064654724,0.01564611960575583
30,50,0.0,42,200,15,41,0.5321804501936751,7773,561.0,207,0.6223198847262248,7.326155300019309,99d9d18758a419a64d5b9e5675eb2a0246fd92e9fbafd6ebeba27f82068b3045,0.8781588652954592,0.9963114741208444,69400,26211,37.768011527377524,0.12810929283303255,0.08471862567553186,0.06669062767487084,0.193590143839737
30,50,0.0,211,200,15,41,0.5112264894020043,7038,591.0,207,0.6447406340057636,7.962408399907872,52fe5ddea2360cf2cd78cba4acea315a884b1c1dae6307d768dd08ce615579d2,0.8762323965541813,0.9898559424626915,69400,24655,35.52593659942363,0.17449461501920624,0.11247569488025708,0.08514083736215017,0.19163836238877946
30,50,0.0,547,200,15,44,0.47177813924344003,3920,551.5,206,0.6104322766570606,7.014486600179225,94e19705ea7ac2573ddfba16b2788e150ab17db92114bc4b476a8344e033d1c5,0.8618260004861894,0.9539660050016597,69400,27036,38.95677233429395,0.16276102927298777,0.10978063660003384,0.08372267170884011,0.15464635327092174
30,50,0.1,42,200,15,2,0.49668544912164403,69161,34695.5,230,0.9998703170028819,8.79334339988418,0a5a1c699dd5ea8e1fc3ce838fdb54a36081e1601d155ba51849b39793fb5e82,0.9873266220162998,1.0,69400,9,0.012968299711815562,0.37850200023341873,0.37850200023341873,0.15989862126350152,0.4498385373482771
30,50,0.1,211,200,15,2,0.49668544912164403,69161,34695.5,230,0.9998703170028819,10.338494499912485,3e86ffae134b21c17578c5963f4598d30ecb8a83b6b1730e4d481de87beae043,0.9916254299604458,1.0,69400,9,0.012968299711815562,0.468681524890319,0.468681524890319,0.14984119660687692,0.36652066799113253
30,50,0.1,547,200,15,2,0.49668544912164403,69161,34695.5,230,0.9998703170028819,9.397978400113061,0a5a1c699dd5ea8e1fc3ce838fdb54a36081e1601d155ba51849b39793fb5e82,0.9947296874469553,1.0,69400,9,0.012968299711815562,0.5169068859788424,0.5169068859788424,0.13684929727401618,0.33074546056742204
