selected,balancedScore,selectionMethod,minClusterSize,minSamples,clusterCount,noisePct,coverage,meanMembership,medianMembership,silhouette2d,parameterAgreementAri,fitSeconds
True,0.795444187838801,eom,150,50,104,15.533141210374641,0.8446685878962537,0.9054882449914948,1.0,0.41902855038642883,0.8175930884746099,45.51672380010132
False,0.7879785142583559,eom,200,50,89,15.59365994236311,0.8440634005763689,0.9104992879659578,1.0,0.39974042773246765,0.8057196906558085,45.344674900057726
False,0.7707749049099235,eom,200,25,94,14.719020172910662,0.8528097982708934,0.906258904896232,1.0,0.38901257514953613,0.8123845506585816,44.186724299914204
False,0.7591092450720087,eom,150,25,108,14.554755043227665,0.8544524495677234,0.9042645514187369,1.0,0.41860002279281616,0.7951736981106631,44.548381299944595
False,0.7261654722442182,eom,200,15,94,14.548991354466859,0.8545100864553314,0.9093961404853085,1.0,0.4047635495662689,0.7634302383856417,44.06069670000579
False,0.6925494854850094,eom,100,50,143,14.897694524495678,0.8510230547550433,0.8964098907544156,1.0,0.4074035882949829,0.7887785630779657,45.85830469999928
False,0.6619130186254985,eom,100,10,182,13.988472622478387,0.8601152737752161,0.8914089828922472,1.0,0.4352220594882965,0.7682681263101342,44.5007445999654
False,0.6484948781461574,eom,500,15,34,25.14841498559078,0.7485158501440922,0.8952957901629519,1.0,0.37666553258895874,0.8237989994688012,39.721097599947825
False,0.6482890287569547,eom,100,25,157,13.605187319884726,0.8639481268011527,0.9006414196326065,1.0,0.41370725631713867,0.736718025271007,45.40867629996501
False,0.6456543210540762,eom,150,15,117,15.812680115273775,0.8418731988472622,0.8996789902868425,1.0,0.43114912509918213,0.7379403326223801,44.14595639996696
False,0.6385224280999805,eom,200,10,94,15.128242074927952,0.8487175792507204,0.9115232236760935,1.0,0.35984253883361816,0.7273294431194771,43.96842609997839
False,0.635058226441448,eom,75,50,177,15.605187319884726,0.8439481268011527,0.8936569686793587,1.0,0.4165711998939514,0.7600590866188701,41.93260320008267
False,0.628705754632976,eom,100,5,191,13.89193083573487,0.8610806916426513,0.8967517226980792,1.0,0.40467286109924316,0.7444389736613078,40.66100040008314
False,0.6171259528774862,eom,150,10,129,17.139769452449567,0.8286023054755043,0.890180449583433,1.0,0.4468560814857483,0.7507813628402544,44.31737609999254
False,0.615381697445825,eom,100,15,187,15.778097982708934,0.8422190201729106,0.888582080728358,1.0,0.4582054913043976,0.7435853941871198,44.557232600054704
False,0.6151289622389194,eom,500,25,35,27.963976945244955,0.7203602305475504,0.8904167140245857,1.0,0.4317321479320526,0.8013649850712575,40.003631399944425
False,0.6126690221706947,eom,300,15,57,19.478386167146976,0.8052161383285302,0.8917754313277316,1.0,0.36414456367492676,0.7973980366422342,44.18554750003386
False,0.5859650884927191,eom,300,50,54,20.991354466858787,0.7900864553314121,0.8999579349589668,1.0,0.3840438723564148,0.7462697908998975,40.90525220008567
False,0.5843574050658662,eom,300,25,57,20.67579250720461,0.7932420749279538,0.8895542449109792,1.0,0.3765784800052643,0.7854814560898024,44.090752199990675
False,0.5828174812087239,eom,300,10,56,19.544668587896254,0.8045533141210375,0.8853653133105377,1.0,0.3705591857433319,0.7982494326730033,43.423461799975485
False,0.5757318004786287,eom,150,5,127,15.955331412103746,0.8404466858789625,0.8808918092862235,1.0,0.4135116636753082,0.7714530219606975,44.653348300023936
False,0.5723444200536556,eom,500,10,33,25.110951008645532,0.7488904899135447,0.8829081911741725,1.0,0.3753397762775421,0.8206201373626906,39.69976659992244
False,0.5678820158024438,leaf,150,15,165,31.540345821325648,0.6845965417867436,0.8928173351850262,1.0,0.5444988012313843,0.7152620712601238,44.56960629997775
False,0.566317252425046,eom,200,5,99,15.720461095100866,0.8427953890489913,0.8961883879385774,1.0,0.38986071944236755,0.7225532488535169,44.05853429995477
False,0.5402366297745161,leaf,150,50,142,36.11671469740634,0.6388328530259366,0.8908112847999184,1.0,0.5894327759742737,0.6989277463875094,46.176794399973005
False,0.5372708307576483,leaf,200,15,127,30.952449567723345,0.6904755043227666,0.8963180729731193,1.0,0.5329878330230713,0.6871945005368206,44.599687599926256
False,0.5254326287898761,leaf,150,25,159,32.73919308357349,0.6726080691642651,0.8927431384646696,1.0,0.5634509921073914,0.6830710981261321,45.37946279998869
False,0.5145031051456799,leaf,200,10,126,30.061959654178676,0.6993804034582133,0.8952555225256661,1.0,0.5246776938438416,0.6775057430421446,44.47930769994855
False,0.5069477508983848,leaf,150,10,164,30.028818443804035,0.6997118155619596,0.8891435600200038,1.0,0.5440645217895508,0.6838683509925236,42.999117599916644
False,0.5044564453889276,leaf,200,50,112,33.257925072046106,0.6674207492795389,0.8945109286337288,1.0,0.5600639581680298,0.6674032045924024,45.79604429996107
False,0.49254702748226975,eom,500,50,33,28.2521613832853,0.717478386167147,0.8817069817626075,1.0,0.42111629247665405,0.7619673506028796,41.190031399950385
False,0.4525329678222228,leaf,200,25,121,28.476945244956774,0.7152305475504322,0.8903622727775126,1.0,0.5023643970489502,0.6615994003255554,44.74932100006845
False,0.44954924000921315,eom,500,5,34,23.729106628242075,0.7627089337175792,0.8665020990223177,1.0,0.37228813767433167,0.7977474267244773,39.75827130000107
False,0.4491974432438798,eom,300,5,56,18.778097982708932,0.8122190201729107,0.87808326368375,1.0,0.35931140184402466,0.7427425583862259,44.05476839991752
False,0.4271676899797441,leaf,500,15,44,35.14697406340058,0.6485302593659943,0.8805716656246534,1.0,0.43717315793037415,0.7439892111864076,40.56423439993523
False,0.4173979731873173,leaf,500,25,42,34.465417867435164,0.6553458213256484,0.8832354800638076,1.0,0.4457496404647827,0.720693091994009,41.05701109999791
False,0.3627450321163166,leaf,200,5,126,25.658501440922187,0.7434149855907781,0.8743737807369877,1.0,0.4946739077568054,0.6548295503188373,44.59093710000161
False,0.36130168081503633,leaf,500,10,42,34.64553314121038,0.6535446685878963,0.8684140528187912,1.0,0.4345931112766266,0.7452962095782171,40.456316300085746
False,0.3440960779879128,leaf,300,25,74,33.080691642651296,0.6691930835734871,0.8772052602206002,1.0,0.49326324462890625,0.6640171998302316,44.39549139991868
False,0.3378777477389871,leaf,300,15,74,32.5850144092219,0.674149855907781,0.8759606238348608,1.0,0.4843902587890625,0.667408225590137,44.38420450000558
False,0.29778373372824724,leaf,300,10,76,30.554755043227665,0.6944524495677233,0.8698136562960226,1.0,0.46428734064102173,0.6668418846580755,43.98003430000972
False,0.28168810049084636,leaf,150,5,162,25.834293948126803,0.741657060518732,0.8682794392557073,1.0,0.4928143322467804,0.6270777788807742,43.00172369997017
False,0.281368645165467,leaf,300,50,70,36.81844380403459,0.6318155619596542,0.8882939930337955,1.0,0.48940014839172363,0.6018075095179624,42.25562319997698
False,0.22864679731162466,leaf,500,50,38,35.02017291066282,0.6497982708933717,0.8777821355370977,0.9903189999582594,0.4512656331062317,0.6198175888032316,41.200900099938735
False,0.2036521056397281,leaf,500,5,42,34.17146974063401,0.6582853025936599,0.8586061809471044,1.0,0.4460752606391907,0.6722998176000474,40.72322509996593
False,0.1836818619580616,leaf,300,5,78,30.646974063400577,0.6935302593659942,0.863384828086177,1.0,0.459953248500824,0.6203552559280802,44.22228260000702
False,-1.0,eom,75,5,275,14.39193083573487,0.8560806916426513,0.8910598188728044,1.0,0.4555872976779938,0.725700580680775,40.57417749997694
False,-1.0,eom,75,10,251,13.780979827089338,0.8621902017291067,0.8938041565517177,1.0,0.4417908787727356,0.7603651753533684,40.71504569996614
False,-1.0,eom,75,15,246,14.981268011527376,0.8501873198847262,0.8911612209359684,1.0,0.4591512978076935,0.7790160889471162,40.56645809998736
False,-1.0,eom,75,25,219,15.243515850144092,0.847564841498559,0.9014387585862608,1.0,0.4339752793312073,0.7085508564630248,41.6323772999458
False,-1.0,leaf,75,5,370,24.99423631123919,0.7500576368876081,0.8732760110402038,1.0,0.5645074248313904,0.6490929468888094,39.699311499949545
False,-1.0,leaf,75,10,348,26.04178674351585,0.7395821325648415,0.8707256983570676,1.0,0.5632704496383667,0.6686058000496048,40.52034739998635
False,-1.0,leaf,75,15,334,27.78386167146974,0.7221613832853025,0.8675473223074449,1.0,0.587981104850769,0.683261230308842,40.27640680002514
False,-1.0,leaf,75,25,318,31.229106628242075,0.6877089337175792,0.8762095845235315,1.0,0.6068097352981567,0.6533929710990497,40.79726480005775
False,-1.0,leaf,75,50,262,35.40057636887608,0.6459942363112392,0.8600047404507734,0.9777418402436632,0.6531800627708435,0.6894755126754446,41.624986100010574
False,-1.0,leaf,100,5,268,27.13976945244957,0.7286023054755043,0.880014495711892,1.0,0.5440294146537781,0.6064518115305437,39.97258860000875
False,-1.0,leaf,100,10,254,26.7521613832853,0.732478386167147,0.8736562333970516,1.0,0.5579457879066467,0.6606203751348695,42.66249150002841
False,-1.0,leaf,100,15,244,26.89769452449568,0.7310230547550433,0.8716696295653533,1.0,0.5735888481140137,0.6865709861360771,42.6469431000296
False,-1.0,leaf,100,25,237,30.85158501440922,0.6914841498559078,0.8799833524828792,1.0,0.5932433009147644,0.6734600476110593,43.32082089991309
False,-1.0,leaf,100,50,204,34.7550432276657,0.652449567723343,0.8707324542719794,0.9953510370808492,0.6100871562957764,0.712769432837904,44.449797999928705
