activeTopics,assignmentStabilityAri,docTopicPrior,finalScore,fitSeconds,heldOutPerplexity,iterations,key,meanDominantProbability,meanHeldOutPerplexity,meanNormalisedDocumentEntropy,meanNpmiCoherence,meanSeedDominantProbability,meanTopicDiversity,meanTopicExclusivity,medoidSeed,npmiCoherence,preliminaryScore,priorVariant,seed,selected,stabilityCandidate,testHeldOutPerplexity,testMeanDominantProbability,testNpmiCoherence,testTopicUsageEntropy,topicCount,topicDiversity,topicExclusivity,topicStability,topicUsageEntropy,topicWordPrior
100,0.2191390659945217,0.01,0.5806486129241939,235.48926320008468,8728.268045977078,10,k100_default,0.3418990773907567,8472.028963625731,0.4589726873123439,0.23426608289862516,0.32747837723611567,0.941,0.8266798786328651,20260825,0.2393053259215427,0.7261407782869459,default,20260825,True,True,8344.187996751865,0.33612054575865863,0.23470684064433503,0.7926732435016371,100,0.945,0.8371532055075123,0.4162321984767914,0.799034907885888,0.01
75,0.14594035511096085,0.013333333333333334,0.24563744545070582,242.71341869991738,8523.811713396306,10,k75_sparse-words,0.34638655500183946,8385.522234554257,0.470817464631444,0.2211060266850341,0.3437331391532068,0.9231111111111111,0.7920284479858631,20260825,0.2280135942720175,0.6290505816698153,sparse-words,20260825,False,True,8098.5488017467205,0.34024068886293213,0.22648193952982018,0.8359822804429166,75,0.936,0.7961372379309144,0.4187370538711548,0.8428563351440117,0.01
75,,0.013333333333333334,,216.84111380006652,8359.60232661966,10,k75_default,0.34662514570098324,,0.47037034630547464,,,,,,0.22925708329967198,0.6210777655826859,default,20260825,False,False,,,,,75,0.9293333333333333,0.7931424689664961,,0.8423671895699987,0.013333333333333334
20,0.20260606921693647,0.05,0.5527134319987617,177.48714530002326,6594.861862115147,10,k20_default,0.4728461566367396,6401.484158510465,0.48473195253332635,0.20508655053544378,0.47063608691495723,0.9266666666666667,0.7320546572334351,20260826,0.19955824930852087,0.5811901087513827,default,20260825,True,True,6467.231423164459,0.4694003201342774,0.20301582269302684,0.9238258855617094,20,0.935,0.7211756071696481,0.5341601371765137,0.9149237179288486,0.05
60,0.22481264534476494,0.016666666666666666,0.4668643477901916,194.84986940003,7887.323700757628,10,k60_default,0.37851290212933836,7771.019976567073,0.4641670414666056,0.21895596998613273,0.368730369917952,0.9311111111111111,0.7896109777996623,20260825,0.2192898224915947,0.5739046040579425,default,20260825,True,True,7585.55769238495,0.37475923008904255,0.21957838264890747,0.8199143326321173,60,0.9266666666666666,0.7711801154343537,0.4245675603548686,0.8313706973666932,0.016666666666666666
30,0.2020411832135798,0.03333333333333333,0.4331457300512871,184.9368034999352,6945.915993056205,10,k30_default,0.4365631270510208,6839.917534586176,0.4733938940062269,0.20815459918736579,0.4276101366705664,0.9166666666666666,0.7427633138838049,20260827,0.2139792115069234,0.5653109871742709,default,20260825,False,True,6887.293918956423,0.41846754730218116,0.20157742217249,0.9098859315538084,30,0.9133333333333333,0.7366825175146536,0.4995080331961314,0.8860222507669518,0.03333333333333333
60,0.22051347866148927,0.016666666666666666,0.42879333354427507,227.36181469995063,8212.551339705487,10,k60_sparse-words,0.3774619972297348,8014.904050186934,0.4652571886969731,0.2183272394446968,0.36774210735016566,0.931111111111111,0.7874524987220252,20260825,0.21920794790603992,0.5528365352770408,sparse-words,20260825,False,True,7805.538893979868,0.3732863389063958,0.21903183199660364,0.822833918590239,60,0.925,0.770141405056828,0.4232831597328186,0.8328351566759178,0.01
50,,0.02,,186.8995317000663,7786.042303433886,10,k50_default,0.39310391938529665,,0.46710154407130633,,,,,,0.21267640682087255,0.5444374970864178,default,20260825,False,False,,,,,50,0.924,0.7624435850834586,,0.856086226903296,0.02
20,,0.005,,191.71665600000415,7336.851300502346,10,k20_sparse-documents,0.510541864258835,,0.39969092129858114,,,,,,0.19650336330552248,0.517077701674986,sparse-documents,20260825,False,False,,,,,20,0.925,0.718598678181744,,0.9090577921025125,0.05
75,,0.0013333333333333335,,272.75056539999787,11222.322917564596,10,k75_sparse-documents,0.3737556758571797,,0.3990651069297105,,,,,,0.22704205920601736,0.5018068840058935,sparse-documents,20260825,False,False,,,,,75,0.9333333333333333,0.7911594983086779,,0.8450534113230018,0.013333333333333334
20,,0.005,,186.2934125000611,8558.373477271758,10,k20_sparse-both,0.5056126985046832,,0.404984042452383,,,,,,0.19923207885357677,0.48983895341912903,sparse-both,20260825,False,False,,,,,20,0.93,0.7225170597918678,,0.9070918885086893,0.01
75,,0.0013333333333333335,,260.8738509999821,11477.07157753769,10,k75_sparse-both,0.3734324765629046,,0.39951219802030874,,,,,,0.22582067668734837,0.4743384790240206,sparse-both,20260825,False,False,,,,,75,0.9306666666666666,0.789378895536856,,0.844752359195328,0.01
20,,0.05,,189.59448930004146,7643.123655108995,10,k20_sparse-words,0.46803317871799216,,0.48947379926810514,,,,,,0.19488458676804254,0.4704550137939673,sparse-words,20260825,False,False,,,,,20,0.925,0.7126138638720353,,0.9156664173160343,0.01
60,,0.0016666666666666668,,229.33482139999978,10035.04649575055,10,k60_sparse-documents,0.4087710046971083,,0.3903051721869131,,,,,,0.21598239044447196,0.40771123567286055,sparse-documents,20260825,False,False,,,,,60,0.9083333333333333,0.7588046907846677,,0.8273726213982259,0.016666666666666666
12,,0.08333333333333333,,178.13856120000128,6029.183176794644,10,k12_default,0.5479433483968167,,0.4794474248998704,,,,,,0.18034355109649683,0.39999999999999997,default,20260825,False,False,,,,,12,0.8916666666666667,0.6887578616085752,,0.9397198373124763,0.08333333333333333
40,,0.025,,192.02109819999896,7374.651460511108,10,k40_default,0.41580044232944063,,0.4676840299756815,,,,,,0.19619382790514445,0.39382986267302966,default,20260825,False,False,,,,,40,0.9025,0.7296206104898715,,0.8476711827464315,0.025
40,,0.0025,,202.55486979999114,8822.656766132412,10,k40_sparse-documents,0.4481551028197069,,0.39108160663908287,,,,,,0.19396862151402203,0.38035446661286215,sparse-documents,20260825,False,False,,,,,40,0.915,0.7450966532266936,,0.8414589375145995,0.025
60,,0.0016666666666666668,,346.6103719000239,10469.522320072292,10,k60_sparse-both,0.4075661773379759,,0.39143244064988664,,,,,,0.21427646192518027,0.36554305671088516,sparse-both,20260825,False,False,,,,,60,0.905,0.7549227368148174,,0.8283099740607235,0.01
40,,0.025,,207.36900320008863,7975.04562842963,10,k40_sparse-words,0.4130920236581535,,0.47011631821400907,,,,,,0.19610438955694237,0.3549644790802229,sparse-words,20260825,False,False,,,,,40,0.9,0.7262457678802647,,0.8501991339242302,0.01
40,,0.0025,,206.755296099931,9565.176311045683,10,k40_sparse-both,0.4460790856516223,,0.3931430663200131,,,,,,0.19326658710053,0.3376341234505232,sparse-both,20260825,False,False,,,,,40,0.915,0.741059990893293,,0.8414961912213856,0.01
