distanceSpearman,fitSeconds,key,minDist,nNeighbors,neighbourRecall15,neighbourRecall50,qualityScore,seed,seedNeighbourAgreement15,selectionScore,shapeBalance,trustworthiness15
0.1882932685757908,1.415531100006774,nn10_md0p05,0.05,10,0.5384533333333333,0.544132,0.6697442576592669,20260826,,,0.7338656302184556,0.9452470403857746
0.1969995321719058,1.3754479000344872,nn10_md0p1,0.1,10,0.5536533333333333,0.557436,0.6773850484820757,20260826,,,0.7463703487507999,0.9436886531377671
0.24515656605707206,1.3640875000273809,nn15_md0p0,0.0,15,0.5534133333333333,0.574584,0.6896684586685295,20260826,,,0.7823011696008825,0.9579158154175875
0.24828504643051874,1.358690399909392,nn15_md0p05,0.05,15,0.5658133333333333,0.583592,0.6948660228802764,20260826,,,0.670682519194548,0.9556115759158798
0.21385116276876406,1.3526313999900594,nn15_md0p1,0.1,15,0.5819200000000001,0.6031799999999999,0.7003861387803927,20260826,,,0.8513045318287327,0.9567200642957605
0.28734385169377913,1.3793841000879183,nn15_md0p2,0.2,15,0.6069066666666667,0.627788,0.7222756118923035,20260826,,,0.8356208526083155,0.9627305525416918
0.2658952937342431,1.3840577999362722,nn30_md0p05,0.05,30,0.6136400000000001,0.657536,0.7318314492984127,20260826,,,0.7393754463345438,0.9766786283571094
0.2825131134995972,1.348366199992597,nn30_md0p1,0.1,30,0.6131733333333333,0.6604,0.7330002189917788,20260826,,,0.7142123402734006,0.9745092599290067
0.35444469913471555,1.3585023999912664,nn50_md0p05,0.05,50,0.6245866666666666,0.681036,0.7505503612402413,20260826,0.7745288888888889,0.7548664962169979,0.7937041507572955,0.9838433085526757
0.2932543834224727,1.34861099999398,nn50_md0p1,0.1,50,0.6260399999999999,0.674692,0.7420448173389653,20260826,0.7675555555555557,0.7466367502179516,0.7703837704911758,0.9782902257049092
